profile_id,estimation_version,n_designs,reestimation_successful,beta_satellite.mean,beta_satellite.median,beta_satellite.std,m_c.mean,m_c.median,m_c.std,m_o.mean,m_o.median,m_o.std,m_u.mean,m_u.median,m_u.std,r_o.mean,r_o.median,r_o.std,r_u.mean,r_u.median,r_u.std,mu.mean,mu.median,mu.std
f45c0401-7648-48cf-8896-db3fb7ac6658,reestimation_v2,10,1,-0.739263095281199,-0.4998875297505363,1.3129277676336015,-1.1442071522434003,-1.3540984510494578,2.821083454495248,3.9063223626860353,3.965145347163393,1.6176574298727173,0.6294107159131208,0.036012628236195,2.9980393332549973,-1.8363534996837219,-1.674179276173917,1.6433299632640108,0.3348274791538544,0.37024966684824456,0.9659401737788681,1.4192856654390142,1.3832598524167328,0.2643525374515117
842320ce-b20c-477d-b5c5-0c7a474d1390,reestimation_v2,6,1,1.918140211360926,1.7968672598591258,1.5305474636775895,-2.27515486718697,-2.393963146535386,2.964747896236148,2.08581487342264,2.1591211362592486,2.5692718834270654,2.9027255203621403,2.917743419946765,2.33808902093739,-1.0722049026692098,-1.1250433213486741,2.0484559591083813,0.27006911440047227,0.3790859794757977,1.0819363534598034,1.4875250459672245,1.5032543155828466,0.2814361190547381
00d4efd2-84c8-4440-a848-a540b305f2db,reestimation_v2,10,1,0.342304509329153,0.4029978734305975,1.3219961007498526,6.89758325271975,6.972437424676045,2.5554263860296915,8.998426258750033,9.355018190584907,2.0173283788981125,6.7910552470930385,7.375988322417971,2.1112692947838996,-0.9114882370371077,-0.7942796067373797,1.957313249544284,0.38816952166663155,0.5666499496840978,0.8337985236838297,1.21096908813393,1.095106121958403,0.22205815297720563
4e5336b3-8c33-457f-8420-d2e488bf9f9e,reestimation_v2,10,1,2.696289883137839,2.2837357473135556,1.2174864850829503,8.159217330826278,8.51950803530811,2.077108447434678,9.380183874359544,8.766579259790907,1.8112053714578944,5.162493274064103,4.825595541043929,1.6028411734392798,0.8266802861370984,1.0303093708747242,1.7937007248076566,0.5304018957961807,0.7884752360829156,0.944278628797227,1.3403887418128653,1.374282201202362,0.21162813276059295
5549d81a-da50-4fce-b40d-f3de0df48385,reestimation_v2,11,1,4.2413607344033375,4.591898878268732,1.443370586692063,5.29970391516798,4.662168361988906,2.04947803128295,8.417159446159001,7.549570227052403,2.601417964453695,7.974439549789242,8.077226118459027,1.8128807615386422,3.8330519326875243,4.053569886840145,1.6057794185747287,0.42024529196579424,0.32323578662969543,1.338587927110374,1.5568291970017518,1.577763875208924,0.27490926914029545
20c9dcb0-a667-4776-9aa3-07fa5f7a02e0,reestimation_v2,10,1,-1.4489135760756588,-1.2217295507706227,1.6130281976169987,6.409534292787825,6.333462605103009,2.4161563436289786,7.98021572320265,8.19421128684226,2.314069739124108,0.27800190070931896,0.2444855476650809,2.5140290073835008,-0.8177080016045429,-0.6173949464724705,1.6887491889255615,-0.0778205381588239,-0.05945871944004824,1.0850692060345402,1.1598740010475201,1.0567242092075346,0.22975071232275437
47ce0b25-274f-40c0-b9d5-85dfb53ba77a,reestimation_v2,10,1,2.321219150503555,2.0207368784118938,1.5784179677849537,1.2478140203172066,1.4774466734416807,3.8932076197126038,11.346811621505,11.859233229019596,1.8582671755137827,4.643533747952674,4.415816112973102,2.1025407255084794,-0.3523351590373564,-0.670421665881087,2.0430663896851797,0.7548331575517604,0.8307474138814436,0.9594504593938948,1.3712943999460432,1.3571872303689472,0.2689416252398106
2c2a2e43-1189-4fba-9d75-07f7b5b44a2f,reestimation_v2,10,1,0.2656453305419189,0.24329212885962193,1.329470369081325,-0.5933858180200524,-0.3707117651703451,1.6288718115838285,-0.9161483053189142,-1.0738500219025857,1.2890245119668544,1.9918160360825197,1.8011516452720586,3.3744230230432786,-1.9773842047363668,-1.9491317143471427,2.012035337346709,0.29891714763267135,0.42037488212862034,1.2417432683556875,1.537941914604656,1.5610895939732734,0.3132747859443424
9bba1308-e4cc-4062-956c-0f50dbbafb16,reestimation_v2,10,1,-2.6176416147295933,-2.8303864223479547,1.2336806929698092,2.47537207867911,2.738071679062849,1.5934797895473467,1.2458741203177819,1.3407307880507755,1.3675208482514636,0.37440842224611953,-0.02218736397938237,2.7359001571666797,-0.5912193382659446,-0.10313727604644718,2.358318499946152,-0.10578150000508185,-0.10273743333632329,1.1142039245639048,1.346833311552335,1.2703842235461447,0.22572146096441942
9bbe4d77-a18e-4058-b6f1-fada3387d1e9,reestimation_v2,10,1,1.223662468231643,1.0983400844264317,1.090108977208895,3.0463047937593806,3.007001862844276,1.2030109363352903,4.120814389172783,4.201203571912416,1.7028808668644055,-0.5177883042052317,-0.5697125281855457,2.5015220199580357,-0.7453586474076587,-0.9836389158982983,1.64230765784573,-0.2158353754627804,-0.48561223384290425,1.0572816454569776,1.3669726888767468,1.293335445844201,0.2546344212009293
53ec9287-f911-4f37-b1ad-e72dbfa2c32e,reestimation_v2,10,1,1.6413805243051645,1.3666059222157427,1.2631510750698298,-1.3014822423426096,-0.8934950231238323,1.5533075616020933,1.2460517060446985,1.0316956796491303,2.070516408198493,0.151891235881973,0.03574827532365865,3.234692914254654,-1.2950898681829779,-1.0584272667857182,2.132030734131594,0.47299259328404386,0.4859057512942629,1.005582836333669,1.529966708691718,1.5913558944576187,0.27835300969297516
b89a6120-3d13-48e1-b87d-39d8f455444b,reestimation_v2,10,1,1.8651511949675639,1.7741613995696675,1.2981900286615806,4.797542331251012,4.670480192322765,2.097856583427832,7.643614496776175,7.7511258774421865,1.1057626470252393,-0.26508646791679885,-0.018217709711336516,1.9694374567060444,-1.106253493237297,-1.0681654664328928,2.0682572245110267,0.1018441022642041,0.16026884094471527,0.9837703966191931,1.4293194030559193,1.371230584555068,0.30303974247193055
92fae2c8-b637-4faa-9354-fa2feb5ed614,reestimation_v2,2,1,1.0530537564243632,0.9932585446427972,1.6942306181635969,0.3954073543908943,-0.17177744391272443,4.124568759883015,4.102849766105366,4.283663897590352,2.2916263436754747,0.7753984864918481,0.7423002488714756,3.079872242271006,0.3801284758660675,0.322128880804635,1.8175714453452565,0.04905365185909289,0.08617935348995887,1.003554405811154,1.5203843514620228,1.5187595089952393,0.2992092351522306
fb4c9dc2-20ad-4807-94aa-5d1034c4b861,reestimation_v2,10,1,2.8560408057653155,2.1855985169883154,1.7435255890347934,1.0652876447720872,0.8571033811159687,2.637779042041203,1.0002516653791138,0.9219752500697935,2.4689324559815424,5.960790807986038,6.628761634560915,1.598377141922883,-1.1372058993467378,-1.3374532659616185,1.5619602253890295,0.6835343098219065,0.4734410794300068,0.9039021745872158,1.436232069164721,1.4233818089198491,0.2872151652285097
48d11f9d-a3d2-461d-96a6-0168fa71d4cf,reestimation_v2,10,1,-3.6397219708597026,-3.6730027355748343,1.5938831826859634,8.024328630528712,8.23248202367718,2.7782935317730666,8.571930937252938,9.119848166533362,2.49277898379707,2.1324635118297053,2.6874382504490195,3.12363780268824,-1.1861813208843974,-0.9737321316366634,1.6276688600284877,-1.090871183145375,-1.212147331548357,1.1591834113828254,1.2662793584598675,1.198611133877315,0.2372199445626367
d0db2633-8a5c-4b95-acba-53cb2badecf3,reestimation_v2,10,1,0.7867515718873291,0.881202463403745,0.9866285927409834,2.881156181245238,3.1434153229818573,1.4251441833737903,1.9760463463811182,2.201480425639303,1.7013160601326194,3.4592976944180003,4.025280936414196,1.5781913824401306,-1.9629969345033684,-1.874555477720057,2.1266166720786384,0.2745450891480047,0.5681897864407326,1.08789787981618,1.2922586793690134,1.2302227845586953,0.22549591840603345
d0fd2764-f1fb-4b64-be7c-4c4cb6f6bd32,reestimation_v2,10,1,1.4236314261058585,1.840346073407122,1.3069430509558857,1.6205997770461464,1.750790153682462,1.4238203497222193,3.9952482392714375,3.579053723631188,1.6860538989195617,4.354283404636339,4.2607670879434885,2.289451743414337,-0.10634895976182325,-0.08589289147736878,1.67219231115526,0.7205206225451857,0.848115935847776,0.9536765852900968,1.4214671101023868,1.3840541958424515,0.24037722099132453
26cfac47-2838-4c80-9fd4-00af7491c4e6,reestimation_v2,10,1,1.130442657892354,1.440385265333013,1.5850793966044538,7.701951837290628,7.744773255928437,2.2706823210099727,9.129445033414507,9.19518640977595,1.9133288725077644,0.9445152094654179,1.4865724822498005,2.8584687830008946,0.0006686694854887491,0.04694454877724619,1.607559537218184,0.17094228107298004,-0.059440928146857974,1.0646686165532842,1.2747566329804114,1.1713896696100314,0.2734053026716357
24e03565-24f4-449b-b5f8-46fbdcd779f3,reestimation_v2,12,1,-1.770433261359942,-0.8171431217055858,1.893656781653778,3.2336145454590866,3.886420373114922,2.1848395745856943,4.9151360226358625,4.915917552934014,2.437857368921652,3.0649970029989557,2.534556236085229,2.124445348622636,-0.7663217566102776,-1.3780757322338624,2.2698510126140397,-0.46893724810544374,0.002518713611578738,1.1527603913140971,1.1291767367756858,1.0729213745213442,0.13605187457135615
2dc3a7ce-3216-4a37-97f0-2e4cbdace983,reestimation_v2,6,0,,,,,,,,,,,,,,,,,,,,,
912d1e98-5350-4c04-872b-a8ce3bb9a252,reestimation_v2,10,1,-3.097790935900346,-3.558312381781653,1.6781735117890322,2.6721882234990013,2.7260196864225223,1.3428870042985708,3.853170896268078,4.402986287001582,2.0446315728621607,5.698798213776694,5.74001365763767,1.9774007773770994,-0.6633246806288982,-0.7824778240486441,2.2606744627844537,-1.1051846756146175,-1.2929862199943836,0.674561580143306,1.227564442281218,1.235999597919811,0.20133779763417933
51c5581e-c040-412e-95b4-fbbc98975ee3,reestimation_v2,10,1,-1.734987280162477,-1.6592527279550287,1.3119841867211397,-1.9113243891106526,-2.1655264992125933,2.300463868454741,2.5960410288385947,2.5309353927981815,1.6861530496574408,0.9982859179898176,1.2113365135875895,3.217520374023101,2.227551919978439,2.5273271366400873,1.5909971733654251,-0.20097404168357175,-0.09322839370217695,0.8995441239934714,1.4509168721798156,1.4042752058605035,0.2767128912924484
585f6ceb-8085-4209-8561-68e685713c67,reestimation_v2,10,1,2.0758166522350785,2.273598605443882,1.1582226300490912,-3.061767004652843,-2.4984620782055673,2.4121880345208404,0.018517122532956093,0.07189544438815565,1.920067568047309,4.341029697928111,4.486443288135831,2.0863908005596623,-2.714740420012028,-2.640256056011166,1.799813747967477,0.4443468596106025,0.4785531739572839,1.043045435626846,1.4535970775791303,1.343761121310489,0.2875609157489493
a4b6ba9c-b090-4285-9c5b-1a9b8a3964ae,reestimation_v2,10,1,3.489563704429994,4.183516161544978,1.4898999579051344,6.933593141662766,7.494608462291238,2.246393180259506,7.514357901525858,7.402235389457432,2.235693896346868,5.369600001675503,4.845129897873706,2.3253108510958507,-0.8514763837763417,-0.785505153520808,1.9645104952299275,0.7677762605321948,0.8268541069171768,1.007505475678308,1.076676381102385,1.0350798817467457,0.09702684405511071
ccabc30f-cd16-4540-9548-7045b222557f,reestimation_v2,12,1,-1.556650071104871,-1.3416278667947115,1.5178398699813669,3.4451177964802757,3.531338462047377,1.4158918651150043,4.556859224882974,4.972242088746296,1.5361857599348276,0.2913553863896281,0.48412744223128623,3.3035738387505673,-0.6391133641683177,-0.03148074911536314,2.3464764855740157,-0.05940911943834667,-0.19069976466782412,1.0617690982063106,1.4165951094910885,1.3776337152072362,0.26109079589679346
e61a2acc-ce31-4788-996e-ffb21e394f87,reestimation_v2,10,0,,,,,,,,,,,,,,,,,,,,,
370adf0f-a0fa-4a63-a337-f89bf4187e0a,reestimation_v2,10,1,1.9154922340868572,1.7930829379537994,1.2875618823533128,2.565905277415192,2.5489317493197263,1.6372052495389118,2.1753308453563043,2.3032827921364856,1.7078956128996303,0.7229025049912964,0.4919136045842786,2.496180695543168,-1.1795355547182462,-1.4786744468904671,1.913790207258864,0.46904846474292533,0.7521580001111583,0.8827137557611328,1.3346411115069141,1.1888217199064584,0.26218833368892047
e7c334c3-f1bf-4967-bb9f-f190e87299d0,reestimation_v2,10,1,1.6374044240659855,1.476067897363925,1.3780448050786314,-2.2066355669920954,-2.030438254753463,2.6839226608403117,2.6466558146239323,3.464792694190512,2.685848807026848,4.799927564303752,5.17669991055619,1.322882486047736,-0.9655405119714912,-0.40501055547118864,2.074410945850947,0.08341742149533331,0.07451374641205398,0.800090554834351,1.4663319225272915,1.446018545338004,0.3011653149163426
ee08994d-357f-4d5c-8ca0-5a8b91f8cc41,reestimation_v2,10,1,-0.8593945401988571,-0.8042853877980762,1.3203620813964774,3.080961369663787,2.741255363556643,1.6176249194148618,6.945192141163267,6.961502580856852,2.139922223002392,0.29441866638692654,0.3862331440771314,2.4665432613207954,1.5976036401139726,1.9883351566624234,1.7634288161668157,0.2134586875047476,0.018145404771554297,1.0632635742696872,1.4860364182495078,1.5055902987610377,0.30440120480410077
9bf85736-0edb-46ad-81b0-c09bae30998b,reestimation_v2,11,1,-2.548432600618144,-2.470762902086726,1.3186822284696909,2.7212430891222588,2.828236996048181,1.465231726449264,-0.44902283625135914,-0.013305221914532428,1.6454374279947437,3.7562471861232365,3.48729901380947,2.9520414454300337,1.3772497936859942,1.5787933394413625,1.5479094994248033,-0.8522096376399948,-0.9873025905048469,1.1326457163637125,1.3746489077452746,1.289488378670573,0.2790622979660487
9a1edec7-1f78-43fd-b828-ef4c9866b84d,reestimation_v2,11,1,0.4552923429749204,0.32084829060763015,1.3750635114963667,1.0004538047048828,0.9919406839826246,2.299976924829882,4.170528397071856,3.9233325968508086,2.288000688291971,0.597460633896754,0.7120279649969372,2.4247626328045766,-2.9089463240344804,-2.837286754691155,1.6973562819523245,0.05353344483704043,0.1708558387700656,0.9952189747400036,1.2695597388903748,1.2796971739426093,0.20561307275784538
76b924ed-5b9c-4e8d-b3b3-9b0d073bd554,reestimation_v2,10,1,-1.3420184133567932,-1.689846489222374,1.2811583329912628,6.209938050293604,6.278866634370987,2.09607819258368,7.573641706078424,7.456473942100297,1.7671635754267612,-0.16248215638861016,-0.17525277144528095,3.1475538926444497,-0.547988242350643,-0.8097288946061649,1.319817854171352,-0.13237936120859872,0.16677181545708364,1.0592671768040685,1.2583071780346584,1.159976337216468,0.25762635929467576
5b0625a1-3f0c-4081-9c03-78f81f42cd1c,reestimation_v2,10,1,1.6299295288129985,1.6123660116476648,1.3048870736008285,-2.305346576721285,-2.187357537782188,2.45872945569798,2.5818388724315926,2.966633888674967,1.524482133009416,0.8481412884045662,0.6958074482909735,2.974931019475304,0.003884400404174039,-0.22313503165585868,1.3934200809739838,-0.032591484563873535,-0.22558097055560167,0.878848305326998,1.4578031355857468,1.4879398052966153,0.2957746871986604
d1e09b9a-5db6-4e36-8fa6-8f59748a9fc4,reestimation_v2,10,1,-0.7416030801785166,-0.4971284500164678,1.0854319590039831,-2.5158711819866033,-1.7147094354022263,2.572873042849751,1.5434688528419593,1.4844503403791076,1.3212874083243293,1.2688582205114622,1.1925753631405436,2.9393659035094393,0.3122597926651875,0.16506488178933473,1.5027380014774783,0.009755767020455471,-0.07232112493436782,0.954910357754252,1.5650578607004477,1.5837550153453634,0.2815984343658656
0cc4537d-b204-4498-963a-743ea7c04c51,reestimation_v2,10,1,-0.2813927325197214,-0.0924317303730634,1.1025860548548416,1.2556424319621426,1.4943898205977906,1.4389474434001142,3.3781004597016278,3.9402777184361217,2.0289151305874475,4.422609211378009,4.957130307886429,1.8233266549753278,-0.5903240607349031,-0.46944584955254065,1.718062578866169,-0.5043592569956552,-0.5562951163238878,1.040957076306878,1.2768703052734602,1.245435625594209,0.2195393879033492
7cc0ec2c-ec61-44a8-8bc6-96cbc78e0648,reestimation_v2,10,1,5.547867329144274,5.592617748360815,1.3473021611019025,6.241110315980608,6.5971947385594465,2.0020219507219026,6.8506092694638765,6.778036589512131,2.0128964141413603,5.30038357989144,5.229218802285231,1.708155234290418,-0.7515490244724866,-0.7580123401863093,2.056561273741327,1.185067493131881,1.06752924381057,0.9758772482254989,1.3784339042116591,1.337944751944585,0.29118788665930995
b8cc1b98-19e1-4920-923c-4c11f9e8d45f,reestimation_v2,10,1,1.610474401600671,1.5770962619561761,1.438535252513993,4.867308826761735,5.651581984738744,2.077435912690781,6.620271346319167,7.107106380418682,1.5392998578674755,5.240332054046473,5.163037251378604,2.146283270183154,-2.2950304545011613,-2.5280510974453705,1.4314467589747406,0.4216665858201206,0.6367531437914834,1.1847084762649995,1.3044369331089924,1.2721963362328506,0.24715063309918112
67d800ee-235b-4d5d-8642-08564694d385,reestimation_v2,10,1,1.4251560570730424,1.5208550410027186,1.2251966065905866,10.145063428020134,9.751648560955397,1.599961547967005,9.248937660035043,10.057949590373712,2.3488918746441145,7.778743600763605,8.175415164171795,1.6376815813844596,-1.1208373723366944,-1.3886936333440296,1.7649584285276623,1.9857718934200814,2.1166915778281292,0.7677836042851761,1.2126012190478488,1.147322233631923,0.1918597213148079
3ed5cf71-c962-4b81-99e1-449e08f8c388,reestimation_v2,11,1,1.078898003612595,0.9561980137156636,1.1741205811223012,2.753862721348359,3.1261218049054396,1.5409798348099886,2.2728155430313244,2.1017121838564505,1.4938129188119296,2.528740080477314,2.675061335041228,1.6018506571548106,-1.843797414957251,-1.4611275545248528,1.7224336359543253,-0.026857277754428675,-0.11303318751174807,0.9388858152542852,1.3977169118143935,1.3323759128822308,0.32074808354113427
1a0c7d8c-dfad-4b55-87e1-c7df5010ca46,reestimation_v2,10,1,0.5526324111670037,0.37344287368993045,1.2991468482364545,-2.383940965910545,-1.6145653150481154,2.8829456659671044,0.16010778386946486,-0.21969287449418173,1.6037201387889435,1.3249186339673158,1.483517435917576,2.4324445786904683,-1.246290064439236,-1.1099227348560725,1.8936488149388189,-0.30208809851786594,-0.5017618584867697,0.8494159298874158,1.473758137370644,1.4114870258998087,0.29171563349296903
fc8a6052-b792-4923-a152-1ef2d9c4f20d,reestimation_v2,10,1,-1.6222305853259154,-1.6554648593955932,1.4648197162236871,-2.420454957794095,-2.1334165176831235,2.5978859726700887,1.3198353139712178,1.5983728410645481,2.040035793461786,1.3100110459511072,1.379088866071414,3.1579881238937286,-1.866807396245503,-1.7383799601206085,1.7383790719568928,-0.10677742519304925,-0.25791190068292635,0.9413607871026999,1.5490684051362866,1.6128449552454045,0.30725720921034927
0bbebffc-2279-4da3-9efc-8173cf0cf68d,reestimation_v2,6,0,,,,,,,,,,,,,,,,,,,,,
db944349-3193-4be0-89ba-441058ce4886,reestimation_v2,10,1,2.048031943348811,1.9100155356424862,1.4102889398939544,0.3736329626455973,0.33361395090297197,1.6247996499281179,-1.8648083634761272,-2.2881049570412677,1.5359008687898381,-0.6375289187443757,-0.38013491460475013,1.942695135031262,0.8958100603920323,1.3020743401678991,1.6771828381267422,1.0700762494890381,1.035413150034284,1.0962214389484546,1.5221143659599399,1.6054797847843332,0.23989643686401144
ba90ec37-108f-4b11-9aec-ab7cd216c86f,reestimation_v2,10,1,1.8117078381719265,1.51857860898151,1.5925724326603012,8.20860938725716,7.980753288906669,2.7732378353978806,10.613563193045911,10.64450315082249,2.5450687166479553,3.8957612754767297,3.575305309466836,2.802739358336334,-0.7337475838676685,-1.0681303593039928,1.8962726965461987,0.0005109968081312786,-0.264296141280038,1.0825855194631884,1.251236636631388,1.2204975359594123,0.1856597032882456
13221477-8b47-4719-879b-610e1b7c9974,reestimation_v2,10,1,7.731431530281437,7.309009420952775,1.2507870089279256,9.338552428581751,8.927909405555422,2.0445510939640332,11.603334338473928,11.10806039982426,1.581542413325127,11.8935634535717,12.740902980142266,2.533017549608338,2.3415604018933234,2.2025949163225125,1.8255907600437074,0.4000085683129531,0.1956370142388505,0.8209483853581812,1.2056850918241047,1.1550093578196021,0.1759011271971809
dee07454-a05a-447f-af8f-1111a5ad1d48,reestimation_v2,10,1,0.5113291489272247,0.4804873139906072,1.4462321771262994,6.494899822766887,6.8163925796322085,2.291132172508499,6.88155227799504,7.095733950141197,1.8438405471413635,1.310266553263311,1.1970253269943543,2.8373018299351296,-2.413981464217702,-2.215241984698416,1.3986219369458224,0.003095393967567804,0.05707912973217582,1.0199869663207222,1.1327813527280024,1.0815844351421162,0.13828108759580215
bd6b89d5-ddbf-4045-982a-60d4a533ccc9,reestimation_v2,10,1,-3.2413122967098107,-3.3796517795972463,1.3626997798934382,3.041294413285974,2.810126723011797,1.814988802559915,3.084086696662572,3.2036289333386705,1.125874167177797,2.1532415643318936,2.4241930718102953,3.287646426205949,-1.072449520741703,-1.3049852084553732,2.268395648136168,-0.32530662186770387,-0.34233291158591217,1.203112559401048,1.2390101431118044,1.1489233048419352,0.183929000900055
845c057e-4cd8-4006-9319-7f0757fd1f5f,reestimation_v2,10,1,-2.121679640246758,-2.096749061954328,1.401850673754697,-2.720801664100022,-2.4496938497108807,2.790654985951816,-0.02689006002440507,-0.048151357720585874,1.948120646951337,-2.235655538018992,-1.9025072347218515,1.9179484014838755,-0.8677288682898292,-0.8287584803083949,2.0820257400186524,-0.30173559150283763,-0.3202996907166481,0.9715271505007242,1.6057589368864393,1.6457201196475708,0.24493800100548646
0a1b6c45-c066-44cb-80fe-3dc41f09192a,reestimation_v2,10,1,1.8654173803286191,1.367759397634716,1.5158890172808286,8.954465372456022,9.055907498906878,1.8003797698037063,11.153011228512458,11.103566109542198,2.2700671801649563,2.763253144766394,2.6072615894598226,3.4123492276210214,2.097180544283513,2.5402939925379795,1.5283497753783912,-0.32447301315497773,-0.3762391728591514,0.9714749315874857,1.3119993105628427,1.2086445659947795,0.2627872478205548
78cfb40d-bb36-471c-a96a-41d8439bdcfc,reestimation_v2,10,1,0.9654688696257874,0.9013346128052463,0.9646944644269032,2.4931892920963383,3.0650420719247844,1.6280592354325754,1.2478966849978492,1.3108567497736214,1.1901569350092516,3.8316059600927272,3.50580115504612,1.9323896505975855,-0.33578959891135923,-0.525097854994435,1.3190395838574052,0.18758396742482067,0.12562463039678207,1.1809638516935208,1.436298658580067,1.450459917967236,0.20975956386555572
449da619-4726-46f7-b1da-c316f13034c0,reestimation_v2,10,1,0.3236879968365105,0.3998550666760723,1.2010478988187783,-0.5149800499692797,-0.46803894717829464,3.87528327108621,5.585858844213693,5.702494018193432,1.60058007135151,0.5276046979277753,0.6746911747118904,2.814973599479721,-2.8298295704667966,-2.8890829625369747,1.6782950991135435,0.05067314713089927,-0.01514028904870788,0.9699443956928852,1.3934841240489133,1.403027431160493,0.268774170987829
2f24226f-72fc-4e15-8182-be7c6c72004b,reestimation_v2,10,1,-2.710287100234896,-2.822830379631366,1.3682415432727393,-2.4380181134887366,-2.0097208878881303,3.182024036465496,2.433195599744369,2.6502551484463464,2.022989485338682,0.6444867047870236,0.11119841079080173,1.210239730293426,1.552091343589804,2.22184420727922,1.7247171436277475,-0.7837343859258168,-0.7503025827139886,0.7548281953658686,1.5878577762827673,1.574260361726778,0.20567483341010107
c18d95b1-9a65-4038-ab13-54fc2f190d34,reestimation_v2,10,1,-0.923043431860242,-1.3237510760350482,1.3299856229211742,0.3155137606362496,-0.02569023390911651,1.6974111727857377,1.7581869184150427,1.766554269334607,1.3757785194716359,1.0693307163432226,0.3626063275417657,2.4942530371607785,0.020077764546597352,0.34807313895156977,1.5539709191918292,0.4819763101851996,0.5556097373189007,0.8829209897315514,1.3056700618180244,1.1931439493255638,0.19833212089110472
0e7464db-0a01-4649-a3d4-12a775439d15,reestimation_v2,1,1,1.297890245266641,1.1786533210832923,1.502721116895813,0.9471181626502646,0.7400082686049236,4.103240250292681,0.9294127432461211,0.863000723428206,3.011066147706403,1.0468218848420983,1.026849321748726,2.9929177029716443,-0.9248620282256479,-0.8647170681551637,2.114982061668913,-0.017813894258408902,-0.04347012512526205,0.9409461288447598,1.5132065437099282,1.5385481868744948,0.2925851816225162
a3de69e9-4d92-411c-bd69-9c1cbce743db,reestimation_v2,10,1,2.399484798569873,2.460360308431498,1.4789663409286804,3.5795446254813346,3.636469706163645,1.5655837706549824,5.586941044528366,5.735461496207902,1.8124283508783197,4.699770406860326,4.5918864164047095,2.452474238211944,-0.7116218863572115,-0.25222251644712285,1.7211978422769565,0.23955334131771602,0.22871983325882006,1.0047873976677733,1.4847048189541376,1.573530229681288,0.2586742009243185
26a3654f-b332-4b09-add0-711d9511b8fd,reestimation_v2,11,1,-0.6771329962988221,-0.44233897859696253,1.2103605063695175,1.0169986663319943,0.9955168987743743,1.5176259899212277,2.4679177384530337,2.3494031909160693,2.043949697001588,1.050230170822083,0.9436232793334713,2.778221246096949,-2.0354603389052346,-1.8812922021749743,1.8668014110024194,0.00519225246024605,0.22915837196141475,1.2696852554339844,1.3611148075350612,1.231956831604409,0.291300513053705
cd4ee6b5-e984-4a8d-b64d-acdc677707e8,reestimation_v2,10,1,3.7413282775841354,3.401411810428972,1.4842605756927871,5.793389732197241,5.384453744057786,1.5702505795358828,4.176241790521313,4.055410785312256,1.280613825833896,-0.1698000253795596,0.04979364887401261,2.8298930943926073,-1.6248351469310445,-2.007482880928916,1.4804663423058466,0.7557416971743758,0.42714973754710234,1.0217208557428266,1.3493559350455078,1.3460035198580773,0.2898882549850739
33d16079-38cf-46f8-a37a-8c3d2f35605d,reestimation_v2,10,1,2.592873858098841,2.16415010398196,1.643920810398024,-0.6488926747957107,-0.7606683998060391,2.6751552263514724,6.496830349762267,6.670464411624352,2.420410183031341,1.5374398888345693,1.374204595073306,1.6087440675257403,-0.6936252190772791,-0.48159822155351173,1.9582463430590948,0.771878325192717,0.8277064626219683,0.8850131393489539,1.1606637157714892,1.134705824961255,0.14320483419922925
40278b06-2d69-491b-bd5d-f9dfbdc249fd,reestimation_v2,11,1,-1.1324135576759264,-1.2506857454642164,1.149597618951091,0.49615736894945894,0.34907106188312165,1.736566246445717,-1.7089599302931346,-1.7988753541274978,0.8780828187701518,0.7817098649764158,0.6927187489757614,3.0202168937577127,1.553146357341675,1.1304058511231325,1.5421781843266407,0.11517069268791272,0.019409110138024765,0.8866426742570521,1.5877909193334006,1.5914571481398145,0.2652610346632141
bfb4efcd-cf6c-4f64-98fc-391f921d02d3,reestimation_v2,11,1,9.324795484891263,9.391345205568758,1.6987014902698083,9.115290945065002,9.012596092582593,2.8937223755369925,8.749619957482693,8.66027727858987,1.9313803900583415,8.815500314185641,8.773371464884793,1.918705230035262,3.260140013044241,2.8016499635011987,1.8647173563169703,1.3479357974401347,1.4200640612906954,0.775781072218864,1.3819294920879857,1.398420111135291,0.24529846986611287
08659976-1666-49e8-8ed4-159bb0dc1586,reestimation_v2,10,1,3.510760267905268,3.0467472770928277,1.7534684395813842,11.711233784146613,11.248618564998097,2.3706004175358264,4.926891095740184,5.39208026195592,2.255496535283697,6.151442631044556,6.2019600379497355,2.3777079543376214,-1.549930211804877,-1.2851352899671518,1.861047629373727,1.2885280912276078,1.175904551882293,0.8735057857960931,1.1718916680990628,1.1418181913048022,0.1498780424373453
fb0619b4-f217-4f6b-901a-8e7a1cef5b6e,reestimation_v2,10,1,3.1516317797397293,3.073711832458441,1.4766136656824864,4.275556028149276,3.9235238578683913,2.0136518405347026,5.2999013128765755,5.085047750328603,2.0855553934068665,7.413225487943164,7.751456992658209,1.7140000907540716,-1.5226405927964115,-1.6159983421914612,2.0481871579379387,0.04244472603797806,0.11538741534739438,1.1019478816677744,1.5004458963720888,1.5322505616580357,0.2687156118490086
4ebf35d4-570f-49c9-a2ff-ed756f011cd2,reestimation_v2,9,1,1.100793249999343,0.6146367807694892,1.2816960522637693,-1.6242653376865122,-1.409138716760197,2.5155074611692236,0.8394881319647466,0.7885712501604201,1.268895008963633,1.6496643880722706,1.6109113960870447,2.5814635404298616,-0.7141629385433346,-0.3469796640679986,1.7818358414581517,-0.056396503898318996,-0.12206410181125982,1.0473249861479084,1.5428880269115839,1.5752691423841687,0.2406531546401846
b80cfd5a-1c99-4fc0-8203-a3399e7ef4a0,reestimation_v2,10,1,-0.008897793152195918,-0.21638447052714715,1.0300550166982465,4.717067445381053,4.116480021776678,2.2350977153067118,1.1771616327272207,0.7140238421203493,1.5881337326826677,0.7300871582506868,1.6914960129615437,3.0566065519348657,0.0600501828815298,0.13840038165256496,1.8320237171511125,-0.11470580722929562,-0.044953544890118824,0.956767802933298,1.4031836886431148,1.3148207646997885,0.33820200108258464
d7fa676d-7049-40a8-afbc-5c80023612fd,reestimation_v2,10,1,-2.408308583605526,-2.679367552643421,1.4687733178805678,5.424104023543379,6.190189334969668,2.3404683587476045,6.060935550673973,6.5660773679569155,2.264715590443393,2.807295596775736,2.228634200738793,2.492952327914303,-0.6778288473513381,-0.4727624168340194,1.9776474054531323,-0.16071166275191845,-0.0281378493164893,0.7879823265532433,1.1688596028171043,1.1238219186623888,0.15861341286272096
b9533b33-5964-4deb-9463-94d1792d1c97,reestimation_v2,10,1,1.9494417139610902,1.9273421145921659,1.262966770730383,-0.3069187734196214,0.24484576423326154,3.1518432932248683,4.894527651573553,5.1477516218279895,1.2006945125955604,0.7111353254761665,0.5493626542526937,3.2971925117243024,-3.2135589577085133,-3.4163660446000934,1.6135003019773704,0.924098015429642,0.92558038867781,1.0042685065204155,1.4506196980025021,1.4048007093206942,0.31849334188545153
71e4de6a-af85-411a-a739-76b6b071e264,reestimation_v2,2,1,-0.9228324776863077,-0.9580745682055309,1.795281902141312,-0.4504575051662441,-0.2087911154029909,3.3935629171222077,0.6407390246033846,0.9067946278864767,2.73064645870914,0.9476403995891136,0.9316905980889717,3.0749775032171374,-1.0001327720642506,-1.0400301991348007,2.0853429408971693,-0.18884319380420958,-0.13343093143295892,0.9694706220962958,1.5253682843279563,1.554693228547155,0.2955807065302667
7ff47169-f193-4456-9b48-356640720f69,reestimation_v2,10,1,-0.9475783223603146,-0.8433977265598289,1.1994087664170239,-2.5685950374119093,-2.682843312273382,2.6460934674791274,0.8324720113012065,0.935542401547887,1.2918357316350555,0.7404979388656635,1.25049532565733,3.126722344155198,1.8238592699302736,1.7616060096445472,1.3864424589742732,-0.45650236312195885,-0.6042204042479867,0.9301966346452121,1.5167707587808221,1.48570160889135,0.30134603288749506
2d96637d-ae53-45e8-aea5-0be3f2b8de34,reestimation_v2,10,1,1.1383531915149454,1.0503343951356352,1.4581576923803896,1.5328283774180445,2.046101225907919,2.151883068119055,0.30359379941537545,0.2521191398668785,1.5510780542361298,2.297465549684897,2.318104216723828,2.8444342722349534,-1.3409524858893693,-1.4182603274568812,2.053267443731112,-0.11627521633814418,-0.24132051922270614,1.0773520907745946,1.2501524718983335,1.1833492054207808,0.1956882819729478
7b739d90-eb21-429b-849b-633cc47281f1,reestimation_v2,6,0,,,,,,,,,,,,,,,,,,,,,
29a4aeca-70e1-4236-a986-9d81fab2b520,reestimation_v2,10,1,0.7602947491320521,0.821160445203034,1.0493993441314382,-2.101532463724729,-1.7329398690538274,2.3268060920757114,1.9231130801114042,1.9469497502594892,1.7727041708987121,1.5117172998798896,1.8502972558938855,2.894330679523958,-1.9211141250311907,-2.061221244583315,1.6573423910048646,0.0661672428089617,0.21201304244892655,0.9578400783365881,1.5807903346046972,1.56046225837286,0.26607873284091366
c13cd43d-dff7-4eed-965f-39c79e0d7c85,reestimation_v2,10,1,0.7360200431590803,0.8617918799967783,2.126246508627568,6.2877909639654925,6.5504415168374415,2.198057075788324,9.6179915989977,9.774946130657712,2.1940683835675814,13.519517085219972,13.631622405265418,1.6540894173302974,-0.45751027740243444,-0.4274980428754048,2.25926398479731,-0.1923568802317899,-0.37518836582499593,1.0382382118744315,1.2240102252756504,1.160201319216562,0.18431019561782988
76aba6e2-40e7-41fd-bd7a-b60c6f27e66b,reestimation_v2,10,1,4.203776694064501,4.063648165017089,1.2041858577952702,4.55923382676274,4.470268764538494,1.3134632358574443,6.544563243902543,6.406766147054228,1.6399536179143948,2.7664536160823148,2.597737489427959,1.7494296780141525,-0.026000907787900998,-0.19538807985504075,1.4042430355422164,0.12147317049872261,0.10239147059149079,0.7102475783104654,1.481944024893249,1.5648932934557833,0.2946923617573835
e7011460-4a54-4c90-8c5d-74d933065de0,reestimation_v2,10,1,0.9731543995637745,0.9127158197477945,1.5366180011591115,2.9476830912405734,3.0342942866315745,1.4907431977761507,3.779027890843705,4.016350328557567,1.7370360007135723,-1.5662839387722083,-1.3099107366500955,2.2249000101718086,-0.7253135092997752,-0.7006838108632456,2.2004160958888064,-0.06498878783072477,-0.0338264579664862,1.1041077428802961,1.4407799310360279,1.4504906017837158,0.2502232338084666
d2d8f8ea-d615-4ac3-9d5b-83b0262cdf5f,reestimation_v2,3,1,1.160447806859813,1.280729370014339,1.4058880407918593,3.27155881569439,2.814246449566737,1.7510967932163113,4.803533227077963,4.956988588079519,2.1867164350697794,0.9591654661285279,0.5402103495872828,2.9570278489145383,-1.339705699576536,-1.7488798893627286,2.0371103337302805,-0.08943254464063789,-0.0008131077485198368,1.039437819349895,1.472231855930049,1.4494789904362064,0.2883274963038516
6ab7a2cc-7e38-4dd7-8258-5588d8d82737,reestimation_v2,10,1,1.54956214807558,1.4937193629280145,1.5026240454427642,10.703381757009453,10.522831417992196,2.092696310517422,-1.8877665079551058,-1.8718862712722155,2.611785635817531,5.6897080439248136,5.957787076303077,2.3586191947947768,-2.471478418248589,-2.217201032008565,2.235209393469506,0.7679111340577801,0.6940183227737466,1.183591229704719,1.4814330555962278,1.4269124160899662,0.28660211693450277
1bf68a8c-6726-4b60-afc8-dbda28bc1b73,reestimation_v2,1,1,-0.6080948308259545,-0.680794595470108,1.882951901920745,1.0622373731657346,1.184114289761887,4.126665538661411,0.926589696969933,0.722140326466592,3.0241071928822505,-0.03764530679765264,-0.18509904046466108,2.572411401577959,-0.9170470518019638,-0.930773993447789,1.9039830319082907,-0.20357368208560192,-0.22657893240046645,0.9370681296369123,1.4712468213831722,1.483284290925128,0.2840544900179887
adc11f6f-a2b1-49df-8aec-7e4d4a073fa8,reestimation_v2,10,1,0.11846336894579176,0.002971688797093197,1.2797433175400765,3.3867931629796773,3.5075728509258095,1.8449873973035698,5.249322992319089,6.280023620331788,2.6399115272611056,6.233854923812726,5.947441446344831,1.4392020777454195,-1.3395014988475924,-1.6350441792223873,1.9758721407954913,0.7213665386143082,0.833041067235449,0.9517924119989243,1.311784088415616,1.169878144458836,0.27359358961830743
4052905b-e4c0-4fdb-80ac-40bcf1492c86,reestimation_v2,10,1,-2.8061432093868395,-2.7106086387466926,1.3302681739197963,4.096150931143171,4.268349815442727,1.0916634169640334,4.327856452028664,4.3810627905638455,1.7682609112484948,1.2204896506545642,1.2124879469449024,3.2633532057316517,-2.8061696200578203,-3.0390667048532656,2.141288915104366,-0.20115337169972816,-0.1798888104113603,0.8105326006687689,1.46032325881451,1.370905422446761,0.26444397664545
084e7114-488c-4e37-8a6b-778f472cbf19,reestimation_v2,10,1,1.8481583633507914,1.7605731529791417,1.6572223623684084,-1.853766944467667,-1.9349102220111671,3.334145181097004,1.9788460395243908,1.865486889728671,1.927988032550754,4.00642679769952,4.124245259617589,2.52968807844591,-1.9554610757853124,-1.703435462175696,2.0798335953778504,0.440355462838259,0.3732148524068501,1.0620467938047242,1.3626426503170639,1.3505205790291077,0.23030679609125104
f1c8151d-e363-46f8-920c-2dcec7a6e35b,reestimation_v2,10,1,0.6261735122344404,0.7565424051916252,1.2776064543972323,-2.4683357505503065,-2.2447575543288534,2.8181602900790197,1.591663268420226,1.2731504152601567,1.8171076842013811,1.0505948137174574,0.45865263268230794,3.3324321899797167,-2.832060036521264,-2.9267644833906705,1.4379722654160876,0.08749662667654123,0.19439815765667806,0.9608584320820738,1.4989802695184165,1.4844332456178466,0.2870081447523691
203aea3b-e98e-4fc0-adb0-01a02cd91745,reestimation_v2,2,1,-0.8888802484439031,-0.9017554950302613,1.7876070323318674,0.19130119923925226,0.17152169443605025,3.5822790973305474,0.5516030406362035,0.8006360200278952,3.258584147316376,-0.06892349830311949,0.30636197088136474,2.53419568996984,-0.9512890128838665,-0.8223174885679345,2.103854054167215,-0.16147982818084236,-0.11912215197340464,0.9366741851917353,1.4791597591991805,1.4770975533457744,0.2769339888366268
cf3d2f68-b6a8-4204-a624-a7f0619bc7cc,reestimation_v2,10,1,0.7709489605685359,0.6591874560770528,1.0893676807473403,-3.837512710519674,-3.4522847448015397,2.4979110397272595,-0.407964954645154,-0.5204924363066757,1.7803477518169917,3.031023730540497,2.9146588033069136,2.3771708469129886,-0.9854345477682056,-0.9943816552582131,2.1408413421487364,-0.29891585539447635,-0.26524739991780444,0.9022727447731054,1.557859302637857,1.5129451267092682,0.3047706639617043
6355be17-e073-4e1d-bcb4-00e1cbb9eea8,reestimation_v2,10,1,1.8319740719376445,2.104657912922284,1.2914233170932277,3.5623301721431155,3.4547058617026565,1.6711157094185443,4.477297863052089,3.578934136485219,1.909351961329579,5.181001965919435,5.185993669045457,1.5563326466218768,-0.5822547721049648,0.12303244497807819,2.1596828162064714,0.33860268565457563,0.5654970180189356,0.9197359799642243,1.5594270111097353,1.52099834981586,0.29139559148394534
c36f6da8-c531-43bf-a943-e5c8db8bb268,reestimation_v2,2,1,1.1211851748019483,1.14092182172374,1.5517111856354397,12.080842628065767,12.043736781816406,1.9695065070108932,1.0076914957477774,1.6563495112820288,3.0850921544602135,0.4660195342846392,0.4591555323668971,3.484734277983539,-0.5865239432258337,-0.49531213858578826,2.1198869537773217,0.019055125120881377,0.05760912876489899,1.050386650078306,1.5142807751804184,1.5162023509532445,0.30637989845972996
b9e25c50-0d56-4f78-a288-10cb0aaf14d0,reestimation_v2,10,1,0.1612738917613044,0.576845844348099,1.406058299646817,3.6269732612483176,4.04153059239391,1.5967410449356492,4.9272164515494685,4.8756548497302425,1.2644566080644195,5.218010146918822,5.289229279705518,1.38496352294813,1.6411722043148929,1.9039076626206743,1.1865156864956705,-0.4023712076190155,-0.6537198336293082,0.8681801420214903,1.2051162817189693,1.1376929080647908,0.23197698943640943
013a7ddd-9b39-42ed-87d5-2dca0cce5b8d,reestimation_v2,10,1,1.0778179249470454,1.0577270530149774,1.281721785278159,0.03271307015659547,0.37929752631072255,1.7030952819165601,-0.03245991114075542,-0.13347686561527006,1.4205152649404185,0.6973790916631866,0.1412631620649849,3.2131419217382815,-0.43815893223406677,-0.3879055670757925,2.212515115819458,-0.2848343980427585,-0.11563210332487017,0.891169716286273,1.4202007266957373,1.4182353861870227,0.2806932513146901
7acb6741-c1da-4627-882e-6697d1112ef5,reestimation_v2,10,1,-1.3588350779737917,-0.7857748079581157,1.4691762967089332,1.2105878807576835,0.9792212699970442,1.9623060144999827,1.0838478475345743,0.9464201477463025,1.9101453118887928,0.5282594136752622,1.140392437610299,3.0263429387355636,0.14952333513908603,-0.3907092961346206,1.696427535780326,-1.3539721852312423,-1.3851348656006242,0.7955036797979301,1.4157392223162186,1.469076216475758,0.27305733518081926
681cab6e-8c94-416b-b288-8f9b6b6dd44d,reestimation_v2,10,1,-2.3952508062432902,-2.520657912724291,1.2586779139623365,6.291152676619882,5.78725707404226,2.1495263546212535,3.4807240210268455,3.199001708714669,1.7603594467155854,0.8385165180027079,0.8214131903356958,3.3385735487803476,-1.8503416257421765,-1.8453130668696809,1.7473301828549235,-0.19023949321547398,-0.2680936925070767,1.010691810402779,1.14263505089174,1.0937258347376118,0.14157834694479055
d675b2e9-8c3b-4081-9951-a4d8abf7526b,reestimation_v2,6,1,-1.5340185974601026,-1.3792983804231134,1.4082148823529486,0.4796603696484184,0.43611945535093244,2.193773856391408,0.3847820321903371,0.5684980059593313,2.0035826812744895,0.8754485299628865,0.7619846827758237,2.9604147061181587,-1.2725724268814558,-1.2719888253516383,1.8458920314528164,-0.02153808442135105,0.013588286052013343,1.0178647891164299,1.527230336294198,1.6075362741275536,0.2786497591130481
8e1c518c-88d0-4f74-8a69-b076675a09d1,reestimation_v2,10,0,,,,,,,,,,,,,,,,,,,,,
75acc413-234f-4182-921d-b829ea6a1b32,reestimation_v2,10,1,0.3616085299226452,0.1772424840384763,1.1998064640766675,2.0590252937809526,2.243752748848298,1.9934494870518464,1.7677666764648872,1.7859212466742245,1.7431997348178672,-3.1409116529677124,-3.2252053967268446,1.8825579888850532,-1.619913241355768,-1.286145531848267,1.2985878697433504,-0.04284951590249021,0.1696428351760323,0.8702694781287801,1.375849684465675,1.2144930972527308,0.3009877819855483
d144bdb9-4e83-4e58-9f56-49275ba2aeb0,reestimation_v2,10,1,0.8267335172291805,0.7965317825432487,1.1169884119275544,-3.8950566015599173,-3.639445227498791,2.4957737672956593,-1.420940682419041,-1.6338800195075898,1.7488390587784914,1.5933074831858012,1.8383637892624956,1.7761656427781043,0.6155863429758608,0.3989546582291439,1.8420689315591936,-0.3587461923961991,-0.43905155856283884,1.0297994833092106,1.3673043522409434,1.2893171713628906,0.28410603054769645
eecd56cf-e170-4099-9012-09d78c06a1d7,reestimation_v2,10,1,1.7677430196864086,2.1176313842067476,1.3726946441297279,8.06622597697166,8.090745660349251,1.9524247734922047,9.439776003763312,9.541818111275125,1.8013341060205295,4.270756615327658,4.495630841819894,1.467836592696297,-1.2003259191476723,-1.7955609346026287,2.7054849655432847,0.5093372867777236,0.3738685263038506,0.8474989314153464,1.1880962209726549,1.115361836298332,0.19629501514880415
9fad2399-6532-48d3-ae27-f31bb8b29858,reestimation_v2,10,1,-2.077275752528015,-2.550046151752311,1.468772418393525,4.313111870559273,4.3892499914868335,1.0752112013065909,4.763898128105006,4.845780959181699,1.435535843247303,7.6346799618358405,7.690544671809948,1.7039033257731102,-0.582899107994674,-0.2385180843325403,1.7182000199013538,0.06676975229387498,0.0659340362776144,0.9834942988374169,1.3387693406668089,1.240279922535777,0.24832205532084034
a09c2eb6-ccf5-437a-99e6-69ddec2f4b18,reestimation_v2,10,1,-0.7877479393620737,-0.8744710178630309,1.0080522686622393,-4.026649857512918,-3.8635041001260912,2.412658855610809,-1.21384912913835,-1.2457061931385276,1.5990735859736644,0.5061111140364004,0.37970734027317365,2.923171774059401,-1.073422517189342,-0.9366749106900083,2.1148331332304586,-0.05609913504919558,0.04279340655287367,1.1711646599807009,1.441402260861936,1.466481411088342,0.26255929775936704
02256753-f303-4db2-ac37-e5ab1f714468,reestimation_v2,10,1,2.173560380719618,2.083100883532331,1.2711613974978253,4.671311694307489,4.931593681555723,1.6765000273097286,5.6914609043466555,5.262196116734701,1.8765030678990193,0.5873455343469868,0.6614900089968778,2.520652616160699,-0.5980819621915472,-0.7079347874444997,1.7681709099151428,0.26737015153476823,0.4576653210825424,1.0538835526982264,1.3041378342232457,1.2754608384132895,0.19169923781269993
53b91e9b-987e-471f-baca-da199d0d3bf2,reestimation_v2,10,1,1.1621569098141842,1.2169378603359031,1.5650818436453997,-2.622763617515961,-2.7471632431078863,2.7663748821718017,1.7616390864774898,1.7677164283200502,2.080152658687489,2.6500587882055204,2.7884094921984515,2.610212944894373,-1.1214570341679966,-1.075468790831097,2.240116810015372,-0.11756405654487155,-0.06428618337581127,1.03385042740206,1.488689773540484,1.4351504448948509,0.27521100922374586
acf5f5f3-48cc-461a-9a05-08b4593455c4,reestimation_v2,10,1,-1.9489644335074765,-1.9913621368303807,1.1668075368827082,0.5828652776659133,0.7021386163378072,1.6899576427054972,0.5239562154755681,0.4440487973142193,1.721614361269256,1.8785842731973188,1.8469882028221178,2.127325473905005,1.0910219146316986,1.011483964820776,1.8625919247902702,-0.6282422025187178,-0.313928206367569,1.0903151811970282,1.52718513565494,1.528079789631001,0.24436284763825378
881a6b8a-c35d-4113-a523-155662f4e717,reestimation_v2,10,1,1.0354073126467382,0.861592893725891,1.4893740084814429,7.774600355819636,8.092351368007384,1.8752612960485608,7.584298305856442,7.831378478155005,1.9725073368076878,0.1986462708755664,0.17719025713770709,3.081700955350019,-1.8251213633780434,-2.3198649866203818,1.753881972972919,0.03229657086554209,0.006400856220441786,0.950595844563598,1.3574592289758536,1.3391574923034142,0.2243955993244375
9eb3c04e-8fb4-4f81-bae5-de4141595207,reestimation_v2,11,1,4.373941072557449,4.242936815565248,2.357794426415294,5.462723480811609,5.5190533609991945,2.589481638826527,7.246713116214487,6.6349800421131055,2.4655690483011523,13.506285067172648,13.171252355002089,2.7748906307229806,-2.108513514837797,-2.230951439991911,1.8795669741132777,2.0511252682111922,2.5291723734529263,1.0569332548078776,1.1671698306412055,1.169280546462395,0.1491774166279066
58a1aa0a-317a-4330-ba8d-234792ae0074,reestimation_v2,10,1,6.002508717510753,5.847035079719591,2.142314809206611,4.871479140864482,3.641642941792087,3.0358521912537904,13.533262052118959,12.77392563762991,1.9165012851852425,6.605358324761092,6.942642660735988,2.4860059726468746,1.5919913981654898,1.5541165730115527,1.9593055095533394,0.8325502625119702,1.1045668412842178,0.8326799394764086,1.1900625743090196,1.1208404484676417,0.17549824910493045
52257f01-8d5f-417b-93e9-1b2775596c94,reestimation_v2,11,1,1.258764287744704,1.3052325912273695,1.3181804928973713,3.391384794595986,3.4243166840372465,2.02959778498258,0.20155383543986727,0.01844813710503823,2.0017647640600957,0.4586473223276431,0.9427021620362204,3.014264483893869,-1.4510633852479775,-1.6615308081699847,2.03459786989736,-0.02404586916363535,-0.20479959174475643,1.0575703324025005,1.5399959527178932,1.5652471410090005,0.2830140488440468
1b19216b-ee85-4cc9-b439-525d0792702c,reestimation_v2,11,1,-0.8367915095559337,-1.1905211810675709,1.4605546000631626,4.340473101429986,3.975456728071607,2.6456576571638912,5.747056400015147,5.115891215440154,2.4158063092735547,6.010058161448384,4.682815047743837,2.4831409361612544,-1.0941596453205629,-1.3278665622873078,2.1473974512776586,0.7729653666221872,0.9492156848200908,0.9208190131734112,1.1079989723631067,1.0746883107632432,0.10187984771800108
fd46616e-649f-4aa8-a70b-4064ded6875b,reestimation_v2,10,1,3.8228977718205335,4.150163236215251,1.5248370886868072,10.342607721132467,10.685314108928761,2.3296116875624113,10.732062608195418,11.21266076734101,2.1299421713190667,14.40921819199275,14.626742293156816,0.9214914342037026,-1.540888383685429,-2.108605022589794,1.6793676295334197,0.40754097664835215,-0.035732763596068806,1.111864159684845,1.410967051787642,1.330202575911154,0.2939826006839106
b2615f16-93c2-40c7-90f3-41e0c9786797,reestimation_v2,10,1,1.1332425057590365,0.8442869293304079,1.391881002130144,-2.5990439374601975,-2.6620941051278195,1.7922402846326575,2.229925149302375,2.0628594225099297,1.8725183900308522,0.2519417623806578,-0.3348428705437292,2.8191254899750917,-1.2668282474014767,-1.2031636691675431,1.7502721005747253,-0.08671105313437112,-0.004954655890097914,1.0116800828498362,1.5436099181830085,1.4875308751500262,0.29390963466906234
732bc137-c863-4d58-8651-7955af2811a5,reestimation_v2,10,1,-1.955267504523842,-1.8004182070053338,1.752781681456935,2.7287216484121726,2.6931688871748642,1.1593388599829433,2.762528097669434,3.1671629781106563,1.8098890316651741,-1.6104677473142013,-1.3334768438198021,2.2487016246351064,-2.104912016094388,-1.6854007625060876,2.0265954940133732,-0.005205191046161008,0.08458830258640582,1.0642119839770756,1.4677286272045844,1.340749238178398,0.31037976793124467
cd9a5c6d-7aa6-4b85-b784-4624415e253f,reestimation_v2,9,1,1.6773869782368973,1.7418738453073979,1.2552878521748525,2.2958827785632576,2.1372271079166723,1.8667162718796673,2.559005930396489,2.4310137474931794,1.751400634272651,1.3256284817503416,1.6912612245594807,2.9495143364754086,1.2312851186538063,1.282205756557782,1.6680405071608002,-0.3946650067109682,-0.5512314998454741,1.140241648982016,1.4833082065222238,1.5693277112624795,0.30419083590970747
38b0a22d-cec6-4786-9a2e-349e5d19375f,reestimation_v2,12,1,-0.8855750288673265,-0.9368022446779691,1.0274000992492027,1.0449752498611797,0.8712616979344179,1.534401738302669,0.7223416690998231,0.28268299632232385,1.473075581383282,0.6580234881882152,0.9251099985776472,3.034924289818082,-0.6693714847628239,-0.5574273069669731,1.3797416816454018,0.5232583051076777,0.3733304358816332,0.8426195885305978,1.5046442647437799,1.3907963502768141,0.3177339868168891
739015d5-7bd5-4290-9843-08586d04f783,reestimation_v2,10,1,-0.8024469994721004,-0.8358691010808708,1.5547158212353418,5.1368542767311824,4.782728263818415,1.764237271163823,4.194370240737487,4.019125457002627,1.5703229592336714,1.3557191659768957,1.5647033560217674,3.035281475417802,0.49159320947525276,0.13744267562410362,1.7843674753500043,-0.528695007254383,-0.7293254870998769,1.096875332087567,1.4050452223942098,1.3092105130536127,0.2772355843379284
bc8bc671-71b1-43c9-ba5b-50510f6d41f4,reestimation_v2,15,0,,,,,,,,,,,,,,,,,,,,,
d6694458-0360-4388-99a9-4b0c679df135,reestimation_v2,10,1,0.423014612226637,0.4924943505212127,1.2599610727617954,6.638471340833974,6.860974442579833,1.7018880072517344,5.3125466469015,5.009648685984883,1.8213262240939314,0.8586845552449301,1.0872588175149807,2.451419109660443,-0.4795299715906853,-0.45989141582646176,2.287092426612949,0.2255939385573844,0.11552441280058023,0.8575361300443987,1.3420882395865787,1.2733929820005712,0.27333185719244046
d0ef832f-9ad9-4dc5-abd0-d4f9f1805e97,reestimation_v2,10,1,-1.2180535098139171,-1.0946792298733539,1.3703233644776434,-2.480613212912443,-2.9200641423629166,2.699862030686689,1.6188102972041407,1.1105763090436513,2.161517832726623,2.140955679225018,2.022219968759254,2.4625692843281786,-1.630768957175364,-1.5212071390404454,1.8137003738786082,0.0806670420908628,0.32179549627546944,0.990659968963049,1.5491250240706216,1.5813840456683899,0.28660207628169854
0363a725-1447-44dc-955d-2430e8d9726e,reestimation_v2,10,1,7.133067916517171,7.074744050818989,1.8291290560902211,8.999952861147474,10.061959833453782,2.2242627366620304,11.727772095116368,10.820940048102566,1.872567612900264,8.415319571497305,8.160333098666042,2.386635443947307,1.3736325101673201,1.9479547976212181,2.5308348985974853,0.5615727965702124,0.7540436250885487,1.3335578766861997,1.2180368485995863,1.0815869361234582,0.2159757701578947
904fecb8-bdc1-4e52-89a5-63ef631e31b1,reestimation_v2,10,1,0.28220626555745154,0.3884954156907382,1.1160112264788866,-4.020589572054473,-3.83403990383178,2.2251571356053077,-1.0930697157269966,-1.2558847437209144,1.6822871471829413,1.6287823890495456,1.6937649162682105,2.9621011905825823,-1.1258958366697502,-1.1076551655414386,2.0799349442961197,0.05402161429305472,0.14863515265152855,0.9782718505151783,1.4826395834995107,1.493088486436915,0.29553934918505714
a6273ae3-f540-4f49-9a36-09bcfa330ab7,reestimation_v2,4,1,1.2304002041506144,1.0453344850353705,1.4755914994571442,5.450347665304557,5.453067737357728,2.204519937532144,0.4573323384296438,0.4442857496117818,2.5236307642068208,0.8696879672893256,0.9643492813197432,3.0337971405588795,-1.2516796541678465,-1.2643435263304719,2.065756747145777,0.056042053375254634,0.08486615134643832,1.0027011878207917,1.519480499348373,1.4847573471510442,0.2796524720697985
6469e769-b172-4fc7-bb4c-f06b4226294d,reestimation_v2,10,1,6.9431800174694525,7.384596595055376,1.4417281008182772,11.4109936393187,11.021237752398177,1.7415626162298856,12.181290172260926,11.527802694291488,1.9915311277426226,7.143068015124691,7.450596247954312,1.9765538408128094,3.7332506290991936,3.946249206096214,1.294604097938302,0.7835107420610048,1.0025013271330134,1.1782708253990701,1.4302688825268024,1.4126746036931948,0.22553430791351514
7c3e9897-a64a-4b05-b2b5-0407a1a4b511,reestimation_v2,6,1,2.0200300653138306,1.7260011834844988,1.4124788796242491,3.556893245959407,3.3317096457785094,1.6512931158068864,4.3884092799455585,4.395830282353974,2.0287278656650596,5.745528298651126,5.866940518730861,1.687602078782837,-1.214287194200357,-1.0353548804300807,2.000316911748883,0.3644735143289286,0.4605821972514079,0.8846805939216421,1.4522261800186334,1.336287473014746,0.32158229009109945
36f2c416-97f3-43ce-9f74-10c4aff2638d,reestimation_v2,10,1,3.3580499273969537,3.123141095795149,1.3602192630683416,2.102923711582384,2.3885013774337285,1.4109703325564296,2.7765809427044124,3.116646704481854,1.6372484320690286,0.45575950495969,-0.09371180435198356,2.753924797196782,1.2471722466451456,1.293517719223177,1.9259412156504037,0.2322440149060872,0.2774615743406748,0.8794164354293368,1.5770645626842656,1.6350126841749262,0.2824151643369576
5b2ecb06-d545-40b7-afc5-e19d0bafec6f,reestimation_v2,10,1,-0.6000476056635008,-0.3031127936234528,1.6211260594485086,2.4434337023863923,3.1109261282824505,1.6760849106575886,2.2061865149169053,2.1110258107154656,1.447444659659909,-0.9207685022018308,-1.0107546470037676,2.300699278910565,-2.071342061948525,-2.186449994630349,1.7943562988495496,-0.6931668294404698,-0.773618578819973,0.8986632764090358,1.2661272308613316,1.2231783270924648,0.19220772320926435
36307db5-7972-4492-b784-5b0867c3ffb4,reestimation_v2,10,1,1.3485871032029837,1.408440685654039,1.2748200986940776,-1.3609504717228005,-1.0107231651786093,2.6489658290637874,2.328764413228547,2.1445620440597035,1.5224339069658281,-1.2020159216895872,-0.9996963566609343,2.320591119288847,-0.8513052224317579,-0.6274562456016639,1.8549751475760101,0.14209478234332076,0.19442808896003339,1.0513362577587813,1.6109306298634944,1.6306773741313616,0.22230274335354014
4968fec7-5f65-4783-8d00-e37b8d644477,reestimation_v2,10,1,-0.019870372244517036,0.004452193085183603,1.1786077800586043,2.0878251820181575,1.9477509964170245,1.233622084851428,6.538966147538828,6.3578840851940015,1.4915601215175216,1.1398553017116124,0.9213814125729556,2.8924234854309545,-1.016050992689623,-1.5485846061234199,1.7780445021615143,-1.2214013858390185,-1.334063048780869,1.1246621458304984,1.3509440333926064,1.2829762623055059,0.25605045359892126
9a3536cd-0991-460d-ae38-5f1700e8419d,reestimation_v2,10,1,2.602187477950492,2.4923226118838526,1.2212279584113148,3.6647777070401695,3.510130785179383,1.8669463968072837,4.771119363138969,4.691988132876959,1.9031155239628688,6.583154156523326,6.643714818961044,1.9373678498008422,0.15523171190408158,0.34950558692301537,1.8993280121311666,0.07450490112302381,0.14652693516777582,0.9739453740962685,1.4866862352047818,1.5200735925009885,0.29173508078921095
a2bb6583-bd35-414b-9c1b-a63e4070aff3,reestimation_v2,10,1,-1.5731167829290706,-1.4435976491835656,1.3361635145783148,1.3882043602594003,1.4012377186176188,1.8637551697194403,1.4710670678957838,1.5692444133881351,1.4974808110000206,-0.5555896341981322,-0.33502425466471364,2.0911007586024097,-0.15868474481203626,0.04898480831699448,1.3507397431940986,0.21800682706670213,0.594615749747579,1.053493365409858,1.453556061468611,1.471691783713759,0.24867547116103852
2c3c21db-2029-4748-9137-e43ed628d34a,reestimation_v2,10,1,-2.5830286221595644,-2.604695731019164,1.4245986675322524,2.5340398834395934,2.7606660063274173,1.5594131094629509,3.651541691331328,3.635397095089842,1.6455510658871573,1.7620237512493448,2.378470309625803,2.085960554291917,-1.8430387520839278,-1.5725413763955665,1.9279862197000546,0.49795919451783427,0.58894824927557,1.0468869988779181,1.4965579568352083,1.4525630583770937,0.29342555694274414
8da787e6-20cd-46af-8a24-4f13de5b0805,reestimation_v2,10,1,1.8103327951953292,1.581940623107958,1.3835124515955772,-0.6299840125942929,-0.44083749685955786,1.7981339469857833,2.9783269742702876,2.672907161041688,1.8015772784065642,0.7141326439500812,0.8010627531675478,2.824514757110289,-1.3065132353533824,-1.2374234687612453,1.6436786004547594,0.5000155829122401,0.5422926507092299,0.8207872146998523,1.5030525625249753,1.5049125581990903,0.2310955611448793
0294a75a-1666-4dfc-8c6c-47d0e4fd6f5e,reestimation_v2,10,1,1.7718279314868832,1.6268881320933417,1.2211989467240305,0.7700963855418512,0.7321003059812385,1.8392247741606584,0.8907749166366197,0.7485339359568175,1.7037415361270851,0.46601686898618827,0.44758571876646513,3.1142235911655374,-0.23909847217315613,-0.42021257226993686,1.5964001600453543,0.2762337767115931,0.25150156229951914,0.9080855132373729,1.4718420590504062,1.375101434266106,0.3061931549375411
cf65b8bf-cfe7-46ed-9e0c-aae3b358f8b4,reestimation_v2,10,1,1.6153484622964713,1.437618442688999,1.2234970316551235,1.2456958510247615,0.9159329127704752,4.1768855621205505,0.4813030585244407,0.6442697392104679,2.0745701527302494,1.6973960068694254,1.1688914008793763,3.3584006473829824,-2.3588882471328594,-2.4366598384010554,1.7641572866883182,-0.10537610721785054,-0.12678590524351752,0.9167186991335763,1.4938223667429857,1.5660957756777958,0.2623820718918755
5554a522-cfc2-4343-b3ec-e0f680fb152b,reestimation_v2,10,1,1.7971052805363124,1.9404293198109548,1.2520225793562791,0.002313234292953462,-0.1087896653604945,1.7237394554637533,-2.3818890668191197,-2.666637882121828,2.1424707454568925,2.1015143422168716,1.7915301589226833,1.7490483862426451,-0.9755644004163216,-1.0090315673373347,1.8169044902757718,0.31103174298949043,0.4848445189809648,0.9996017737745311,1.585640116673104,1.6428610114534452,0.28883416304639836
a1c40593-e9e8-4c31-9baf-29f5386fb0ad,reestimation_v2,10,1,4.533279448107622,4.567934141759854,1.535514653402466,-2.2417988438569734,-2.3200036039692487,2.444835175402858,2.387574448571426,2.425546442818837,2.463525314585671,5.92758392192374,5.7300786689744925,2.1385415220755957,1.6861038550645797,1.6020138031590712,1.5285326261248118,0.5081772917290335,0.5224876224345463,1.082174622858479,1.5185178653605858,1.5325030178761379,0.289857346913018
101f72fc-fc58-4c19-abb7-fda2aeed06a4,reestimation_v2,2,1,1.2274398542784755,1.0844712029439407,1.5609939882857913,12.094741098424747,12.151339126332228,1.9042336082620894,0.5411628050373011,0.2168880275185951,3.1467358588944783,0.7786243466399712,0.3079499034053681,3.1470971805606074,-0.8936754543915835,-0.991002978262691,2.034920282653258,0.06663131142190029,0.15782623424499032,1.016024416898207,1.51396108663617,1.5355247119420172,0.30668732915431723
61d0c688-8bbc-4ba7-a499-fee19a00e801,reestimation_v2,2,1,1.3383598256874816,1.3820378249769916,1.7965212981670295,5.207581504282626,5.268116049357651,2.7840834007457285,2.853445503106672,2.7394196029672626,2.6241805619596765,1.2471618101018518,1.3216827808896687,2.8851535027532087,-0.3612036912887452,-0.5216203945170315,1.8279372932620606,0.11283854376791522,0.2060615451669393,0.99851132914931,1.4994685541156494,1.4728189305412083,0.314205783769164
f1b419ea-1011-4ae0-8947-7abb6d735758,reestimation_v2,10,1,0.49593589494233803,0.4938686532409611,1.3503691115720964,3.142224047610097,2.834282207233795,1.6379515245021592,3.7370158654476655,3.695322619742799,1.801919991129015,-0.6876672732950159,-1.8027177597391333,2.546998659780129,-1.6142390743260144,-2.0577500330277663,2.125107931489121,-0.5008588041601358,-0.7226754009586394,0.8735262917269726,1.3712228104525521,1.3349866345644883,0.2624104801984825
0fb1e54c-5ee4-4cab-bd63-ef836c68bd9f,reestimation_v2,10,1,-2.8614426614833097,-2.8320318859109674,1.3768879045181077,2.7495190935122986,3.1696210851225617,1.5576086803435139,3.418290043221189,3.1482325913869733,1.75466687939914,2.0735921633247405,2.306443053361202,3.0403036534005494,0.4712571527613025,0.26442100635463156,1.6251687741980656,-0.7371698422440751,-0.6868992563344485,0.7981614251094484,1.4432432273862084,1.3814773429821479,0.2880837091025988
d71bd607-848b-4737-8dbb-52aaea55369e,reestimation_v2,10,1,-2.68414153082414,-2.669185258455288,1.5059437969895244,2.852165072801977,3.2842482294701476,1.6445295705222376,3.080913018892962,3.0074392355238655,1.6006969087748388,-1.9139243741784233,-1.4105063489158363,1.8869155653995173,-1.2962763403586877,-0.8514910150605375,1.9230730165368761,-0.025878817777404334,-0.23896974740676113,1.0206161308735722,1.4024282806604718,1.3561729695852487,0.2915991497215987
93d99a0a-e9ae-4749-99d1-f933be2a81fe,reestimation_v2,10,1,0.8891606385522135,0.8052753072473595,1.3269476460521403,1.1231027220805947,0.6943408916081126,2.3122623612723356,1.343192206147731,1.0383680630773005,2.285291824796792,-1.146028975010594,-1.1358963431257747,2.551381670719895,-1.3836820880687177,-1.466969512790705,2.2805475808890265,-0.509040670944871,-0.7089395291003027,1.0561533006555794,1.4173737633453982,1.3462496483748503,0.2580679462273686
24786bd5-051f-4c0c-a4c7-05e046e8b53c,reestimation_v2,10,1,1.941712979312605,1.9351693315931802,1.6562093882023903,5.555225719969093,5.724471019065677,2.4739494491170775,9.291928563184703,9.224120089121378,2.282211302286494,3.652994071597146,3.408987864696295,2.817843451346433,-0.8805390803282611,-0.8554427315227576,2.1319139686149824,0.20497891523585132,0.1496446438052057,0.9568240612388648,1.1814198180753135,1.0890087921505534,0.16754060047609878
c600c83a-3223-4522-984b-099a119db732,reestimation_v2,1,0,,,,,,,,,,,,,,,,,,,,,
d769137f-0dd9-4f7e-821c-5ea4c9c7be5e,reestimation_v2,10,1,4.22171034387281,4.033367142492197,1.4060532891367277,2.384665164451424,2.721708092577746,1.739386480960176,7.950495443215684,8.441279391831824,1.7214615245135314,5.217075005065703,5.04970041617281,1.9221629347119704,1.8697744521144024,2.1475913290273105,1.5565445614978002,0.15279860437512222,-0.027757333543540152,1.2640499645511372,1.4846467501826337,1.460827823844238,0.24106250666942486
d29b484e-12ba-4f6d-ac67-645a660ee3a0,reestimation_v2,10,1,-0.2891515296906296,-0.3500697706113631,1.2317334535629436,2.008200902744072,2.115327178494155,1.4939489430521877,2.791586025330353,2.28489511564723,1.788907849883856,1.6568365703527066,2.2145868539255296,3.399230537137144,-1.5778197789671136,-1.0761378172656437,1.832388686844541,-0.46615156301607785,-0.40362316279359756,0.8797850111221354,1.3948556490571984,1.3952627909507944,0.2610397009444821
28e43c68-743b-49b6-98cf-5f6cb0389402,reestimation_v2,10,1,-2.7062952827504114,-2.8664418421355604,1.3769278036306523,2.9549236819377986,3.019601653730548,1.3427336832825738,3.994782094365109,3.8793422815207164,1.9812841714882456,0.28402451085167213,0.24969733368863184,2.442967392089506,-0.7934548585633715,-0.3957088356793744,1.907212116217257,-0.4263105245689657,-0.456192874653537,0.8636316174577091,1.5258448431819376,1.428559351655154,0.2741349560649892
a87ab0c8-4545-4224-9eff-bcb10f058b97,reestimation_v2,10,1,-4.071986247155963,-4.283796146929592,1.7565834303889547,2.364490953627148,2.514561074006891,1.720368427002765,1.5071340628272438,1.7078532746259123,1.6790192968891184,1.030397091624412,1.059250645295139,2.6121568828579296,-1.0202962214521407,-0.9249110145797568,1.9192352736672884,-0.3983213382523974,-0.26867801645755385,0.9491440357703395,1.2978079567911627,1.1915160080612213,0.23941874469354144
e6629890-c487-4d60-9e6a-504bc7f1662b,reestimation_v2,10,1,-0.9082806611878405,-1.0417478324941456,1.2566129150670347,2.348632025858061,1.8839083056463366,1.6848829792381879,1.63774752527191,1.8057337523963641,1.5163991296799206,6.019665560829922,6.136569710060854,1.8907204107223845,-0.9409224678570028,-0.8827032940437531,1.9074758640410037,0.11012730277118755,0.14831213575556923,0.9554312408269545,1.2012579991160666,1.207570747075371,0.1774392282352627
cd0e6816-5a8b-444f-88d2-1a1709b2a77f,reestimation_v2,10,1,-1.7808675120938517,-1.3518446903991934,1.5802099072055915,4.870804550786237,5.148517572185169,2.3078859097470117,5.732150065423333,5.835309946855153,2.3085816667057784,4.39549771917019,5.168377519214093,2.355863731944496,-2.020457485294628,-1.3146462802008074,2.1392710484506328,0.09059603630155827,0.17246246984781263,0.78314792513114,1.1597268434128902,1.0900342730891945,0.16190923821171918
e286b4dd-cc11-480a-b969-6cd4421e96cd,reestimation_v2,2,1,2.2263187865904475,2.269984956989988,1.8737537359707033,1.1411717109927766,1.3951486631872743,3.679377162716399,6.054276597686227,6.255464603963421,2.151244887363934,0.7736305892011778,0.8992650351736255,2.7581458577037705,-0.8952241392516423,-0.8170855143703077,2.0042312643926965,0.015428112830920406,-0.08087033294886983,0.9583550281757185,1.4270847619279834,1.4022113380927006,0.29824461396439317
23afba47-44cd-475a-8c52-3038d78b2987,reestimation_v2,10,1,1.623581274680157,1.4868947452516266,1.1720688749313668,1.4765388762379805,1.820825974585178,1.453454045373638,-0.49599909660953134,-0.7355606288238694,1.7853798374701466,0.28059970343063945,0.5463886330132182,3.386094660056484,-1.3233739177825137,-1.3099463577806125,1.6257541212298603,0.39535203570933264,0.43512952043454406,0.8514710555782911,1.4798399752117772,1.482054390376339,0.2367304662610612
99b39910-74aa-4aa2-a364-18d17a4ccd18,reestimation_v2,10,1,0.9595880987742623,1.3540855817162594,1.1974034759336853,-2.262810257439885,-2.165481204664758,2.4565734989435564,1.052470984171507,0.8138921624762061,1.6972444697797415,-0.435476023814988,-0.21951310046832107,2.2752301771723302,-1.0682047905639058,-1.0704590827043077,2.0713628423346115,-0.31638208690767083,-0.3918723072695638,1.1923969435444293,1.4528834115944722,1.437210866603703,0.23647680124614226
b86e91b7-0238-4fdd-8a47-4bd9cf0c678c,reestimation_v2,10,1,-0.5707897620749565,-0.7163377101362816,1.115157728701306,1.7324943555435846,1.8720931406603833,1.3880944785045632,0.9338277498540414,0.7178086511030025,1.4300838028470029,1.6336360658060811,1.8827589397993847,2.8357253137624796,-0.7518061833139948,-0.532375928345767,2.0435134672236965,0.26302250174398695,0.4658330076209338,0.9483441788563771,1.5235564592504918,1.5017904435922502,0.24413124106035464
44e48846-a44a-474e-b77f-792dc08b5c7c,reestimation_v2,10,1,-1.4472276489956561,-1.5831404181080875,1.496546861893752,2.7171792879181536,2.8575595687174618,1.3761760083248518,3.9461163700471165,3.702309751962118,1.9055325941384516,3.251592272428474,2.823084961623356,2.712815601531583,-1.4731433350727308,-1.8052123243143297,1.7871327710072218,0.12457447230203875,0.11291510575931207,0.9021357022851306,1.3143220900664505,1.2763604734000211,0.2101369072421199
d13ae4b7-9db6-4b6c-9202-86a59f31764a,reestimation_v2,10,1,-0.8067444352484507,-0.995188882971125,1.2869295177388986,10.48023740851568,10.714880960466303,1.7203346110128257,10.49558192736397,11.227555824373042,2.2746257344287635,1.660407053163365,1.272813497305357,3.320652760464779,-2.0649363933051013,-1.9032252045837996,1.653743589839065,1.0411835637981979,0.6764663097102906,1.1823464603707892,1.357130719939564,1.3525088144941093,0.2046773904854592
8f950182-0955-4f8d-bee0-51182e821555,reestimation_v2,2,1,1.0207523267514895,0.9764798369970371,1.4707226854951099,12.206094336384448,12.321229818864001,1.9834179811676682,1.4927357425670453,1.850551533631143,2.939314026110078,0.7107698183156108,0.5609644407876098,3.2172492859620903,-1.1948808124243187,-1.0278486578071409,2.0540931557653144,0.06936566407555786,-0.16226813166748927,1.145196744577607,1.4998863715201909,1.5335220219041807,0.31701889089681956
08efa9c4-7c51-40d6-80e6-ae77a3660eb1,reestimation_v2,10,1,-1.1715568735881523,-0.7845128406173051,1.1672271610581162,0.132436014059482,-0.4848701568574346,1.1945379868377064,2.3469504851445926,2.659387228085689,1.541790364130761,1.1256646765374108,0.8775295679721097,2.8520074722795226,0.7099963691585799,0.9585078101320571,1.2651202766326584,0.09402808588569206,0.165361533794175,0.8545475937601686,1.572870805278877,1.5269451605127031,0.2273535649483423
ba0f2d5e-06bd-4c15-90ec-385174370dc5,reestimation_v2,10,1,0.20604536696939085,0.11590927652274452,1.3098622486283382,-4.227393821540783,-4.046833591728731,3.3854608696265736,-1.4787988389316127,-1.5522195548791426,1.846874891258362,1.1338961293417014,0.8129153849647547,2.648368676363632,-1.9252927553003985,-1.9302201665973715,1.3538214518056633,-0.18811553661063113,-0.6032519633974969,1.0722906176961713,1.3274161393216541,1.2236062501521474,0.2566355237575264
c0f97cf5-c787-4ec1-9567-e734dc137a6e,reestimation_v2,10,1,-1.0601958084794405,-1.2210233092197356,1.6516395679687295,2.455833289726385,2.2720015589405325,2.5812939021874453,1.860325508292851,2.119003247066593,2.2777824116248966,0.1919590704217899,0.2831412808379694,2.663857245940054,-1.4489325977663392,-1.2823583913132732,2.2150849179905796,-0.7145318446923329,-0.7972961864785795,1.05328084998135,1.1283754908926533,1.091534396072079,0.10994482811714419
06cc7c61-a56d-474e-8574-4625c6da06ce,reestimation_v2,10,1,4.770168648068149,4.728847156237896,1.6188516153836305,0.7309175606374329,1.1572027569876866,1.9534649407765108,5.238614096233691,4.660728238372453,1.8988288752617675,3.8072247457605632,3.589368659807049,1.8907292489845715,0.6654188078897745,0.9894411453116839,1.642702369014213,0.32745418801935217,0.14285379843847335,0.8703394612963132,1.4191793542002868,1.447858427997681,0.2393858706233598
18b9f91f-92c2-4e59-8a41-31103c77fbf7,reestimation_v2,10,1,-0.5836189665965842,-0.4162341419657736,1.0264984012726754,-0.9120744679434892,-0.7590126299531699,1.5716332966764472,1.6968354803209689,1.6998003803563764,1.32067271785132,2.939512732532798,3.0666192404236203,2.2430519267930586,-1.9284556169059004,-2.4216736067224307,1.7778973516441758,0.4585723756150983,0.37705145631321413,0.8846141472234131,1.4547918776956201,1.4283114183711598,0.3104385858557568
8c932cc9-cfee-4fe9-9438-4a4554c5dbbb,reestimation_v2,11,1,-1.8889126426144591,-2.0476301832635655,1.2348958170045656,-0.23065485161696023,-0.24874817458884063,1.6656091233236563,2.4471502453245155,2.2755351446063194,1.7009843107007616,0.6376829585045545,1.3629569914941455,3.086631643000852,-1.5569477513103576,-1.7450795941967194,1.6735085543129335,0.2159156103401499,0.211360028936331,0.8802944270527937,1.503450631729602,1.5708475217214612,0.2978578058639124
4ae69919-ba3f-4bdb-bc0d-09b2676d52b1,reestimation_v2,1,0,,,,,,,,,,,,,,,,,,,,,
b0108975-1aae-4db7-93fc-5051853b2aab,reestimation_v2,10,1,0.9193893187599086,0.521498522098983,1.114042616113766,7.4603178400011165,7.496823301816649,1.454384573828523,8.343905058592826,8.279716241233249,0.8864975508633061,7.5368827134641805,6.439954257724446,1.9950335365094087,-2.0099883955938544,-2.356159514664786,1.5642860374574934,1.7688609569609544,1.7518058093706586,0.9861873555930935,1.3409137961758995,1.3100265917277705,0.22333219429423068
9bc7ba19-05d5-44aa-84bc-211ebeac1ea9,reestimation_v2,10,1,-2.719616432996946,-2.7602906351517245,1.4079891840994772,2.240356865777298,2.524454003743652,1.7243328584798279,1.5974478422307463,1.4030157058849948,1.7601298635258888,2.422699289703771,2.2871477262792204,2.2800841632938766,-0.8771803614728274,-1.0436258900802224,2.158710458067675,0.07709158870075958,0.12067748630065056,1.1297477320828462,1.3817454137943321,1.3186260371895449,0.2872027513376932
1a2dce05-50b5-4aaa-bd7a-ed53937718ea,reestimation_v2,10,1,0.6951404070927903,0.4944860532557289,1.177859712712072,0.037146894846756796,0.35498228121216713,1.9942792461720504,-0.19802384988376584,0.09697206824602489,1.612388401507861,-1.4028195820550837,-1.2654967806564548,2.0165683784567983,-0.9133490142122644,-0.9677451142869438,2.311330998353735,-0.5284582036847083,-0.6571843765582521,0.7939365919956111,1.3647143197498892,1.1906064214647862,0.2926950395137876
18f172e0-0483-4b01-b1b3-d1be019a94ef,reestimation_v2,10,1,-0.023398980597537276,-0.028975928265372097,1.107124384701708,2.4622132513383286,2.4395335785661505,1.49681060110522,2.3406070697103494,2.2446389601772956,1.5970159770978878,-0.8751306090543017,-0.8805733645818892,2.7550295123955477,-2.1559078202534234,-2.348067176720779,1.6167211438008116,0.10550604634755782,0.3068534891615442,1.098593540928733,1.4716918653863156,1.41177355693076,0.28772199253861097
049f8254-8ae8-4f22-9c1b-cef570a83dd4,reestimation_v2,10,1,1.2621442653581225,1.2836371129667432,1.3340978825590195,5.789341731681069,5.726738956471384,1.978854297100506,1.862157726006199,1.7889322339878089,1.4386107483064552,1.8809435698868524,2.030105211065003,2.3353901383750264,3.0651680475340806,2.8191610322166154,1.9963451342845662,0.2053264858029472,0.22052401070907424,1.0141145051655354,1.2808719108354114,1.229646430004617,0.23058099372280444
c226506d-e40e-4162-a7b3-6783b1e0e696,reestimation_v2,11,0,,,,,,,,,,,,,,,,,,,,,
1f910e46-1e33-463a-85fb-55f5344ed981,reestimation_v2,10,1,0.3010243347289345,0.15684666824584448,1.1246065472889548,3.369989036759942,3.522323999401925,1.6272585478091126,3.268420249895306,3.322903202728386,1.3454485609100328,4.9276158032591635,5.4112582097531785,2.020239659562342,-1.7113648743260665,-1.6222784477317516,1.6068065599462262,0.6330767920832038,0.5861587938695548,1.0635653527632691,1.4526065233861518,1.543848174790336,0.2730632117178068
1932f6bd-17b5-415f-8192-cce6b462f9e8,reestimation_v2,10,1,2.140326079874963,2.135947161377951,1.3222958887866212,11.826237741203306,11.670252129731496,1.6612586976860484,6.874278805033624,7.413391469016938,1.3760812687356383,1.893202798791906,1.247945154476037,3.200141845916137,0.8884206186582987,0.07821327189879024,1.27868903177452,0.11429396068637522,0.2813687009446524,0.7516622188397613,1.2546049381484818,1.1961925969242186,0.22847708763605548
a7d4b3cd-2d63-436e-a20c-9af08d3cfb26,reestimation_v2,10,1,-2.1631184052120322,-2.217561602063305,1.810600474528552,11.303366894737515,11.562458617451023,1.6889926217813147,10.91655282994442,11.014330207797267,1.840401257367614,1.4707469698546716,1.6393189064136622,3.943343370042825,-1.2529599889513157,-1.2077663623840653,1.810787457357022,-0.20474826373377983,-0.13902930491727986,1.0607154625955746,1.2113770091189107,1.150402496818528,0.18939533794238542
843358a3-c20a-4b56-ad1a-fdd2df94c8a0,reestimation_v2,10,1,2.4456010919861115,2.225556380864964,1.550242125624458,-1.6740957840193542,-1.1544818901585256,2.7701868678977597,5.9381458503660065,5.703301436566221,2.110869430677313,0.8854099720030572,0.7478782602001974,3.1037584062098107,1.2029881585333169,1.228301513403561,1.8344162478880337,0.0753348390922928,-0.02881863971452492,0.9358386536631367,1.4814427125768277,1.456641759859857,0.25313272250873536
2b1df1b1-d530-433c-a65c-a1f211a3f6fa,reestimation_v2,6,1,0.6686419468444407,0.433732888918095,1.4499242992806927,2.2064036085951293,2.511375251804614,3.127683658323566,1.319895704445783,2.2421100566955348,3.0322835900182854,0.08952480296031863,0.9560694642031293,2.5207965629646587,-1.4107976242853182,-1.5489071885121795,1.8359755995246618,-0.08911973444145936,-0.11727815943533315,1.1515194443394918,1.350859282705334,1.2475167549251842,0.2852231862479687
c4dfeaf4-b05b-4ed3-8187-af96c22c931d,reestimation_v2,10,1,0.5776378923923239,0.20711098443581388,1.1007289954150812,1.7548719265713604,1.6823283779380875,1.5206832927426541,3.9468217848383778,3.719177087262386,2.035927452891355,1.3001450767905518,1.4330944387499542,2.9276943798196298,-2.2327972324703933,-2.299743208347657,1.8438361570080315,-0.3379394551776876,-0.29841283973746624,0.9329330047631358,1.46230436708687,1.465679074444153,0.3285024028030662
dcca5598-193c-4e31-8678-a52bf4ea95db,reestimation_v2,6,1,-3.6121954348341423,-3.5090271247808396,1.6333344025339411,-3.0112269248889416,-2.9213800690850062,2.3832768416554466,-3.716657113432308,-3.1315223869798405,2.3191925035337975,1.061171885316811,1.8208797288882357,3.801100174189914,-1.203051045864523,-1.2417907579439416,1.9845191554576722,-0.8087828238215867,-0.8028757998974403,1.0357566057086047,1.4069661515018024,1.3398091377969448,0.3187526897079593
9a93de54-03a7-4a53-97f9-22adb2268998,reestimation_v2,10,1,0.260552053047202,0.2657769924361913,1.3067397279056192,4.705320143685503,4.9583506464547735,2.105755210025744,7.488724669085043,7.377821579418777,2.015063727637144,0.6768400043753698,0.3333154583026672,3.0296977331921617,0.3264337687537391,0.3503681329058837,1.614154121363728,0.7988431270737476,1.040276784759574,0.9986992801306933,1.4433832908172601,1.3842453105691472,0.3175753677467981
15f7049a-da3c-4f5e-834c-c1adb00f9f37,reestimation_v2,10,1,-0.5297842155950643,-0.40424353271018887,1.3438345938626637,1.596748272338474,1.540195353171647,1.608698615990446,-0.19906569552596529,-0.31663139511771576,0.9571918497350168,-0.12461003140440843,-0.2603175213538438,2.4592275035117592,0.6894771246317981,1.3062037312632935,1.4210616815776476,-0.4206406210620448,-0.1635953580360423,1.2305327726424349,1.4296134460930667,1.3852918496783464,0.23895268249218674
9b6d32fd-5088-4ca1-ba9b-76844fd515a4,reestimation_v2,10,1,3.340558887460483,4.062598837489836,2.306417605779606,8.342760133522573,8.785772580036795,2.2737204189080873,11.309733298363685,10.894446433232918,2.242149096978107,12.713493408049509,13.285199700524105,2.4182244956823546,0.07952505971456487,-0.6619648482664864,2.1202473944044975,0.37349730804035036,0.6805254844769678,1.0101697663777325,1.1149236543605905,1.116624852246248,0.08646995978927707
09b9f63d-665f-4e70-a339-cff52555d637,reestimation_v2,10,1,3.4244180698796183,3.1952266648868553,1.5604359170861957,9.241093413555639,10.113929384167282,2.3939704399597024,11.591839144529205,12.21186143416332,3.175533331096592,4.992051312642494,4.751676739592252,1.9140943506811652,-0.4309919439563831,-0.024110183424392417,1.6583033233482902,0.5535710473011516,0.3198769849400632,1.022308031839065,1.1857601967959905,1.0765294517852542,0.2081286122656357
f593b5b2-4a5f-4124-a864-172c0f17766a,reestimation_v2,10,1,-2.529226999685409,-2.650217515778264,1.524939755385214,2.1702862982214524,2.218046980300452,1.5138214089704098,2.433512907148021,2.131662201024801,1.8454777579245865,0.3301327309640192,0.2250305246929043,2.761238726199552,-1.2218680569915377,-1.2108207145557195,1.7838177474066836,-0.06316412675332402,-0.03384864713915692,0.8979904642140779,1.405299684299103,1.336044268441925,0.2642230550901644
75df447f-b7a2-4c7f-a8cd-59825120e401,reestimation_v2,10,1,-4.793893546438752,-4.4799457292727025,1.830063437842652,-1.0158279274364794,-0.9864821358434641,2.826491425893181,-8.278701857545931,-8.36264828788107,1.7996550062578323,0.4892316091921235,0.21724740752101945,3.0331167715245,-1.0141434236705171,-1.140980775914684,1.8965340853925532,-1.0134673296544772,-0.8963993418078655,1.0620823325541453,1.4796707170995131,1.4400307675167827,0.2821634413748673
c6d87436-a58d-4039-b14d-7d473f822487,reestimation_v2,10,1,0.08866623555440073,0.08668224841284006,1.3231583912807443,3.415554247536749,3.6417480925958845,1.80858074609014,0.7074703971498744,0.4384460708677337,1.4372367682762592,2.210019184018863,2.8406149203565585,3.792063724468816,-0.38559062045568226,-0.4709945222052312,1.4461741287018826,-0.5279965882189488,-0.6331077265250147,0.959050930221345,1.3815565927414977,1.3180541608023209,0.2784700084336241
2459a05c-14a2-49f3-a875-7e9998b4c4d8,reestimation_v2,10,1,2.0243682328052053,1.6777251079342805,1.0393956767352555,1.5491219217536623,1.484038040235581,1.574583092189521,-0.46954241415032777,-0.37426630638315994,1.3710461862764438,-1.1290510644118255,-0.950527834706022,2.3792262793710997,-0.15642368191161696,0.030947298479555352,1.2023411368673087,0.301665230727129,0.21354521392867376,1.1461980811094188,1.5904960500996892,1.6003481472456051,0.2569307177485437
8b905afb-f3f9-4e94-8d66-5cf0d636baf2,reestimation_v2,12,1,0.6033835230732034,0.2745911565405179,1.2164661189768216,2.027183045730579,2.020750102828327,1.5828560639736564,0.10425100361664599,-0.5043939236681774,2.043263424676418,0.19273129920691112,0.3262959858187049,1.4282065604277514,0.34302694524115124,-0.3308953640630342,1.8315532792754208,0.23770051705523873,-0.2632104194712278,0.9571550475664576,1.3341183862460995,1.423244037973592,0.2737310099864095
d89251fd-fd5c-4194-82e2-99c607a97557,reestimation_v2,10,1,2.6367819785473783,2.843554121509502,1.389519559093605,7.797807662648349,8.081406153663988,1.6309183377695804,9.057327911928942,8.66320277731251,1.5284923959321262,0.6579245119530653,0.7577132525293433,2.4012619376395468,-1.480574939744116,-1.5088276134816945,2.106438973851856,-0.05311963443664156,-0.1378421590653643,0.9655670041167244,1.6246937710621214,1.5891493756486148,0.2658906277320857
777898fe-3406-4520-aed2-8a81d2ba1bb6,reestimation_v2,10,1,3.2387135018506177,3.083658453471368,1.6064523732233664,-0.05432334695524737,0.27482363730575354,3.86472306266848,7.536640916110243,7.553729480070786,1.7644897220650968,1.2404956428845948,1.8845185015498875,2.9407036064069167,-0.4613263545536036,-0.6006052582655512,1.5559605058371995,0.08689306952436116,0.007728090689042677,0.935154161706224,1.3219835394474881,1.2661871545174592,0.26372494683906555
af6c2654-fbe9-4655-8f45-7d9f35427b8c,reestimation_v2,10,1,2.1343702506312257,2.2517411544610555,1.4279302281540232,4.7612726396761555,4.80204201914408,1.7440577478550052,6.168349648746459,5.934388143902803,2.057881169842107,0.6310798620418228,0.1971957661607947,2.6091529051480573,-1.0865588087568596,-1.1757961246462838,2.2394575365347147,-0.24793665558642855,-0.1709132333847423,1.1260659369531496,1.4881516785803188,1.5403848688380657,0.2974119147321614
a67dea9c-bc61-460e-9aa9-7adc8ceca57d,reestimation_v2,10,1,0.3104440094578577,-0.3126603340901377,1.652217727400614,9.04528074842593,8.613826481023391,1.9674083834554583,7.704412018201736,8.259972363565616,1.579018335943666,0.8760596209748459,0.4356508338283438,3.350641186215722,2.41099588785003,2.5920942585920033,1.572164659491508,0.2002464589349032,0.38310397514043615,1.2120836142581322,1.2361648174949362,1.2408459545253356,0.19645194037306654
29ab267f-9f99-4311-8d85-d89595eb3934,reestimation_v2,10,1,5.832819832756813,5.4617371494898235,1.5000372110144837,5.426936614845551,5.46585433315021,2.0123792112799874,6.605894000585639,6.4983831961751175,2.2807710216697945,6.088310462166782,6.595788900485112,2.2895795678021744,0.4501516533289944,0.7319230758753736,1.6880119712882218,0.6687392022002103,0.9230050924427362,1.0342951762769197,1.4584969597189905,1.490162768707333,0.26999450309012124
9bda9310-cd19-432d-9710-25a2ba352967,reestimation_v2,10,1,-3.1240686019963557,-3.3317692847527702,1.4635365423170879,-4.098829100390013,-4.165565319491522,2.10499092035314,-0.35594158838820356,-0.0675455350740668,1.7780513635063675,0.7512343717387866,0.5771589408975517,2.9305684441597752,-1.3508771525128378,-1.5385571434502219,2.032152036923114,-0.5072053138592221,-0.61061027982471,1.0294283113466582,1.1337873019110343,1.0666852864841068,0.15736024003317772
4b2c706a-1bd6-4f19-a706-b2f5394e3de2,reestimation_v2,10,1,7.590453569012229,7.534655733596221,1.638963622506637,10.573341992604,10.575845975341556,1.9486858314505315,10.57148733654573,10.455889084462767,1.7050525538421104,9.788291381499914,9.796541106052391,1.8251084738359218,2.992952687586147,2.4650000204293856,1.4794627317309037,0.01792228673596071,0.05927089484274063,0.7832337380112643,1.2427407818251996,1.1772899833966766,0.21995875332774842
58c19917-aadb-41a6-a82c-1b4eb3096390,reestimation_v2,10,1,-0.5737422662620384,-0.48840443657836585,0.8199227601862809,1.3963417526851065,1.076360576909451,1.6031907907190317,0.6906180948675578,0.8266108956665116,1.3373302773717834,2.9532382352613653,2.033508730696918,2.554982940335092,-0.34519507897892415,-0.3206797244424442,2.1147595524748746,0.35287303400429365,0.2188366351614125,0.9869541038727202,1.3431828552877088,1.2389555136026849,0.2709550749921243
8af3fe61-0c87-4725-8de3-82584623232e,reestimation_v2,10,1,2.4976029499607177,2.07757050619116,1.5464679939665262,2.55486811023422,2.4325306836203753,2.7363383210194576,0.16195697746793072,-0.1485553479121755,2.527041594087831,9.890219039682298,9.5069903865105,1.4850211655526977,-1.3978475592010033,-1.481252929390766,1.7349548545521845,0.9178603872344014,0.9345486348906683,0.9954649171110175,1.5466215515158936,1.6169559125497448,0.26872082327035235
7b004582-5d49-4038-b037-fd36fac7d7e6,reestimation_v2,10,1,0.29028093892729506,0.16616256640664115,1.2181069546344394,-2.67035528348854,-2.9324299365548807,2.482065576644226,0.37891097104008903,0.6213595181170419,1.4324196102088769,1.7865213695666948,2.732025126849205,3.044499637674846,0.4872249328063765,0.738063334148584,1.6326810155753375,-0.504161386510091,-0.4673881635221493,0.9124211584321986,1.4661514586439337,1.4544940906392625,0.3058685884907569
3e7a45e9-201b-4c4f-8018-3dc27053dde5,reestimation_v2,10,1,0.96982369389659,0.9289460580121094,1.0603643232864481,2.410878414465933,2.575623012440944,1.9557974569261691,2.6536967874396518,2.848042458375449,1.4912384233126446,-0.6371109054317116,-0.6063373911869853,2.3784009544703335,-0.5898348963700357,-0.6025945838646001,1.864985306741343,-0.07147629025946874,-0.1296050154002082,0.8314668198299668,1.3807394812815887,1.306996516049987,0.2290880007762291
8814664e-d7d8-4be7-9f36-863cb9d39adf,reestimation_v2,10,1,0.7024370151939487,0.5960990576567329,0.9254849948323552,0.4921418611781042,0.5031650685006195,1.3978048666894383,0.3741413838407115,0.18284386956150867,1.5996700474181273,1.083834591402954,1.770371602415035,3.610274654797563,-2.32077001988111,-2.2278770133767263,1.714311427661101,-0.19768196841511596,-0.07186229593895188,0.9792117214414748,1.3555303835356678,1.2525085546677992,0.2906411923644274
348d771f-4036-4220-88f3-ac84b87f6cb5,reestimation_v2,10,1,2.583085443580492,2.6866461192695947,1.4665942526998326,7.844192846912914,8.449128376254212,1.9455845370128066,9.468865510406475,9.287154629214486,1.372119380835417,2.0293049033418686,2.4712728475622403,3.075069650925358,0.06489937587024817,-0.017898886494792376,1.6121897190833332,-0.0007918360396113826,-0.06847412408765767,0.929561951076717,1.264756855110361,1.212635667853551,0.23477028684731457
c29fea7e-6b1b-4ea6-b865-f6833a9623df,reestimation_v2,10,1,-2.686410752306494,-2.722471164885881,1.5126289035233123,4.618261104190116,5.213681217467434,2.7275144882585174,5.5480093560695565,4.921492012415602,2.2025571714970558,-0.3264249373242901,0.2863970810236549,2.798305723775717,-1.5323689351488368,-1.3435853456059053,2.0627453678666603,-0.05986490693081837,-0.5691255274544204,1.0073520702468783,1.1396512875645415,1.0767699920880436,0.16089219425712364
c83508b6-c53f-44b4-b8b3-5c089ed5e26d,reestimation_v2,10,1,0.7858255282035826,0.8693531598727078,1.118486868868683,-0.9449127138867374,-0.8863775333688848,1.6089965846716046,1.409812293195567,1.5283752929794834,1.7567332482650364,-1.8009424010492336,-1.758138944932792,1.8258196901606663,-2.4155812301690696,-2.8472384332109852,1.75619489730717,-0.08005617849961262,-0.15937580982841681,0.8608700408085379,1.528445715583873,1.5420537828384915,0.28246252828821933
93c188bf-c201-41b1-82ba-46ec3bc89b2f,reestimation_v2,10,1,-0.6407042229647665,-0.3699418430383276,1.2468945114108223,1.102894675194988,0.8061031028532049,2.0703060636267088,1.0888109239315473,0.9856055129889246,1.9590135050002397,6.173104296367888,6.437918778525928,1.663193036419275,-0.4137572436653629,0.11739055866568543,1.8892233462487609,0.7322396961480098,0.7076418082925501,1.0037112752710338,1.4271499774432987,1.4094683257958498,0.26292287968991407
b77372e3-e322-48bb-99ed-b58994baa8c3,reestimation_v2,10,1,4.9383161471308625,4.974265259775627,1.1216070390227013,11.011285779928762,11.25336270389316,1.5141616578748391,11.277100233073831,11.254186040930433,1.638272412874139,-1.231577716588432,-2.115730767033765,3.551769969100896,0.4456930887624259,0.9399300091739887,1.6485598406470958,0.4132289324905967,0.631526414792463,0.944800770368582,1.4109097883521544,1.516147440413223,0.257914309623419
a0cc77f3-c360-4d9a-a374-dc00e11495c7,reestimation_v2,10,1,1.4162363299186698,1.4071410372589641,1.4370728079622583,8.489790451197868,8.473249435782376,2.095731995953471,9.274546312941846,9.199631407617323,1.9724032303921593,0.6919861557308761,0.37971822398349,3.05970188146138,-2.373912265633059,-2.3220114568020187,2.116719227767676,0.6321763779075799,0.7069070400156965,0.887300203867664,1.3395026853578635,1.2765423413098098,0.2737435205934892
b08eb01a-89ac-4b0c-a645-e441ecc605e7,reestimation_v2,10,1,-1.2885177637723995,-1.2388985221376552,1.4062239849167477,1.2451766759319787,1.395691838101651,1.8118446568761346,-0.4509815486952155,-0.6291175483114666,1.7751865554934025,0.17022409535012775,-0.12435547163240201,2.5459047093381706,-0.7829218026157437,-0.6990577973725886,2.2130730354183537,-0.20686509731746563,-0.11137565341406375,1.0205812944882282,1.500288460466225,1.5054370829359418,0.2968787282777552
bbf9cfb2-9796-4deb-a721-7fd526e0bc2a,reestimation_v2,11,0,,,,,,,,,,,,,,,,,,,,,
a22b414a-f9f3-4dbc-87a5-8d84412f0971,reestimation_v2,9,1,1.1248003043973822,1.2143316391611858,1.4333651481440326,0.035753005701142544,-0.057697914574971865,2.3604908186511184,-0.13453725997417998,-0.8316630428401655,2.071424435418728,0.10862909825006561,0.39922129274546014,1.711327247869525,-1.048689002152305,-0.7972644710123864,2.1637257391966878,-0.06356645492201728,-0.1335609035656371,0.892681365110311,1.451403344357065,1.3680956260739194,0.2595419697533478
22ea9189-6e48-4fac-8c7d-901c7c89e9f7,reestimation_v2,10,1,-2.359853385731637,-2.487355542039066,1.4050819686866904,-2.5663027730829615,-2.7708393954876924,3.012921862071301,1.4408492762188996,1.6631152733111483,1.8294559014961405,1.1217934073861688,1.8380033527580952,3.318191940591984,-2.6672391339034673,-2.7445431100850746,1.7055010538430508,0.13539260508747128,0.06449700531066149,0.9729711013805156,1.532384594172875,1.5383773366601419,0.28376662896591465
130ce3a3-adb5-447b-9765-5c53ebbbf764,reestimation_v2,10,1,0.851295768799407,0.3590747340607656,1.3018379412256555,-0.5876505042086709,-0.7610785916266813,1.6792922045398817,-0.83873663598831,-1.074338589723922,1.4006951884527252,1.3364558043326122,2.1854111949643373,2.9866954438462985,-0.8134083579758833,-0.5439949992250717,1.4204276011880854,-0.5533658108965811,-0.5774653587328685,0.8610566854570423,1.4399416207727682,1.4903108239333223,0.23438464568803133
93ced812-7655-48b2-b968-ae8994ad103c,reestimation_v2,10,1,3.781147178724852,2.9330060511009304,2.6026537076657417,15.106542133511292,16.57065804372252,4.0027691194448165,6.599080313681765,6.245878643766644,2.53945676973404,10.805691708370167,11.123554678963723,3.3538552443902883,2.4461566990880854,2.4755147552348573,1.3867328231620542,-0.4608104166396509,-0.07093639910194519,1.1552383565419213,1.0817749594370833,1.035541594153984,0.11912714574040416
97c9ca20-df3a-48f5-b63e-571e950aa70e,reestimation_v2,10,1,1.414583112134039,1.201632269549308,1.3808870588312434,-1.7047476339674632,-1.953261948285613,2.0985118990754854,1.076705500659046,1.1413003926903742,2.3103142356130446,0.5621027271408365,0.9144193634324509,2.846578471055337,-1.1248625861849177,-0.7066889095711552,1.8721904161520768,0.3967704007244241,0.3853359860401384,1.0044840549597052,1.5405919420813494,1.5964460966481935,0.24955693123102599
ea6a500c-b952-429c-84e5-3972d4886723,reestimation_v2,10,1,1.3011082019970537,1.3548543217204392,1.3103360492990763,-1.7341893229793146,-1.2219639146012513,2.90804112869015,2.363800990997571,2.1282676370606555,1.7603583226012522,1.2615608492053973,1.0933336443625872,3.2448050615313826,-2.008997665828648,-1.958946283158254,1.6908430962006478,0.2662041920402636,0.29048243150474296,1.0021866997437117,1.433740938735568,1.406781041219374,0.23882516913335708
8d6110ff-64f5-45df-9ac7-ba1dcba547a6,reestimation_v2,10,1,-0.7093116019562707,-0.6526851654038341,1.0982486952122053,-3.2411317885233606,-3.477987538996935,2.1232873798964356,7.3798026344073175,7.443515711079547,1.5294824114501624,-0.5294154965588019,0.1194163994398566,2.283768130390045,-2.4230533765360227,-2.31473822987147,1.6065508497631082,-0.4432451521469964,-0.23694039992656157,0.827698297068648,1.3292718533135595,1.2638263055768792,0.2254992071893283
388cbd6b-2b67-4471-b09e-b7006503f779,reestimation_v2,10,1,-0.46588122096760487,-0.7890024243704521,1.3556059543176917,-1.4799673786762069,-0.3386951832501085,3.07295424534785,3.6618027634309787,3.730755489161802,1.479164252577062,5.054131957467804,5.026615045075837,1.9944526522405674,-1.318260559320579,-1.4589691447398243,2.2388315999192727,0.27661723881531497,0.162561605071047,1.0755778185391343,1.3662338068334823,1.2949473938877538,0.27747520434313644
92f023c6-8cec-4f0d-8388-fdf479eb591c,reestimation_v2,10,1,3.7883435138267,3.4916472330648065,1.6662860612890564,4.482954102416688,4.661749235422171,1.862512288254611,4.969429891309094,5.4750781337235335,1.6830771955304245,5.573780258562071,6.0072714290567255,2.3946423645818986,0.7538944086445003,0.5633382709306984,2.2074552569897974,0.7856558787880014,0.646024952803766,1.1149187006123655,1.3900240068585294,1.3502420106139237,0.27691872423701525
4eb11c7f-24e5-4801-b807-67aadca66a12,reestimation_v2,10,1,3.770901754881209,3.5660253162462188,1.6160015768235632,0.009780215029120314,-0.0983049282686892,3.49573955817306,6.0543694533110815,6.0028222313608435,1.602897856941592,3.5771719729066747,3.6563782562439164,1.7286473653948335,-0.20478764497100538,-0.1487770450428778,1.8403775785251062,-0.6615034365311205,-0.8192040542506405,0.81836990348372,1.4333398483174304,1.382870091083136,0.25849238620720316
36811a31-d14e-4f4b-8427-b84a5573b991,reestimation_v2,10,1,2.393854442145255,2.2292545769004652,2.11175983012224,6.768582705537014,6.489184003167546,2.6028648503008025,3.7333020446566625,3.9694374007493183,1.9185897694144198,9.042768794980107,9.364287583974756,2.0116074525331813,1.151419482091299,1.027129467429373,1.9939179441211154,-0.02596611485606427,-0.11744069646032518,0.9267169856718808,1.157157236718052,1.116739124293337,0.13911348986772099
cbbfc212-4b7b-44b6-9295-ad126b844462,reestimation_v2,10,1,7.7823224166552185,7.6375533597124114,1.6683240986384202,9.288242465333115,10.607499514607182,3.642321075987172,12.40626369661006,13.324321065735132,2.6393787108102242,13.477442407621353,14.183215536911623,2.1009255164498017,1.386188453955012,1.5516252413640705,1.4222084547581746,1.7535022505704125,1.8851509952007124,1.2251907179791788,1.2797934668917994,1.1271160463020526,0.27007698307485517
961b0a66-4ed3-4277-9d11-4daca329d29e,reestimation_v2,10,1,2.1394752748189907,2.0866574486597775,1.5057754494095508,11.611019724532897,11.275624835168747,1.6511564556524785,11.509487439254515,10.863415562985185,2.0901987277247143,1.1162915360128591,1.6829645183617616,3.328277042062991,-0.5371148407933484,-0.7451250772583747,1.7352010994488938,-1.2011118950451654,-1.4939357425208057,0.9630541890811368,1.2998334843402146,1.172594976380989,0.285196872075596
86e65e70-3fad-418c-92af-db796eb40a72,reestimation_v2,10,1,0.4230479064982793,0.37695446211751227,1.1512330964050084,-3.137077129979338,-2.730661381357466,2.3521480270927757,0.6463904562445086,0.6064360265135018,1.597255158583343,-0.8754089902822656,-0.7043771562838503,1.8674065619717009,-0.9811094059150238,-1.0406043122655537,2.067785680109881,-0.41440418292934317,-0.2621825958003851,0.9479534426306164,1.4857346051644462,1.4763872961050426,0.3038364572849894
1c5dbf36-91ab-44e5-a61a-ca6042507cba,reestimation_v2,10,1,1.491099799752623,1.6157759199422654,1.116928936409072,1.8615313480418205,2.258106593611526,1.1868915758757936,7.782906777226433,7.706065500202739,1.419921706691617,1.9836625111114394,2.201462327283447,2.749339967082167,0.03451965579523883,-0.28456869154394854,1.4879255075189584,-0.3406934417468295,-0.2475660365513367,0.8237480191385217,1.3781588004410315,1.3475008058124112,0.2623666943075239
28c1ba17-b07a-4b0b-bcec-6f1134f83db5,reestimation_v2,10,1,-1.9907373651528102,-2.095359754439589,1.6833580279211557,6.379100205935235,6.977403243297168,2.332608072882661,6.992599287820818,7.757190779748564,2.1807891956352234,0.297724499751918,0.34899053407611846,2.249816931325112,-1.610232853294917,-1.9456489638274812,2.2487356173683346,-0.1738046920872983,-0.3462480343522434,1.2164150153684887,1.1664968793767387,1.113107882566221,0.16744543180872898
e8899b4b-f8f0-41a5-915b-d36519d3e571,reestimation_v2,10,1,-0.8684173406100059,-0.6061406630575853,1.294404911898788,7.816565578355199,8.312617364689924,2.8591094731004763,8.35903354805415,8.368886050160462,2.515923688611906,7.036694057669802,6.6912036227294625,1.8791000133091984,-1.4625182426211312,-1.688149756940871,2.317943942305873,-0.1245217956462344,-0.21316513588397965,0.8173791942612451,1.2834912447881965,1.2703864312983386,0.2329962228830113
c7d93dbe-96f8-4aa4-ab53-c1f79d68db30,reestimation_v2,10,1,0.40825376039234984,0.4030651241484848,1.1990545150263276,-3.178968412527325,-2.7247261227707416,2.6754582978605175,0.5703075236001752,0.5561134093723048,1.8878846644646978,0.1725383677868391,0.23820691984033798,2.117563495283752,-2.1501743030202825,-1.5912728580384985,1.6824953949140509,0.010450157563254521,-0.13409207894556596,0.995177231087238,1.5426957532149128,1.5918982639179273,0.24909482200522665
085ec00b-7b3b-48a9-bfd8-b79bf599c709,reestimation_v2,10,1,2.267951598864346,2.265308674293647,1.2328235487692116,3.378513886633105,3.558279061860904,1.722050031129675,6.778376004716003,6.982130015269023,1.4825410590453818,1.6023726881250553,1.754230750203483,1.7810647718926178,-0.48747339453858923,-0.06322024444766638,1.6226114733084378,0.2960413152590726,0.4899604588925822,0.8896629612860395,1.2030667000443476,1.1023353703690202,0.18450790027212424
5e8dfdf8-4fdc-4a50-a8cf-d2a97d38594b,reestimation_v2,1,1,-1.3971595279238316,-1.281644376675246,1.5768091032482126,1.2886672150029674,1.601522542394766,4.044409841603387,1.1908580647591973,1.2073511077919066,3.067917424224234,0.6315513656518085,0.46603765306289624,2.96039260636555,-0.9566185006193817,-1.0670703647528175,2.0203952741880182,0.004645997420723434,-0.000814426879713892,1.105772822054298,1.485274121584414,1.4683955702447506,0.283658593275479
8e6b2883-78d4-481c-bbe4-d413c9dada78,reestimation_v2,10,1,0.527610170573078,0.6511439175543857,1.184666532107567,1.7172273722171552,1.8584146048733174,1.4232226280876792,2.68391937346963,2.70943433054462,1.5082116176525617,2.4282505555950653,2.3774118110416267,2.096890679864082,-0.9314873052325249,-1.822272677469011,1.9002235325246528,0.3179120646116223,0.39388641411503533,1.0724069758477415,1.4164629797167902,1.3671707357312155,0.26559484812080825
05082aea-c5df-4826-893f-931a38154257,reestimation_v2,10,1,-0.7447014381889264,-0.35261460964119595,0.8584885805196191,1.0764001451203549,1.6424502754474113,1.7478333884418307,-2.304885059407574,-3.0058280808804927,2.7750623331385778,1.343782715761156,1.5082281806615807,1.5262432558901777,-1.1493637482043082,-1.2119109187879862,1.6142247009329915,0.7309074065279574,0.7276884087390946,1.0736548462470787,1.4178453038428052,1.4138783880186314,0.2797965015675486
78870d13-af6f-4b90-bdd1-e2dd535b7fe2,reestimation_v2,10,1,0.16325720757778756,0.06460736701108327,1.0899999782851708,2.302583678016754,2.3280195178982606,1.364613885057161,3.3859617208911237,2.900792262818186,1.7452274069642935,-0.3252259885783977,-0.9035083123903953,2.656022223668142,-1.1020088319093149,-0.6560651740181687,2.126611122214427,-0.2520537057097551,-0.26697800969007224,0.7450038101965385,1.4841620996896028,1.3902445558197303,0.26173375761495377
b21eb87d-b5ee-456d-8fa6-aa632582e779,reestimation_v2,2,1,1.2393651411221378,1.0984282346761316,1.5797866088639578,5.526510892978086,5.429930437076765,2.4071255381243084,0.9748140528829968,0.9673073124541332,2.954880399298435,1.2997814439987396,1.477622729964665,2.882930008584833,-0.8183131723765172,-0.9402793712857783,2.0206018385775986,-0.06702775641298413,-0.03707727094790442,0.880853099334892,1.5137652969615958,1.5581015404056733,0.2918428226745169
f4853d33-7cfd-4634-a1db-0a42d61c850e,reestimation_v2,10,1,-2.145140284841665,-1.9947631606744194,1.1050604259371986,-2.865933770285629,-2.140604104848394,2.5553844561309256,0.045231953910504205,0.5437032121433889,1.6870843394248163,-0.8231321045185528,-0.8702968439691523,1.9542847874669214,-0.28546256641235107,-0.4701379342034857,1.6159270604216587,-0.47969661562712945,-0.43420517502329004,1.0530498095336083,1.456281413401835,1.4946280593228871,0.2537771010821726
63920769-ac49-4c1f-8058-de3e68b69e73,reestimation_v2,10,1,1.1548379004890679,1.278056973552018,0.9870533858091793,1.8879612847791585,1.7643989424744648,1.507714957337293,1.867559179133372,1.9466841697247212,1.4507838476147337,-1.2094226894189657,-0.8921968881753044,1.9427550986412538,-1.269845480945305,-1.2149610136803157,1.1570778999254439,0.0011779215776319915,-0.034628969121092285,0.8348979506452928,1.395571272478742,1.3522457167284716,0.2243063373355613
f40a4bfd-2202-4352-a30f-c2f225f81817,reestimation_v2,10,1,-2.149742995633103,-1.9880067626286486,1.4882438046562882,5.992437864165933,5.410945065116896,2.3093274214245896,1.8535623661525968,1.86037850446405,0.8248966044945241,1.8971298365422677,1.546852992947077,3.1865073603819956,-1.2476815765693394,-1.2972407196317677,1.7610690152937198,-0.09526543480110233,0.12366114094248287,0.9400812570861252,1.5323252288010467,1.5624592226248926,0.34917076921527807
5fd0590d-9625-4c67-8bfa-5668de6ccf1d,reestimation_v2,10,1,-2.802632195184823,-2.6468938853865907,1.470369081159142,6.190046196628161,6.1167381839610675,1.508932516273103,5.330723251536439,5.430506312038792,1.75378460323034,-1.1906357480098702,-1.2443176846610524,2.4190821001203617,-2.3299202486904806,-2.7123951199765557,1.7435837863009434,-0.26670567052283867,-0.2134166257257637,1.0997179290329655,1.3853082081020507,1.3216591342697743,0.2533004819929278
0c3b5c3d-4d1c-4dfb-a9ab-1a5767344193,reestimation_v2,10,1,-0.6566417676308935,-0.692696888001948,1.3619590541223228,-0.34167428755063084,0.19804268758896523,3.489902989262769,5.384908951378798,5.245105665509354,1.7054273300310672,0.9508632104739286,0.3606762256117442,3.0671308484964253,3.3056056195554624,3.5009829890829587,1.7523983910836824,0.028786418391408258,0.1311728451033678,1.0691890970595042,1.4307592520486643,1.3723688638265827,0.24984029170267116
f7fc58bf-3903-4f38-b066-c92462bd977d,reestimation_v2,10,1,-0.7505161406106893,-0.7026301975691609,1.2668806254467775,-0.7724307965785383,-0.9968330125431317,1.6475330357039182,0.21734868943215124,0.07356104844138445,1.6520979808131337,2.301003926167555,1.8350865541974704,2.174536945545635,-1.4364488738407835,-1.2162088072402815,1.7445289174971585,0.24752754207621966,0.2614548293657867,1.1064653990421405,1.5676130459846063,1.5253031150419163,0.29612290961638343
45d6ad82-be9f-44c2-83a4-d6f5c5d63166,reestimation_v2,10,1,6.452651439505929,6.49627696175065,1.124872059271062,5.570103686275429,5.494209413192285,1.7633146271209996,9.765951467302175,10.10765393648743,1.9811230888593283,5.353039146253832,5.199255552602257,1.794194565248628,4.051843077055481,4.349895019052613,1.2400823370448764,0.7165155920989382,0.6728193483260556,0.7995463805163987,1.5646135056671169,1.6002950923161963,0.2668186375110806
a6b4e680-152e-4ab1-a110-a0db92695d57,reestimation_v2,10,1,-1.8211379422282763,-1.9250834304314994,1.4973998216885234,3.7495981293433114,3.9167299426731574,2.848822265984581,-0.3545647842475937,-0.41555980343736887,2.722234586449029,-0.6479146489709646,-0.5210231898064951,2.240130627147651,-0.3126346917983675,-0.40517958994987324,1.709340637945157,-0.1381389227429633,-0.10036215089515688,1.0377128431973859,1.504140129283405,1.4880779454964934,0.27369684356964785
ee291c3e-1b7e-4388-a35c-8ae6b5695ab4,reestimation_v2,10,1,1.6896049016803378,1.7044215295501441,1.426740381763677,3.7591878379286645,3.168959928015911,1.9963925728116791,5.943026068697447,5.860569957855017,1.5605563451184359,0.7517356303913947,0.39308010088707945,3.24427523102387,1.2643971537521925,1.2221279376584762,1.7183681056375857,0.10710895961501492,0.2281711293936708,1.0247700132599442,1.4315665998524476,1.4086964359742846,0.25874708306036365
b26b826c-2abd-4442-8b38-5fb781e02b82,reestimation_v2,10,1,2.178646628369508,1.8662221100214516,1.7891780002636815,10.736388022337465,11.805108548571813,1.9628734123357527,12.010409834858102,12.46072830854139,1.6613679208532077,-0.20934444290193732,0.622046444636257,3.4539407533892654,0.9749082774906243,1.3381350356346644,1.8377163666713745,-0.2657108358441682,-0.41498227449512215,1.0692424434694137,1.3243590180043163,1.2404317326569672,0.29550358220104744
f198cd0d-97b4-4fb6-9cf1-2dd1e932ccce,reestimation_v2,4,1,0.9245607063881427,1.0984994854835564,1.3646026352138696,0.2855025201040575,0.15584980900582235,2.1163190789955073,-2.643459526502739,-2.7536501926942787,2.000395417582527,1.064056353317613,1.5614307416043567,2.8573985686902703,-2.1143440388579178,-2.3219858177328936,1.8785158166005707,0.061841548138963275,-0.08502450735722533,0.9554342046776362,1.4420735297164715,1.3748768057516225,0.29131912113694686
ce0e61c6-a7d8-42ee-8059-405e50b44d23,reestimation_v2,10,1,1.6514404969508534,1.5440785632438552,1.0380182099000492,-1.6684077224173783,-1.4474924050672993,2.5462566230625603,0.9220328987462428,0.6198224864082906,1.5887834140701338,1.4255406050777353,1.039135493779006,2.5210791820094802,-1.1168741650386078,-1.0735845293000392,1.9620271214173606,0.07920279891402394,0.15405248702037327,0.8234977307648451,1.4894969129193494,1.4988551670097565,0.2909949493249732
7d1f3e77-db22-4b33-9ecc-cf7a780f5d9e,reestimation_v2,10,1,-0.5024144331427755,-0.23649172498297777,1.240019850556569,1.0543182570224763,0.7970933766054771,1.609170855095119,1.000081225703702,1.1558330396851806,1.7033947908450076,1.9506677599262836,1.883792775637154,3.3945659614923804,-0.5491091635017208,-0.3766923473371395,2.5656113600947954,0.30898609792690623,0.2703560039391785,1.14530351394533,1.5068790290828524,1.5472009269575417,0.29809679544375633
2b460058-06e5-4638-84ba-4b2620bc380f,reestimation_v2,10,1,4.306625780722338,4.437382978597278,1.2540092789147501,-1.5392953432952854,-1.2597415326475705,3.40723362469179,2.5745034877202535,2.5611075322433368,2.5587105930161513,4.6210614069739275,5.01106770020103,2.350452472505666,-1.0276341653082175,-0.7663265738046193,1.9189052578853771,0.6121022336618087,0.7045879465799949,1.0182793527561682,1.4849037021073523,1.5127714966404762,0.2540317248154879
a2e7570e-5bb8-4472-a8c9-4c67d2bc1801,reestimation_v2,10,1,-3.690400278496364,-3.757372198561858,1.547200153407593,2.517375502575562,2.3895692863944924,1.458932180507805,1.838371522461935,1.9659067354841904,1.6528707199309365,0.2986582320008424,0.7438480662978133,2.7635707252239907,-0.8248684473081117,-0.5576472794012164,2.057145178235012,-0.786409209939528,-0.6643756021421536,1.013738072525542,1.360265667566415,1.312563909753225,0.22419366351249626
f756ea3b-579b-43aa-a63e-ad71ac10ca9d,reestimation_v2,10,1,2.063947294502408,1.899720287987425,1.1217512707893824,-1.9199669632668939,-1.653745518428259,1.6890390215502669,2.0861464281126265,2.3776859400140973,1.9225532555114206,3.184606030557768,2.8583129513668872,2.2009355374497637,-0.9887986492206282,-1.0354427037584442,1.592529542118533,0.0493402155742561,0.16692466885254154,1.0279657923426875,1.4436977786968057,1.3424070809672677,0.30094603695938593
b3979ba5-00e1-4882-b308-31e54a265a11,reestimation_v2,10,1,-3.7671749627446793,-3.9611762960241594,1.4195720431098187,3.794035445953829,3.982142114430312,1.545498681618299,7.451559871506484,7.429254091480251,1.6952241007229805,1.1079908728260999,0.5192999138833513,2.8685561760497307,-1.4582447164921355,-1.2277234726440758,2.0239997036092925,-0.45838568017058967,-0.4656045063477223,1.0695423270580413,1.3458741675973227,1.3283150562044235,0.23973997660151872
23ed1de3-cb3e-423d-b97e-d656ea1c8fb9,reestimation_v2,10,1,-4.658012733166138,-4.8522423321840265,1.257489353365125,-2.480136250707185,-2.480664133730772,2.7156977048383655,1.220665468153684,1.1597790635975578,1.8658150842434633,1.1164427985623286,1.1758406258708913,3.005825315243436,-0.7202795272442689,-0.6118842847146657,2.014742887853294,-1.0278606949027835,-1.0275628958839533,0.9242977620662285,1.4822108273264352,1.5005842394474695,0.27102247134323426
3bfcdd13-22fd-43ae-971e-87e0af695b1f,reestimation_v2,10,1,1.7246215828369467,1.5660934562510058,1.6499874264067724,2.627234844178063,3.0434783102983016,1.7715363783268645,5.902855544170704,5.857680801560078,1.154789798982056,0.42834088681754184,0.15513520390933833,3.001771875587947,-1.2288303463004078,-1.2375479693140607,2.195644069615093,0.0893698200729179,0.18501983282762718,0.8646335160962054,1.3858708887611337,1.3411698619053976,0.236209966885764
2837466c-c36b-4295-bbaf-ef46efca28fd,reestimation_v2,10,1,3.9076173991147325,3.8521083717082685,1.175760207195587,4.528304841861019,3.8508025379693382,1.6119337931170983,4.5088293173066285,4.231555166970244,2.2677948545044675,3.0105236253072447,3.0814099357699662,1.5828587740195819,-1.8157397218582256,-2.387949950498737,1.8788540213692908,0.0951477485744725,0.22690315474046163,1.0758127931084092,1.3719947745808798,1.3295226715560502,0.2287330473125839
21d58164-1c17-4bb2-88f6-0681f9bec5bd,reestimation_v2,10,1,5.093835190225182,5.202625389490373,1.80292750345992,-1.3511528581046837,-0.7823879906426147,3.2076411147987542,6.329170760855902,7.039082115627085,2.7214452115480294,3.2184995711201423,3.23747831248952,1.796972240021406,0.974635083185331,1.1490594790246618,1.945718871521562,0.43936231366910145,0.3862506999929472,1.1708930653081646,1.468073705856805,1.4661113686538794,0.2597689071824779
4c305e09-1f28-42e4-9c46-9b2167f138cf,reestimation_v2,10,1,-2.3767536716905386,-1.9891760176833087,1.6662323633163407,6.218559586437173,6.36313175910731,2.6075180882803264,7.22987298236556,7.368366150093474,2.2332655981537664,0.9106258817863674,0.5230486524509654,3.368615612451762,-1.5284933150047895,-1.679049177268174,2.078302248939949,0.18049994141897285,0.3733728242768254,1.0603535288962316,1.2057388837179945,1.1428787208992743,0.1977538516694736
81104806-78ca-45a3-8f1d-79f622e61498,reestimation_v2,10,1,5.777793185850961,5.778974018236773,1.5255515866828782,3.8192903506340605,3.9520296019808385,1.9286242970306688,8.551403454819209,8.55694768719992,2.2979901336095785,7.611765062291583,8.132727864485613,2.2213150147278466,1.3725401588994002,1.4665619229688704,1.4626731460591538,0.13988819409581266,0.012533891248356133,1.1733819975765332,1.3208065169735699,1.2876241220674671,0.24683101339611116
c877f37a-2ffc-46d7-8faf-991faf3ab20f,reestimation_v2,10,1,0.9990542386095603,0.9831955720941257,1.3882646567458017,2.1305290126757352,2.4100215610646973,2.0697541425604435,2.3982712711250285,2.948668803638955,1.9664196093642057,-1.130582626147523,-1.0235576512559081,2.0588809080497,-1.002681022726879,-1.607685475562289,1.8992071024438932,-0.08309618959565092,-0.27478047024693614,1.1161572019595707,1.563005024346789,1.6150635471880224,0.30185302282251053
305eb303-5028-45e1-abf9-5eba34a786c3,reestimation_v2,10,1,1.4647089339067607,1.5399066662926761,1.4230532814488823,0.12058649153058937,0.39982571678264944,1.9566327774669774,-1.165218778194334,-1.322064933677985,1.6854050090883608,0.516723789054444,0.7820286566181065,3.445286731685439,-1.379980527206886,-1.1393625229658215,2.2840181473374828,0.47874146643442766,0.5093537491409186,1.0195300473991178,1.5951347727976881,1.6084139032630231,0.26500994931215927
9292241e-c0bc-4120-be00-6d461d95d82e,reestimation_v2,10,1,8.807927304427475,8.811676197501368,1.2485210519777366,3.298112234423749,4.0034913719737695,2.3952497108581574,4.999013143219094,4.60965651749223,2.665217759061829,13.5834920509625,13.485624149940403,3.01084453329634,2.2150097375533915,1.767908416030698,1.806130710708739,1.098176988764912,0.7148930785011162,0.9589408646253722,1.324313776732716,1.245106643861108,0.24165638967134712
2ada6527-83e0-4fbc-b820-33e8e903a2dd,reestimation_v2,10,1,-2.504157689984673,-2.206054236250683,1.6334452106791322,4.283941406438551,4.694876570947127,2.7282568296657863,5.514069461329079,5.987737608089729,2.5155406000014677,0.8297731538981953,0.29396553688743365,3.2846766712793722,-1.6687409297179754,-1.8640604312964197,1.7525968217528594,-0.2527039127131878,-0.18228670191493077,1.0799976253878871,1.1910425777833873,1.1406129169143338,0.1820998114991253
ec6fa772-da8e-4d6a-a6a0-9fed4d87a467,reestimation_v2,10,1,0.036510009004138075,-0.025150272907917437,1.0320531911765425,0.9702095919856867,1.4850529914131179,2.042382723848465,-2.1045614810819204,-2.511062342780747,2.2177895098910656,-0.9848937610093086,-1.8951441088621328,2.319297740767855,-1.065458463878069,-1.02076173392196,1.7362006308951066,-0.5622892783948873,-0.5232002204960635,0.8607909479080655,1.4031897744205701,1.3302664671971698,0.2844833776329503
bbd0d01e-a3ab-4132-81f2-a9ae06f48330,reestimation_v2,10,1,0.8918296454586987,0.7363337636725836,1.097355663737113,1.2467267996380367,1.1508343324165318,1.460890498596793,1.105623516706501,0.9450033705780998,1.274753710515303,0.31934048739112125,0.5268889309920226,2.668204056068045,0.7384711435494461,0.6159212038688645,1.365189411108991,-0.5888242146211238,-0.7921710060872171,0.8205823175521092,1.4610637573895837,1.376867935998117,0.31180878579142546
28e46a23-08ab-4b0d-b774-6326974cac12,reestimation_v2,10,1,0.18515347695247533,-0.0672697799874924,0.9327396449902625,0.9458263444328557,0.7846237589069383,1.1474479024402764,0.8840739938643214,1.0900556224523772,1.1892381223124389,0.8203143968568264,0.537603551593846,2.943254193450466,-0.9578440297549423,-0.7952343275756819,1.5505978902366295,-0.31984903710917345,-0.7235925867535942,1.028817277575173,1.4593904926785142,1.5005162044990514,0.2578810432022787
3eddc2d1-0d7d-42cd-bd61-df6b5d6a37c9,reestimation_v2,10,1,3.5198071566857774,3.0119902552748563,1.7455483507233942,8.894593739768888,9.110894859440203,2.346437066672028,10.990680516585684,10.642167656253168,2.294278718183406,10.968589557118982,11.470475519142454,3.204828325567618,-0.43506326503891235,-0.49426794807874014,1.726302805474947,0.3039186004542612,0.053220175531406566,1.192938894059938,1.2134667940964017,1.1306153619275,0.24446485273004168
3e62a27d-14f7-47ae-84b5-5f304f379e72,reestimation_v2,10,1,1.2243241021085713,1.1155716490536431,1.2343552318569198,-0.6254185036047771,-0.45089243866742423,1.8937054583198272,0.48838402480538506,0.9570521728638732,1.8050162086048347,1.6134822213027171,1.4427701797476224,3.3858632405969162,-1.4605204699171488,-1.7545153214598264,1.874213455381583,0.46035120800459545,0.5916991182760938,1.0270640375290339,1.4067147258494712,1.4219039918011132,0.26815137451019805
c8fd7505-f644-4491-8b52-f0d5316fa9ea,reestimation_v2,10,1,1.4137747443496227,1.5356028314021521,1.290328627281742,6.367587855267366,5.975848011352407,2.0989660316070347,3.638628141167094,3.680347263055893,1.3243499804568921,-0.46212321969098974,-0.43960447206612496,2.3170148641000976,-1.251045320082566,-1.230572551683093,1.8716195349925908,-0.04204399822704926,-0.232510276408731,0.9860001579619548,1.4471784920574342,1.312701110210875,0.3114181365162241
4774cb29-7466-4aef-8786-a97d1cabd306,reestimation_v2,10,1,2.1212774564065398,2.17314159633446,1.4075334325852038,1.5599194417485824,1.6321144352226755,1.6180318397228048,-2.0073766546975502,-2.127157026482672,1.2312231973522612,1.0200578387339918,1.4968107771589976,3.4289764426146707,-1.6133152560695154,-1.4278715370461423,2.217508672952489,0.1576967333016913,0.06883629120161167,1.1066564127252614,1.553336245938276,1.5902015298482888,0.27795471379930065
8165aa1f-0af1-45ee-8041-925ac931a03b,reestimation_v2,10,1,4.032458497523939,3.7086484664925683,1.8945124822618524,11.47154739809456,11.18194052717004,1.5685594323454788,11.185886326559402,10.881414063481733,1.7932282498154009,0.7058904980121468,-0.09895308951420034,3.4986952450991327,2.3642495921046276,2.536667099371988,1.5314799374877885,0.5795184326070818,0.46146154846673515,0.9069728195919834,1.5340353528189572,1.5868123289715488,0.3118337362569154
1ce2c96a-9351-482e-a7c1-6a3d1702412f,reestimation_v2,10,1,3.738983797285188,3.250028666547337,1.7932831255178738,3.7616904672288407,3.688319435698279,1.5641916981849076,5.533751050480927,5.783390160837341,2.0760844516160835,2.8518206975218985,2.8955046932008726,1.7982939389243444,-0.6796310080347997,-1.3786725177376415,2.242338094282634,0.8589974322760016,1.039362719834565,0.9729843933761178,1.4721321180541944,1.5078024247674047,0.22839018785988127
05cf200c-79e7-47d8-8303-0d9b2784df16,reestimation_v2,10,1,5.300722339433449,4.8340637668282955,1.8160949211501385,9.293272034133965,9.440714852806076,2.1992081957602108,11.600021075111888,11.50102900389786,1.2389277864757593,5.414209895872809,5.382416124986083,1.8550107217670881,-1.8981630262627731,-0.8249057808134477,1.8260607028351965,0.4077267899437019,0.5584760959107498,1.1090627935430057,1.3321216837711756,1.3815006934765026,0.2427031180503357
7abc99e2-3181-4ce0-b073-574ead306f3b,reestimation_v2,10,1,4.671709642808758,5.014710961630148,1.4185005859512632,14.080384905464232,13.37218576447692,1.4956884691082208,12.494899696210421,14.143253335259846,3.1668544888746415,5.629902743842852,4.78558762439603,3.527790792618841,-0.5336916724400245,-2.168093677127183,2.613857548222699,-0.16218047747775774,-0.03855996459406308,0.8452693620052725,1.175698238295642,1.1038334935700735,0.15306489206326596
b9336135-e4f5-42ad-85e9-bb0ff588f035,reestimation_v2,10,1,-1.579350924666647,-1.5205325853908893,1.3036789829730995,1.0926051174441929,1.0098993421064275,1.9554870050149435,0.13232456587626015,0.38460248877137704,1.6392553317231597,-2.1462182041674454,-2.078935859313014,2.359062198258775,-0.08667841089585224,-0.34210621866739116,1.7696828412445642,-0.49479687559222113,-0.7470478762081854,1.0453381494326703,1.5333050748271102,1.5218687806693922,0.30455820703788206
f7ee2809-0b7d-48cf-9edb-3ac50ba05efc,reestimation_v2,10,1,1.796681013517327,2.035426938130593,1.295303767148476,0.4150401341200868,0.4671900253142826,2.085460897083451,2.649873206490358,3.15430100996423,2.0979679186495055,2.7667624813593226,2.7408581597289894,1.7632013998946574,-1.096188449518538,-0.8835081275369021,2.2837008355802917,0.19040418526696481,0.12883165514432354,0.8533438252212563,1.4613474010279677,1.4426540889016153,0.30905421526798116
b076a389-a6a8-44c9-af9f-41df48828a8b,reestimation_v2,10,1,5.620039889910223,6.0499920955053295,1.4768314449225681,13.390833493003258,12.758478970262106,2.1835468655732293,15.49484897484703,15.157717223220267,2.385520510974395,9.019693132986733,7.960006812615083,2.6045946876953576,-0.6710167130987463,-0.353511542545621,1.5591821428892427,0.11844646491130682,0.1723696315055819,1.1411926563211585,1.1029935057797748,1.0790349041547422,0.09779952763748154
d6c97fbd-1e19-478b-abf6-913f7e5cf778,reestimation_v2,10,1,0.6492141818276108,0.38186524264621846,1.1981136003883395,2.496207585102143,2.3511735079365055,1.8950200101286334,2.8047658841641416,3.0087418403917656,1.6820337693718554,0.21682403354252994,0.013143030764239727,1.9905113723761396,-1.173093174401712,-1.7551767115985486,2.0809989093466545,-0.0331139013795625,-0.09828385433631198,0.956304687981022,1.3826679321827575,1.400434003138478,0.24420186672758612
545f297a-d648-47bc-ac76-10d6533ad84e,reestimation_v2,10,1,2.9003545429342674,2.8746170989320046,1.5418471528861548,5.967668741771062,5.650299414279472,2.1979864046443396,0.9408921196182904,1.2323593994774908,1.7651618654815493,3.888445640205198,3.5306057729163074,1.8660444610851783,0.43907155624762434,0.9195238314856576,1.9460667361680108,0.13035383913369086,0.0008800886999198454,1.19952304951932,1.3822651783139799,1.32383524544392,0.25857072177878254
59306860-681d-4ce6-b7c9-4820da37abe2,reestimation_v2,10,1,7.919627798651815,8.34537514573814,1.535435293899545,10.390573988128072,10.51195791200223,2.194783046833666,22.055385504285365,22.330901083279578,2.2095256598974444,6.22149605442583,5.2246310180573765,2.4398252529474496,3.2311457475595797,2.723972393491567,2.2769405487243586,0.6465886276013781,0.9876162323211768,0.9113169695307722,1.1185560201354505,1.0790320885733422,0.1550496979951356
70f2bdb6-9030-40a8-ac73-f9702e31bacd,reestimation_v2,11,1,0.5602345169183385,0.6535511447895093,1.162899778860666,-0.7697741437607079,-0.5361752989541655,1.6794423261926332,-1.3182209953601278,-1.2788686260605626,1.384311400065544,0.7565742743107907,1.1896745761904854,3.570163025959426,-0.47464488257733967,-0.17979421896577152,1.9536997458403988,-0.43019926849700924,-0.5428419149907912,0.924767446957343,1.4941454573417148,1.5167065579771293,0.2840952909123696
531a174d-bcc5-44b5-8934-61f10cb75c08,reestimation_v2,10,1,9.405347564442648,9.414756612193447,1.0768742466136576,12.216812981753863,12.139295446828093,1.5199292851958357,11.887918857123486,11.187671782471831,2.0589638270713335,9.796681102231483,8.870588151872887,2.6500045938725005,1.8033467240248566,3.219789380930891,3.332851179482145,-0.3207843116128609,-0.4763046429442841,0.7834029529602438,1.3677044538364245,1.3855143652218125,0.20001358031823704
43f4a344-2f3d-4582-bf02-d93d8e764946,reestimation_v2,10,1,4.732851751422376,4.890863018612976,1.280695944800067,4.535846950473693,4.503468162494268,1.6681100264383955,6.803568010735803,6.558687372094205,1.5261625336499693,1.0490921694603708,1.4844958164574296,2.8476944405272158,1.5172323888762262,1.5302258290144628,1.601446026060808,0.29388336007560684,0.45022313973863937,0.9462697568349642,1.4515341061622145,1.4885694510940137,0.2862231391154995
9fd50cea-e9f5-4e8c-a27b-df6c96b6e25a,reestimation_v2,10,1,3.1045392701477947,2.8258696590022043,1.7397303615628177,7.2055335862765055,6.928831011736591,2.0918847226074826,5.400339870834365,5.7345440896431805,1.9145501160315157,0.42919608610219395,0.9515884829240304,2.9514304345859617,0.28671845517704414,0.20013517096000588,1.6991633450836892,0.38969095068578474,0.7733457753886044,1.1848934585633408,1.4299570344181767,1.346666294173019,0.3167239617124916
ed75dea1-8e4b-4ce0-9ad9-ede37f3c6081,reestimation_v2,10,1,0.9294304130456933,0.4743762642208563,1.6341133555465048,2.0629767655745397,2.1050476524980164,1.5656100030772162,1.9195563783064251,2.0726912431747446,1.6474390084719244,0.6706552350761079,1.1627578385732864,2.76931711866405,-0.9656986134583838,-1.2198917862291236,1.9177024712100637,0.19911563455556125,0.44171323570885024,1.0368682591067202,1.408869184499417,1.3225223935570432,0.31065600884164873
1bd549e2-c2db-40f3-8d3e-ca5b2c4e9f09,reestimation_v2,10,1,0.7255554147567268,0.595504628583225,1.2571134097236338,-1.156517294192058,-0.36442792931653223,2.74602556933293,2.4144574839894166,2.347242350039119,1.2416466814050697,1.0838844684620403,1.0505306517276876,3.102776723830098,-1.2718886305784702,-1.0424221288236284,2.0200813818582106,0.12790996833293183,0.24021984086991793,0.8836251110138762,1.4151297043981195,1.3846573177831227,0.26725274060488136
61b99656-947e-44c8-a9a9-6604db3dacf7,reestimation_v2,10,1,-1.2926335305063175,-1.4075344230579274,1.4470672886316787,6.1152606670620955,6.125027899731137,2.429180437830463,1.0510342261602437,1.756005876883611,2.592725466371151,1.1567303872030317,1.319023297108917,1.770368499521025,-0.8563091641023881,-0.6873821814989198,2.0204019020332753,-0.2178081303742932,-0.3181038057983774,0.8807514143680237,1.4221167801311418,1.404435418502486,0.2859216617888099
9e3e4b88-f2ed-44ae-a3d3-a492b8c61bf7,reestimation_v2,10,1,-0.854160045527343,-0.6182165783826226,1.18772155575644,-2.224709163991232,-2.6556097863129304,1.7978540284993922,0.5199789361968232,0.2509939553103733,1.3112621412095158,1.7543365981893777,1.4135551487109024,3.1944693240388156,0.44025259461094546,0.8352004201995284,1.6329602448029095,0.11459900980027485,0.19604947542836776,1.141972131161362,1.4051472825395284,1.3420020373243697,0.27390609833256646
3fb445f8-a65c-4879-a3a8-aa852a34f2e3,reestimation_v2,10,1,-0.9259671057410774,-0.9075590398565139,1.238327042462307,-0.11929556769569699,-0.7311258804103895,2.1870192168970717,2.9130031600272743,2.7950572669994695,2.2018233310757966,1.0716378925435879,1.5226515608361835,2.1876647971591625,-1.2456392936547627,-1.229462928324451,1.9561530691701643,0.2407407465654298,0.030029194668788284,0.965075190439728,1.2825480023016103,1.2502284384746822,0.2276482452445218
7b8bb603-6cd0-4823-97c5-d3ef473e9355,reestimation_v2,10,1,-1.9553945832557198,-2.187356438410405,1.2913513381812045,0.4324713634482186,0.46340367511356195,1.7368113499581181,-2.3709949950542843,-2.2081948506181113,1.0507102260140941,-0.657530221295363,-0.7538350575483413,1.8333439564639686,0.9065973788712878,1.2037761162121199,1.8174395494055318,-0.09875554723908749,-0.08023320057510142,0.8379432379788176,1.5253837862256232,1.4942707835299793,0.27654362475250294
1c7ea2de-9ed0-4bc4-b4c3-d53976b60c5d,reestimation_v2,10,0,,,,,,,,,,,,,,,,,,,,,
09898fad-b11a-48fc-a548-286fc0304f6e,reestimation_v2,10,1,-1.0289060959034533,-0.9307109369542382,1.1942395707742626,-3.136503583129131,-2.7240197929623484,2.3724792617816486,3.6777309534155216,3.478421266413699,1.9808118009201487,1.8930142804527037,1.4284222255164516,1.9843226457396705,0.2247457655151674,-0.27108247252482487,1.6583254637060225,-0.039361646060669955,-0.059049458187549475,0.7948528492613604,1.4581684111024946,1.419419691862289,0.29053632914374083
436b7a95-c5c9-4bad-9e01-0233958feafc,reestimation_v2,10,1,3.7105042344138512,3.5139440691669623,1.5267468751679154,13.434817782147068,13.751671192594486,1.6679572454948106,15.474422650849505,15.482194992360899,1.9768415840294469,1.6393237837360113,1.4497424924998268,2.533664150731253,2.830522184180985,2.85832972432868,2.0299600620629614,-0.24246406502326248,-0.3331676725003079,1.1648172473321703,1.2844369168145848,1.2217129410357865,0.24451747282356662
dbb0470b-6900-49b2-879a-cbfa9f7de5d5,reestimation_v2,10,1,0.8009700832134313,0.7215629006631352,1.2073527645196196,2.2115450238518872,1.9237876318577793,1.6014241559728888,2.1153775840330034,1.9276733157194232,1.6094545738738042,1.7472131031987257,2.3257254308999427,1.788653364703054,-1.380759386157962,-1.3367480490336372,2.0806911015409146,0.7042228550397024,0.8452007895011391,0.9829837876382523,1.3216881056843515,1.2960453121121935,0.25256951009897355
77ef570c-90ed-483d-b10a-39df50818026,reestimation_v2,10,1,0.7243394391398781,0.42818683185990447,1.6809285757781525,5.271403906016597,5.693191575367534,2.3019465073463397,5.643216551396034,6.09029696155718,1.89290969031728,4.290353819372097,4.818015285919857,2.163781460783195,-1.1617316367000476,-1.2846043354480319,2.532382968915766,-0.21708441261886433,-0.2938753426707277,1.2324200682262436,1.170688957519149,1.1138341685577093,0.15842305616510627
83735325-f974-4f0d-83f0-1db25110377e,reestimation_v2,10,1,1.2289812040095123,1.2555609571370807,1.230038504959615,-0.158628977641425,0.405820338490396,1.933292260237021,-0.14735939109230975,0.3376530518653258,1.7455109958225923,2.000606219651116,1.730585192028771,3.1027283826577503,-1.3323542349792494,-1.9563878147049563,1.9026780978380253,-0.25571751999738096,-0.34790309164324373,0.9437533527058409,1.4214794695801316,1.3470177327247799,0.2521105469169413
06740aff-642f-4107-ac8b-1f5d1497a889,reestimation_v2,10,1,-0.6320780046032771,-0.6649670807683878,1.0952656488832524,5.185832406417582,5.100958845845937,2.316586182438558,9.030680779102498,9.16290893405343,1.2325707719420231,0.8965225566686786,1.4175292153832477,2.6517673909575854,-0.49612437662938863,-0.021500786541918337,1.9767166293947056,-1.0522455166789546,-1.2522092063234562,0.8448872874674538,1.332111292577291,1.2887470650848676,0.2217518338918671
cdbda0fb-cf85-46f8-bbfb-738a54c332d6,reestimation_v2,2,1,-1.3805462562236213,-1.4368525840471542,1.4122540013855778,0.7209872426297187,0.7385084388932199,4.194234440237743,0.9261628813986894,0.958338394236419,3.1873873922660487,1.0396260883911717,1.2827579296381053,2.9944087900734555,-0.9398094509437595,-0.9521953908327699,2.158154597637158,0.01666943037372921,0.09935870722729812,1.0490727148616978,1.5178756597091705,1.5290924806883068,0.28855474955596355
200a0798-a85a-4ec5-824e-6f525211b2f8,reestimation_v2,10,1,-2.633210916437597,-2.099441110309217,1.44790003023746,-2.649802089597474,-2.58709348839559,2.8645611086337226,1.5151421066617243,1.8078487272051804,2.082516626787516,-1.3910871743160595,-1.5843983033887177,2.1334888382705426,-2.091355758631361,-2.2599405087652817,1.600285165157202,-0.26294937358171855,-0.3305145967011771,0.9041129198601232,1.5172348391784627,1.4826448252834252,0.30476316930635844
260c7aff-6887-451b-8f91-1ed46339ea56,reestimation_v2,10,1,3.03723456697749,3.3292647108468203,1.5634900126583426,5.034532205930218,5.318278743706997,1.5512750225427332,4.267840746331427,4.462441186466201,1.508628392800946,11.298191800273285,11.77721016186735,1.4883176349275926,0.5199265730391402,1.1069891544486514,1.698567209570161,-0.2139850017454181,-0.026274951043576827,1.3547601801083575,1.4453253371554806,1.3942459317017537,0.25966366644245115
663f8e59-81d4-456b-abe0-3c9b7cf56e40,reestimation_v2,11,1,0.5386651402908916,0.6309828153706323,1.3834809999838205,-1.7717308259316422,-1.9189433769631108,2.847021631475614,5.340120873502975,5.1691186680449,1.8931678265180356,5.711440916561222,5.234389160543227,2.645988704445768,1.2670344199898,1.265173747287435,1.7323454835816885,0.49713527403280605,0.7135715393016263,1.0212114144768418,1.390123988243272,1.2555740298576095,0.28349565626020773
db9e12c8-e933-4df2-afe2-f033e8776c8f,reestimation_v2,10,1,0.6966927588131857,0.7158114943552714,1.048835460957608,0.5705708052559512,0.21323706592603228,1.498805171360188,1.402982154891908,1.1963322898738693,1.358859856892523,0.7976402373746851,0.9476497236172152,2.7927077698324205,-3.399086221117535,-3.548856046294927,1.7558254763620258,0.0936760048675298,-0.20457841126275755,0.9969944436832028,1.3671005833458187,1.3012269253931577,0.25481300081419656
a1430952-781b-484e-8697-a5ebe183954b,reestimation_v2,10,1,2.210103417811218,2.066952994987143,1.2912984118824906,3.871924086634189,3.4152200704135387,3.5060802455786217,10.024770522100635,10.210003089529806,2.850409347807819,14.28199064141789,15.099316107838973,2.2943245331318503,-0.9241085089348139,-1.0241559852786901,1.8700949176084778,0.3153908301634629,0.5014478735723538,1.084891529815676,1.1502802729165889,1.0835473693740405,0.19954283634306033
273e2212-ce64-4b06-ae73-98f850f8d9af,reestimation_v2,10,1,-3.500517608131322,-3.65407157058913,1.558735634280455,-4.740565611374581,-4.800144268373019,2.166568286261008,-1.5798177415712245,-1.408474763283174,1.5928922233095408,0.9034715910749889,1.2191962899887696,3.031638603886168,-1.0510484637148945,-0.9431141848632691,1.882835007289561,-0.7994336655084776,-0.8845083945612965,0.8430763067016624,1.520592069397693,1.454946856528418,0.2800062831491875
2649839f-26bc-489c-8db0-70cb876ec38b,reestimation_v2,10,1,0.16724992650820605,0.1317189848217506,1.1086168126579903,-2.3332571899399968,-1.8798291762207913,2.66972693135321,0.8408133147518869,0.9925440522779596,1.3438358063986497,-1.8207790092857656,-1.4163173185156306,2.1817141496567425,-2.4779290667690823,-2.4851587607314682,1.684002740874422,-0.004697363447880116,0.08157191770361122,1.1214737273879687,1.4452992394298043,1.4472065082032333,0.2841649181704808
75c1c484-7ec2-49dc-9d45-7e809300c1d3,reestimation_v2,10,1,5.693593830856493,5.511138138356305,1.5896660392545061,10.843396691566095,10.992952966448396,2.198406236097029,12.519140845587515,13.057330594663625,2.4845009716579445,4.687089458860367,4.138246100736374,2.6771926849626624,2.978463373885426,3.0971453999401906,1.4441775725054853,0.6188607579420637,0.8077050025017523,0.9986816392728721,1.2520058040709474,1.190049341264038,0.17791168136145624
22ff4328-e079-401c-8c8e-292a191aa484,reestimation_v2,10,1,0.5644197155472443,0.7756524732238306,1.2918817363216974,2.8284466569014706,3.1524216987638773,1.7533714491052421,3.4259894306797607,3.6788485662936523,1.7011012725330639,-0.3640691101325888,-0.2955657564316576,2.267806247588286,-1.3095684931985265,-1.0782867931717872,1.9671635687050706,-0.25757794421433616,-0.21834195338543416,0.8980155614034773,1.2745768807647928,1.238537469634941,0.20834663415311772
9e6c9418-273a-46d1-bdd2-3041d5b7d4ff,reestimation_v2,10,1,2.460674775213696,2.3200050863303296,1.212999052818017,-0.5560549363324965,-0.7044033318675726,1.917072924018363,1.4628987411121233,2.000450112879873,1.962296071104095,2.495473217275476,2.293228782094571,2.42542754061095,-0.3707472368264717,0.04202746265898938,1.546352237122379,0.3567382277491306,0.3579176248702368,1.0399570852641309,1.5575318485075296,1.6609061098920481,0.29635607763108895
0d8f3a38-69fd-4bfa-846c-dc9542341da6,reestimation_v2,10,1,-0.42707800566300247,-0.26476525025831976,1.1436063623998716,1.6473046266294462,1.826998463002719,1.7131133961759006,1.027672896695171,1.1784599247175702,1.5412405998451773,0.7907468338024083,1.3013535552729034,2.66435429102506,-1.2467883801381292,-1.380046630821098,1.8153712214783453,-0.0319267753514695,-0.11309153807520311,1.0732432922811104,1.3805888776117974,1.3764512217194584,0.27227614126401245
93e1ced0-8e0e-40e2-af69-bf258ad3e284,reestimation_v2,11,1,0.9886575064769321,0.9115989484426059,1.232351038455785,-0.30170270820526374,-0.13021452587742344,3.571355158397365,-0.3964062766135159,-0.49370310180856125,1.3445041134561857,4.637019933898082,4.729745077600339,2.039082405414088,-1.4176858866882642,-1.6355350431731668,2.023252099542452,0.4668249039226626,0.5935682693459423,0.9801574254321036,1.4838694680547557,1.4225442381180462,0.32701961355402537
ed4894e1-b0bf-49d0-9562-d2c1531b4bff,reestimation_v2,10,1,-1.4778492502737923,-1.5677631912348395,1.067994433239495,-2.2291976592417617,-2.2072293549288693,2.293405265402914,1.011912843118964,1.0786290403531686,1.3987961718269282,-0.039154787033159485,-0.2366762582950679,2.53626875876275,1.0921641225693834,1.1768368395343938,1.2954534187157902,-0.3076560663008218,-0.19551882678347388,0.834120826185034,1.4358846749248093,1.3850164475404665,0.3186711854161109
14effa0c-abe4-4305-a43a-1711e836f3c3,reestimation_v2,10,1,7.325818150778508,7.188496868033252,1.295359102821173,9.144752682969445,9.161940349603766,1.2777914961160708,12.241296280734236,12.031865475090541,1.2737508601563907,9.838715712194576,10.308827845993397,1.265043702057496,0.2626062002600114,0.043045039428496024,1.7285765960794368,0.3114870635973596,0.4053142975649189,1.3904194556961111,1.3280422303269404,1.4052206579234632,0.22452925761259337
081e9a40-20c1-4519-9e74-d0dd500e5d67,reestimation_v2,10,1,-2.179303600598582,-2.287287412294196,1.418100455952905,-2.9277200376319525,-2.541510983307324,2.8032381105578885,-0.19366354443797842,-0.03035835484864091,1.281541233447095,0.8904047929865277,0.5585710743125674,3.6452144654330656,-1.2727470674987784,-1.3539873234474629,1.898344752027979,-0.17427338187674887,-0.24521148729543096,1.04098257598767,1.4528147629859365,1.4859779747562576,0.259394816028902
4272af3f-32c9-4af7-8ee5-2bba1bb1b6b6,reestimation_v2,10,1,0.3631317761896149,0.1972987614267474,1.2997413552439525,1.6612111683074051,1.733932920064721,1.9400325762095203,0.09410078903184015,0.3851287520170028,1.8116941952295536,3.643706042342099,3.153046192912098,2.7275098069106147,-3.149585891360638,-3.015490119866869,1.5698631812239854,-0.5337301278930361,-0.49110928042857976,0.8173334358983814,1.2520030575938395,1.1438355993794618,0.23607553888611693
978045fb-b954-467c-a4a7-b64e8b1a121b,reestimation_v2,11,1,1.2466199285486994,1.30172211863965,1.1062855456048255,-3.5126439937056473,-3.5863353998823158,2.6735979273900767,-1.3189772819889545,-1.808121284716343,1.3373407460260693,0.8913643849006219,1.265003339770167,2.8645050802408862,-2.4235811736181176,-2.482255586582965,1.5239649311904038,0.31416440589705535,0.3873480857092552,0.8800156708880216,1.4439508139229187,1.4738964632879308,0.23646832356179975
465259ca-a24d-4604-8734-15b9649a25c6,reestimation_v2,10,1,7.32940753173243,8.108292952182174,2.040699236070399,4.988522195526525,4.634029079083549,2.3694701302399355,9.548006218410121,8.68417069901559,2.252265954408528,9.46463439002042,9.057616949888573,2.235955487999719,1.8179130664882672,2.091136991858073,1.6871724079193302,0.7608581776905105,0.7179935870249361,1.2543548338994792,1.3362973698487397,1.2184491494531786,0.25589683501817395
3b71faf5-fc80-4e37-8e75-42bcef95b6cc,reestimation_v2,10,1,-3.270853831853189,-3.384196824105259,1.4664064554117349,7.891250944617613,7.970119163919254,2.322074865725679,5.512354315803843,5.57588203281877,2.0307181100745013,0.4923020812835997,0.15551426599084106,3.4183744254954243,-2.6952744609655013,-2.8908604239165925,1.7335505043921553,-0.36213608922419743,-0.43908385850396126,1.0333622908470586,1.1997710282016236,1.1336745306839167,0.1821414442914452
66f76683-5b9d-4bca-bdc0-a9312ae95c83,reestimation_v2,10,1,1.0145311558888386,0.7326861934110982,1.2488373327961806,-2.5565584141426236,-2.783388073721446,3.172959645043958,2.265275704953764,2.367393915296496,2.2918329599118183,1.6201200708378771,1.9087690894271696,1.6098253164316925,-0.9161789275269497,-0.9520931642231216,2.192908158868786,0.3069209530565202,0.4025708619785886,0.9619922287546452,1.5289773925138939,1.5586830195607324,0.25432810822699714
217b0531-cd85-4ec5-ae52-9cb59b25ee7b,reestimation_v2,12,1,0.5988236148098034,0.8345521597824773,1.076670100450998,-3.4816918230514564,-2.5347497965972674,2.332898789304398,1.8784124503372823,1.7927963264622142,1.1703406845274176,0.9151588333075541,0.7653520153835135,1.3179620663700895,-0.8233397850901445,-0.294537601249802,2.143419275118478,-0.4814062794714577,-0.5176117838695541,0.9712237526549147,1.5221047863161814,1.6159788810223101,0.292256706787171
7ccd0e60-8812-441b-a051-e409503b8a1c,reestimation_v2,10,1,0.7970304788525661,0.855147148999341,1.150906773695233,4.8897882026812525,4.685170155883999,1.4960846118756677,4.522312662770924,5.061287994547607,1.958345946321868,3.3425440142146594,3.0644333908593726,2.019727145799675,-0.9701732730158686,-0.6106545426678043,1.5725661533502375,0.7242772460376138,0.624734000336738,1.0388674454905857,1.4451530108709054,1.3918269881111605,0.2756953452983113
e4a48bbd-b25c-4ec9-b46e-d1abb8b339d4,reestimation_v2,10,1,3.6123159009214985,3.636239046555076,1.5265452586189576,-1.713141899161605,-1.702096052425706,4.347368733207786,7.0251787442751255,6.943406004581307,2.4027963047020395,3.1721499645593387,3.2349882886191983,1.8310808097685383,1.5554524781954469,1.6296299723676886,1.7616472842171262,0.3965705247489501,0.5087236432214491,1.0360259957233278,1.393098247465892,1.3307744788137639,0.2907399691045967
820a4a46-a2ce-4b94-a2ca-7632d4124256,reestimation_v2,2,0,,,,,,,,,,,,,,,,,,,,,
eced4e48-4d0b-417e-9895-c9d2893a64c3,reestimation_v2,10,1,-2.4823826596433065,-2.4725652991197906,1.465534957431389,6.532367413390923,6.163637994207405,2.661973147708617,7.372644169670032,7.062436128315559,2.3656953336164523,0.6916788948636089,1.53810857895911,2.917771861140777,-1.3342288512053,-1.245982467382868,1.8230470567580266,-0.2607395752627904,-0.40592536936192364,0.9754086204491372,1.1926198574955966,1.0881265397981763,0.20739426863855173
b1d4277f-550d-4664-8e12-16b26749a302,reestimation_v2,15,1,2.463987550842605,2.3192295654091666,1.373822963997667,5.161218844359101,4.478852452435811,2.0663763737729206,-0.41978349505142304,-0.2284993944026903,2.2321860262257602,12.87869246993411,12.629139049134277,1.0663846563761474,1.5382421717988854,1.5667008736912302,2.2309545308682184,0.2248733271772502,0.318968877199739,0.9215554029924555,1.509530160424566,1.4720552191707905,0.3343602884887353
db99585d-a06c-47f7-9bfb-d9e7fbb8fe46,reestimation_v2,10,1,-5.558643346091555,-5.282847644674968,1.4628196440220143,-7.381113855085273,-7.703226567421206,2.1500762634983945,-5.249550858655614,-5.2940565311586685,1.5451422171127331,-0.7165698949846364,-1.657268588015417,2.2906260635430034,-1.381863959738863,-1.7502640998121932,2.113749708001219,-1.4567777408953264,-1.5887139126487184,0.9512614028653509,1.555638021215554,1.629901728351928,0.23288681849197101
9c7dc9ad-b18f-4ea6-b863-616bd12a9004,reestimation_v2,10,1,1.4345243732361768,1.3217436340277278,1.2214041942930474,-1.3510735994986667,-0.927005512766448,2.831641256624172,2.912832618537549,2.8333166123332476,1.651108985678985,1.3608369680901824,1.156828166389675,2.824186394106764,-0.43125435242436977,-0.3196875411203731,1.5910580138357528,-0.30280628566932594,-0.2130046886514141,1.0527304001858186,1.3965927153931683,1.3461646851725895,0.2731099696084916
5e02806f-2baf-4d2e-b432-dfdfd8101e1b,reestimation_v2,10,1,1.734929923150419,1.5463693846021007,1.1006639034233565,3.3907510800507814,2.362045248004394,2.86989067378725,0.054984908241455875,0.12182275470178006,1.864076388710523,0.873701257895587,0.5086925861086274,1.8040777840344902,0.7769784631502502,0.8226666387871167,1.4839855916107603,0.19945467645537088,0.4254167780561092,1.0287594944806249,1.4398000526375205,1.4673976617473539,0.29319868857765025
f12b0141-baeb-44ee-8ff2-9b05a09d3eef,reestimation_v2,12,1,5.187733497075606,4.753161811647283,2.297453666850425,9.978122590212708,10.711859718156406,2.364890597746554,13.901033408760325,14.469617908806304,2.1080279353066596,0.9079261761022138,0.24814488013786012,2.4369828139955545,3.9679513721550785,4.116765161811515,1.8299183953498417,-0.2261543177026306,-0.08343773480541838,1.3609269785414175,1.2602973148606267,1.1470632143634178,0.2354446783018537
857b63cd-8108-423b-b7f1-5b4566ef012a,reestimation_v2,10,1,9.144203724492089,8.946321108179957,1.3016495665409396,8.312259966396988,9.33649896830418,4.290479269182492,13.586964942812326,13.928907599575492,1.4959140026719084,10.906493327701254,11.160866081112225,1.5309510488988611,3.9785888870583324,3.7706642026709902,1.3757403834021824,-0.3528912863833408,-0.3842996344675247,1.2122828417713871,1.403328554685751,1.3644434322220595,0.2730377591175394
62bc7d3d-5585-424b-a714-a7b1b682fc58,reestimation_v2,10,1,1.4384752614968772,1.5846927606076633,1.1881407622757025,4.130489331656318,4.008276898057469,1.4823263078278492,4.260099084436738,4.134512574275311,1.9639250475588885,-0.9421744171494156,-0.5452223631739326,2.5004501039217226,-1.1309179726665302,-1.5012274237878747,2.121847982380626,0.18196044786487894,0.253180537330751,0.7835680788879105,1.4736954803120832,1.5274333205094717,0.31220107395679986
934a35bc-c103-43e2-9f2a-cbbab49999cd,reestimation_v2,10,1,-2.9230600830793976,-2.8026392958631847,1.5508811261466573,0.6466675051189248,0.4073120549385838,1.895383782401088,2.568037024682465,2.7056209206463193,1.5107894392111554,0.06787037368331876,-1.0163227335918714,3.0552329766796302,-1.2327802694485657,-0.923768441622423,2.11420050506024,-0.888868748218154,-0.7443164545803943,0.9958099917207878,1.101457244408255,1.0907327892985748,0.08176765241839394
a3afcbe9-883e-4e49-8d6f-be3a4cb5f155,reestimation_v2,4,1,1.2729041517162274,1.090844358351338,1.4943186474819166,3.2210671380525557,3.0853897377118606,1.7670832466756785,5.282906091903573,5.159661074405607,2.1923850485092644,0.9812357391038273,0.4671272677243836,3.3475130185717505,-1.1293924405263072,-0.9760373528638748,1.9749417347628888,-0.07764375534495907,-0.010026884418481874,1.0155358063053717,1.4195622770008987,1.347757503913865,0.30813472814204534
ba6334ed-f87e-491f-8d5c-be44ee5149fe,reestimation_v2,11,1,-2.6565271920560845,-2.3952664319512817,1.6149090677350826,3.420875542624138,3.9387902320160224,1.9606830656030516,5.3653239371701815,5.086413177372746,1.9528802073916693,0.1541257498698005,0.8735282028780937,3.1286601350331504,-0.38717616214682055,-0.6053424985394449,2.0726103138826986,-0.2213807155355696,-0.08694207047948943,1.294604083471409,1.138318705464394,1.0719890390613571,0.14737968901781567
202a2cae-81b6-47c4-8dcc-fe9c9ac514c1,reestimation_v2,10,1,-0.4888693474041184,-0.6023796394845844,1.5433257411037702,3.502692892491934,3.782211019592013,1.864100250735111,4.453561778771125,4.609142772115547,1.3766439452243482,0.4632934694506021,0.9178193977204061,3.0921643856117274,-0.8254485955019418,-0.8271648159139414,1.8894968699653565,-1.0399552683604538,-1.2184490027351575,0.9475956697017424,1.2554303226023527,1.1763674989577138,0.2470521571052466
91c0a49c-3d84-4179-972d-18ea66a9ac1b,reestimation_v2,11,1,3.8607120955346494,4.323405966540647,1.4287530681855563,1.696608941165328,1.5194085055126945,1.3678451721289049,0.4905853471868135,0.07546273221314292,1.5133804176770123,1.3833713934939784,1.4352110172402741,2.674737378253566,2.25344866802859,2.477572201786428,1.5293238524062809,0.32476795446128615,0.4485997130223689,1.030451341507436,1.5821785191466236,1.6865251006483317,0.3016352843773161
414f0560-d714-41b0-b932-d4be5e31b3c2,reestimation_v2,10,1,-2.52366008468621,-2.1303496787540293,1.3720059739686339,3.312724278889005,3.2332051094164025,1.2729367917094128,1.2118728556771787,1.2852240853789145,1.7673634137809562,1.4207468603250264,1.428948240789715,3.673376115028253,-1.4728986219206455,-1.1753381854235356,1.601281214209549,-0.5718326211561796,-0.4293193888144491,0.9322809407710871,1.5708444883271537,1.5952595479043814,0.2801070817303612
d39a8450-0a58-486f-a6a9-b94118a3ac02,reestimation_v2,10,1,2.3078900936309044,2.0978244826261663,1.2652509980559012,-1.3399881990423816,-1.1530329923294724,2.7743832280444622,2.9028854542087656,2.98165702773892,1.2395269362789076,0.3961090271777738,0.056489436904321844,3.0806028972362456,-0.21537108668402044,0.003920519668787481,1.5071024394550123,-0.06813192415078292,-0.12676111134847512,1.027884886362989,1.3219397942272237,1.2736091514839651,0.2371011796287136
831f2212-417e-403b-b35c-a3c696259e20,reestimation_v2,9,1,0.7252886950856938,0.878366112361501,1.2255627229272554,0.8591301139462426,0.6131025443685503,1.6484683302634406,1.4384322095587625,1.4592774745634993,1.632368729289233,2.4146956818443326,2.413813098620958,1.327509458308381,-0.9720044523264005,-1.2956408309360747,1.9976107837550032,-0.2897724636978237,-0.2319008251833137,1.0462446300564483,1.4626234680204515,1.4583181262119256,0.27846906257369886
78f7cac9-13f0-4ab4-a533-8f8cb7e08072,reestimation_v2,10,1,-1.0122344845382312,-1.138806126522816,1.4566987023578821,-0.5877372041456533,0.6331063695475929,3.5546503869145494,5.701270647080398,5.667102587025704,1.55685589538827,-1.0036527319021202,-0.2609947642802979,2.2270902364799317,-3.1979578384852108,-3.4259230912745378,1.6213693346893012,0.1501891313300541,0.17384838222207644,1.0294298954883345,1.2571978226233984,1.1430300049967126,0.2557533071739377
152e3612-a8dd-482b-85bc-bb9ea36dd527,reestimation_v2,10,1,-2.290466373088137,-2.185520792843258,1.1748403563546748,1.3616146772512745,1.3017399731858719,1.4552326960854016,3.181035003785909,3.118794024848627,1.898528499458826,4.675704218284824,5.2353097274992955,2.5629109420494514,-0.6362027948358427,-0.574771513985965,1.4901955382021643,-0.4935974914619681,-0.4131128061254571,0.9303461766385723,1.362403741991134,1.364787183181069,0.2669701578924194
3cf24cec-64da-4365-8a59-224204427c0b,reestimation_v2,10,1,-2.471912329319554,-2.4765775826767764,1.5173511895843483,1.015300116105593,1.0897186018439693,1.9240985665570287,-0.6155809012028179,-0.9979101816439534,1.4620025723825978,-0.9284112140043494,-0.5643883717053346,2.5235741585110762,-1.7873998737520458,-1.7339385502186078,1.8585220055491374,-0.28866350963520315,-0.3669843636686517,0.9582234776978135,1.3595510782352038,1.242298716692651,0.28035513914371196
b618ad62-3e20-4244-800c-81ce40604a92,reestimation_v2,10,1,-3.144255517652894,-3.0306137223124443,1.328631912576662,0.41746072157752423,0.3117622541778329,1.9758777313514364,-1.4822776499113968,-1.4225932210741872,1.5127333432453565,1.3047729288912735,1.937522876346578,2.9242497148426145,-1.6512495992022511,-1.6514978003719691,1.879082456099832,-0.5142020427116951,-0.3097580836303692,1.0731116227035837,1.4921037632801484,1.4907016550400316,0.27653906336022205
e54d8c09-e649-427f-9eaa-bf89c1b43605,reestimation_v2,10,1,-1.6555369286141115,-1.4104343797656105,1.4781470750191716,3.5109745657608,3.4727663961731086,1.641219184166227,4.93611993395854,4.788601245570431,1.9179968835498562,0.7811041738509577,1.3933528606740566,2.952126287493511,-1.3302419794991456,-1.7772865477326736,2.000592665567333,-0.3001208678542023,-0.513442583618871,1.011615771102099,1.5195342087743893,1.586416422547948,0.3216744737210735
1d31d12a-bd95-45d0-8432-2c2ad87d9ee6,reestimation_v2,10,1,3.4160712703600495,3.1086046572159773,1.6359911389024722,8.557408791021349,8.903060257269024,1.693590627805893,10.139714793315058,10.63990825242187,1.5752373237279047,5.442240617471595,4.504002416669772,2.6993631089746324,-0.7086330457387636,-0.8403519035826783,1.934140410703714,0.9402033366844342,0.8618829291518183,0.9560562368746773,1.1919718533196242,1.1938021631897384,0.1620781610844563
68d0b212-520f-4608-b309-02fe07e2c658,reestimation_v2,10,1,-2.059010237740417,-2.1059117832194882,1.2858690832646826,3.426597252492375,3.562693347100838,1.5532910145532661,3.829518811650161,4.1123213617700145,2.0854714054252574,1.0863769412097324,1.2339733929252263,3.7150415076815837,-2.9240482976525475,-2.742463335018036,1.925783248526592,0.19150685415927818,0.05857737169146765,1.0409064405767454,1.6229172232703108,1.7031159125778712,0.28205060047489605
a199b547-16fe-4925-a888-3452e8497e5f,reestimation_v2,10,1,3.9738319036572793,3.95667285064995,1.546558768486253,7.694005142834724,7.705121311627238,3.464736225925115,17.477943982927926,16.832882231641033,1.6241364516045136,7.523464182069792,8.324654100323219,3.5223194502694395,3.3547147971010163,3.350702094472693,2.3348589359176715,0.6449468669155444,0.3961486989919403,1.2340177024214405,1.1101193710074546,1.061563316827787,0.1038807215919696
2c91540f-bc87-4b06-aedb-90fea07c7157,reestimation_v2,10,1,1.4170050141697113,0.7134297338039512,2.0149739618894094,5.205675160471211,4.940283344466911,2.315339016326492,6.146059918354234,6.194330292498264,1.865793720175279,3.0177963218162693,3.2727354837478564,1.4962641857586758,-1.666202294654544,-1.3180959153808356,1.9242995309520783,0.9385532531057666,0.8192371519476696,0.969078261014717,1.136642887446733,1.1055226218815946,0.10884052436182562
2571e581-0db6-402f-a755-280cc3e4f95b,reestimation_v2,11,1,0.27112983961118076,0.058841848735975755,1.1899451645586074,-3.1555339201195958,-3.4164572757205343,2.3055593053229564,1.5521785923315703,1.377745346486868,1.8805146684587302,-0.4873407466208606,-0.20288647797858916,2.212891329795385,-0.9033627164725769,-0.8662261790114416,2.0417118179784084,-0.14480456485665455,0.045664639121896,0.9980764297964638,1.457171961388389,1.3950831416205334,0.29053960397760203
d242649f-b26a-46a0-8256-6b4c991a84b5,reestimation_v2,10,1,2.7597440692687534,2.4100788727619786,1.7097309021032352,8.444491285866668,9.131018075512294,2.3718449919005664,11.234195553149734,11.156484329356132,2.60833837889432,1.1082045887704062,1.6774647786363648,3.3528021612160166,-0.8080901574170927,-0.7599321313454737,1.9129558267280389,-0.47144759010825493,-0.4832147362847341,0.8823829216353618,1.3025612406558105,1.1927031757211308,0.28723354569447845
242de205-9bcf-4f8d-a245-dfcc3fdbfea4,reestimation_v2,10,1,1.7820606155135768,1.4205647770208674,1.3011915913854828,-1.6063091890606798,-0.8228698299001811,2.918187816561632,2.366211262412159,2.7266285385193285,1.708049224582485,1.7007250220820518,1.9398928955475787,1.7781104086991713,-2.1352774596721953,-2.3064569772659853,1.8295925985465693,0.09836248045463919,-0.22648794079848444,0.7981669732616856,1.462282268733097,1.425515578101434,0.269767322111043
69b87edf-3c01-46be-992e-fc6cae9b460a,reestimation_v2,10,1,1.6364854319386717,1.7226398365879065,1.694376756860933,9.350735510099888,9.294564888462093,2.107059517518331,8.207712656598911,8.38064433664898,2.4554647026737797,2.1629912018579738,2.5498555259708473,3.5621544967227066,0.028356173506391726,0.2097657595494276,2.432251905331719,0.14661572828207955,0.29373651506692133,1.0480886638765345,1.1073768315827335,1.07588076582149,0.10606708538805881
adc30e4d-c2c1-4206-bfed-5ef32d161d95,reestimation_v2,10,1,0.41788939094766364,0.24057402047315557,1.0146261319525327,-2.520677031601477,-1.8635603957705373,2.190896732749452,0.029444517066981955,0.1114511206507578,0.7520157533245374,0.21824917666507773,-0.2792436421392521,2.711171482293478,0.6612250523130624,0.9924036608572039,1.2413540631836821,-0.7295954618408714,-0.5629475523792064,0.7912619241927287,1.528731727915006,1.4647530651301206,0.3106868288892825
fb933f42-9991-4930-b2ed-c8831b9b9c5f,reestimation_v2,10,1,2.751160096486528,2.7620577936291038,1.5099228086624443,6.262210642847801,6.437931755494381,2.8281689344381964,7.0881168036210696,7.993728033050578,2.3771369509987994,8.670355479012198,8.578355496022407,2.007637933082898,-1.153167259873809,-1.3820775352295027,2.3153770835679213,0.5664018116732096,0.6203272630079033,0.7850418208042272,1.279712141886586,1.1711777086053299,0.2723664662924212
fa5dcc0c-a3dc-4349-b92d-6f74acd911a7,reestimation_v2,10,1,0.6747851898091997,0.7908392578395045,1.3431055250664503,-2.892391184614881,-3.197419297765159,2.5125018591515427,0.9763917881120379,0.9803565976485027,1.5513023136560213,0.9337077265566797,0.9863272553044471,3.0187216071015865,0.3424428578178451,0.4786887656668739,1.7718566087643153,0.0922077945785516,0.08540330848722955,0.8637223469837078,1.5022806146535723,1.460272436410269,0.29222482230847024
20861b0c-2ea4-4526-8170-a874a0d8534d,reestimation_v2,10,1,6.235744310100087,6.291781223537797,1.6786089440330418,-1.034344968085008,-1.1474224387896477,3.6100279120035896,8.477889356001441,8.26037236836985,1.6520793337627835,9.997297806604308,10.697777585521544,2.8202309091979587,-1.05275621356492,-1.334886250702783,1.7532100447945544,0.272553891357079,0.3135683307200138,1.0087237890774203,1.3749124895164795,1.3194648184780595,0.27308836268934944
ef4349cc-9b35-42ed-a851-a3816fa1aa46,reestimation_v2,10,1,7.800598769654275,7.564558914247992,1.4965182424003696,7.67999956149308,7.719847297420962,1.8821723679037012,7.574434995611704,7.048506891940412,2.2340055285164055,6.993452229899055,6.277166597179379,2.5309191738578454,3.076820711889879,2.970309905076776,1.8539975538114914,0.9881031285357318,1.1010579793101734,0.9373197976232519,1.335200120097908,1.2884329594486457,0.27389514464837195
41e299d8-c5eb-4c3c-929f-713aa1accf3d,reestimation_v2,10,1,6.952457784164406,7.245849785076151,1.976467822253468,9.71266598308272,10.336334870795254,4.838062376839084,12.0061651246793,12.368246836595334,2.124425119203963,9.205953687947941,9.863646674583183,3.3210543797055463,2.000498643437132,2.227797404736772,2.1632898211269653,1.5000403098264339,1.599509532876652,0.9512663046573018,1.2392732862250442,1.1660650197639755,0.19770009480157222
b9a51d48-7b56-427d-8fa7-cf3ec58dfe84,reestimation_v2,10,1,6.566176966410244,6.217286171849536,1.791872115284119,8.258484223175422,7.754201634853433,2.7952249739775357,6.050999235867421,5.229771890491495,2.355730900952898,8.958786660819083,9.31256453203064,1.890539687898451,1.994300663915612,1.7062670999350047,2.1668653145542702,0.7370121002658563,0.5736935106506433,0.9934942118135782,1.4770109686013089,1.446984462775519,0.3012604827738055
aa981c57-8816-4b78-9eec-2a6e6e353798,reestimation_v2,10,1,3.4322262541236603,3.2982340244680466,1.295281909390735,5.762060153710895,6.352911827244208,2.573475739146219,7.662157683226131,8.476955795341238,2.471600757998294,7.540452844032009,7.075619672191038,2.064758968501447,-1.5635853805536994,-1.8606672512972544,2.3469863825587014,0.8587562004429019,0.893242222956925,1.0342402298333797,1.1317123834746992,1.1285559288850473,0.1182395425811818
fe4fcd45-6640-459e-9b9b-7402b0ac5179,reestimation_v2,10,1,5.149985965908194,5.25997990479991,1.5532650943796995,4.92166564081768,4.528357126099103,1.7629353959479213,6.931187843520229,6.907880821969348,2.4952171990977416,8.464962951741054,8.661069813830865,2.017106783140554,-0.7543617537824246,-0.9999783288455791,1.6933867830134632,0.1710623133909125,0.2100236502094951,0.8658307202831315,1.2818906713188476,1.2032889430951557,0.25723196008785176
e7cc945c-70b6-4372-ab96-dbecbb6a5c3b,reestimation_v2,10,1,-1.22637196786659,-1.3291370589572116,1.2630896123511781,5.409917262355725,4.629608101029534,2.3275455054376333,2.038777165920374,2.1058977273533603,1.6124258831270812,-0.6037540656477492,-0.17151156999886785,2.435340765979317,-1.1173472849221064,-0.8714439819906595,1.9543782336340734,0.27910489576832376,0.005609847866050344,1.0214819598455567,1.5263432167637625,1.540116359175853,0.287953636663756
81069f84-a0e8-4bde-af18-1b14cb84444e,reestimation_v2,10,1,-1.6185061291268104,-1.5670642780091053,1.6930841939412133,7.246171930606896,7.274078347730033,2.6596118194853835,8.014204273514205,8.443090314116908,2.402254889357502,0.6323663737821555,0.9266427532208779,2.9565732792484765,-1.1190527355160353,-1.3261520568287777,1.9799089356924433,0.05475797204576827,-0.11042661660980624,0.890536147322034,1.2411383622319125,1.1390260807384598,0.2382927610041731
381b50d6-2a81-47b4-8c1c-5aea78092f9f,reestimation_v2,10,1,-0.9924623390392094,-0.6340882295652444,1.679143747199028,2.53275700581803,2.3426252158805747,2.5268300274684976,2.9429630239175006,2.7393176073317016,1.8885389817074738,2.6445103429074575,2.2644683343477867,1.7207129349867354,-0.3444485224822586,-0.11936309337134404,1.867984570186828,0.406062692661671,0.9630948251945497,1.0620035949008864,1.2802053342920976,1.1826417910328737,0.2598129731604632
bfa701e6-4177-413e-aea8-ba8501cd706e,reestimation_v2,10,1,0.9427276902355316,0.7980632114233045,1.5905591082682642,1.3368892139842705,1.4044790892058003,1.3544297371971332,3.4427682175030125,3.147996481469263,2.0834244504604245,-1.6488463421058441,-1.6364017023885138,2.2764594247626375,-1.292728630032406,-1.4515255226768866,1.8862033563410845,-0.2555261759875183,-0.20226326966282115,0.9250994938516931,1.3235250111891208,1.3093763260748785,0.24437921424634218
3e0fdade-079b-4a69-b0f0-13bcfb9b7680,reestimation_v2,10,1,1.5999062319271793,1.4911939356824595,1.2406760368682654,6.977507827119945,7.112763989355878,1.710002284269306,7.501745289983452,8.15335628551145,1.5188553915427756,1.048749090095734,0.8775038568914908,2.9607840033035893,-0.6777413214475313,0.27297091359642245,2.1998312271625737,0.17813430393383597,0.2345921674865169,1.0886623686481944,1.2507980848783704,1.2604033617209351,0.19585854894005103
e3a06841-d796-4f0a-b5a4-3f48b6afe216,reestimation_v2,10,1,0.9636181413479484,1.0336619391769948,1.1389840512093143,-3.761505085224798,-3.450726031684802,2.2259099895802024,-0.8501035990122091,-0.9724832415760138,1.8753588601660616,-1.3287441752063376,-1.0364924816956178,1.7209215440497438,-0.989918310900762,-1.2863961031755506,1.7544592817198101,-0.3066533125523024,-0.37076953652556877,0.9038649291395213,1.4345640957347008,1.4535835995348108,0.2462407974009715
cf1b9682-fe7d-4ad0-9eed-2c3612bc1450,reestimation_v2,10,1,2.317138511318795,2.5983797883298045,1.5134819984480845,9.63613558789172,8.247833253656104,2.2543724612745613,8.482367545324978,8.067486191205676,1.9287884935646575,10.080245485087763,10.030182169923428,2.294045159640985,2.0066390559104015,1.2321990517275538,2.0630278473860786,1.0881043387620237,0.8486144657397983,1.2262030507784296,1.2660246704129794,1.2940106005389227,0.16984853699392025
57d83a5a-baf2-4be8-ad4a-8a37f6b69b9e,reestimation_v2,10,1,0.8492916013383667,0.8869915729091187,1.3927676196979777,-0.8282905405283862,-1.206206479824286,2.0353834058735845,-0.6933147539328584,-0.8185229786739856,1.5455471012802433,0.5211986833287318,1.0951504310974067,2.9493862147432006,-1.6638673507861974,-1.1792113137678168,2.2256606698754364,-0.1231232484573445,-0.06222162400517606,1.1270072289241762,1.4054939764204897,1.4167748709938217,0.2500156423603691
98435dcd-7fea-4868-aa16-0741dcfcb26b,reestimation_v2,10,1,1.5594328357829528,1.2858371068587235,1.587144105036967,3.9379973399932453,4.299542327312581,2.000389197804225,4.23459253203351,4.435146911181771,1.8486216264694768,-0.7596875283290544,-0.6031565168564992,2.740992080999135,-1.0791340807173957,-1.4007413588932114,2.257929155276792,-0.2663473845709911,-0.17325991114360095,1.0003191733559467,1.4062425318681537,1.3663272160822921,0.257396588722573
c83a66a1-0983-4839-b5be-d1a75697bec8,reestimation_v2,10,1,1.4619982772927742,1.488903649916117,1.1704799667932306,-0.8146021701711911,-0.6729904602585353,1.4423686207357183,2.3661090222912042,2.3157151091890134,1.6749405752005513,0.3668172681454036,0.36310670720381344,3.6574211943860933,-1.3559417263531741,-1.369670325555798,1.3473153857773856,0.059805339171104255,0.2677722692537897,0.8821677482156202,1.383501743626129,1.3999530343827253,0.23002782076025174
603ee11f-6145-4388-865e-e011b6075179,reestimation_v2,10,1,-3.0137507993872075,-2.6418485181445925,1.4815940164511794,9.32006764886332,9.433701565965505,1.5953052242899348,10.97392071191153,11.184066886217813,1.3796477208433022,0.7237528457235645,0.5705003358365381,3.3118740890253915,-3.520169791149961,-3.631371311457939,1.5409709463511698,-0.12746677286642535,-0.02513264963621309,1.1210867625155,1.3399556985701366,1.3023378619920527,0.258079592652792
0dee1d58-ce3a-4726-a5d0-6453113192ea,reestimation_v2,10,1,0.17711870001250724,-0.07566014183858982,1.0179668788694438,-0.503468376772982,-0.09603196966711636,1.7502024287209086,1.8794126064198775,1.9969738033711668,1.9977209197971493,-1.4108128678960172,-0.9082364896481554,2.1103455956721673,-2.9864917715806696,-3.2436476284912663,1.6229704080416758,-0.20494489023640344,-0.31239372922435493,0.9277532002820588,1.4507123307349807,1.4655104997732837,0.26958544300978826
9e8eec73-3079-41b4-89b8-eedd7fb18833,reestimation_v2,10,1,3.8463904791826504,4.1268598426707275,1.2059278703988223,-1.0136806066382846,-0.8521330635152955,2.786573791676426,3.3851363377407555,3.466286405935804,1.030884370967593,-0.37749457659658814,-0.038145070849995966,2.2215436321603943,-0.072705202851187,-0.4077857360898004,1.721022199544914,-0.07588244074123554,-0.13267318876426246,0.9294418293634077,1.4978565144201834,1.4172273686990038,0.27782734167025047
aced0d6d-115e-480c-a33b-9d31753f5d07,reestimation_v2,10,1,5.225973366316416,5.05127980444188,1.8586100319484535,6.103090914155606,5.002370305698337,2.3880799090772333,6.71591682726828,6.618893408391193,2.007077902018163,2.1246216966394,2.0184325926200475,2.4394509376686004,3.4716829265240507,4.413645317543181,2.0808847693607624,0.08108817272383458,-0.11434075379361167,1.0513523622847112,1.5519430135472605,1.616631974518053,0.23277912561329728
27e9ae52-2e12-4f20-9dfd-7e81fde68442,reestimation_v2,10,1,-1.7034056609546602,-1.7347979402410985,1.266367359740323,4.168350675898077,3.8576186820919935,1.6837463264778836,6.062365059715025,6.332901522751134,1.343560206475619,0.4107264103987454,0.4340438258117061,3.068977671072778,1.4135070880221712,1.9114827905436464,1.4890320992521426,-0.6018216669869771,-0.406898075449196,0.9512157087436507,1.4115404489332,1.435422252617769,0.2671584515981405
77d467ed-764b-43c8-82f3-e81e992e1a27,reestimation_v2,2,1,-1.5489986826691755,-1.42030913627775,1.4896601610611124,1.1724735233802626,1.5280698147856104,3.8970797512048136,0.9529524935377168,0.7778608889102111,3.080262749726248,0.876900241368153,0.7954927647218897,3.103187274780131,-1.184970841202014,-1.1085511329157356,1.8764519131200699,0.003690549721326684,0.10611388153327983,1.0000146913239674,1.5279046979134001,1.5132044692074977,0.28665358408795305
6421efb4-d17b-426f-9df7-87c0f4abcc68,reestimation_v2,10,1,4.53332226731142,4.711124624046642,1.4784864569684537,4.891939404154942,4.379849445819222,2.076542925275946,9.431136257780413,9.983959336875035,1.9361333346254774,8.257391675484119,8.727756220872724,1.676243495250356,1.1902295834309633,1.6194768497145298,1.579360080987946,0.21293350380279363,0.4404876027707045,0.941508067396718,1.5099309289574692,1.5482776106846217,0.36418702957021204
2cd923b8-c1fd-4e99-a023-bb10fed5c071,reestimation_v2,10,1,-1.6684370209381352,-1.5674207517846788,1.5330493119147839,6.882797017339952,7.248816453346262,2.593934567305093,7.860862985735681,8.449862021896687,2.3455977771559193,1.3974319833329678,1.0401235309062375,2.5744635270175347,-0.9036364361884178,-0.3186680208189563,1.8396597984706848,-0.1503183167052419,-0.26781881519236206,0.8753675464813154,1.1742904795750875,1.0959250806228664,0.2113489402261669
dee581d4-b7ac-482c-a9c6-ca2aa6ceb40c,reestimation_v2,10,1,1.8831664913740929,1.6402807745063845,1.2175119966088002,-1.4464383108061545,-1.2245072321793558,3.1606068691306684,2.8183325794442333,2.873209491938338,1.5077089205997327,1.6057185806236074,1.2849861320584441,3.48139795377754,-1.1776306118941238,-0.690978705352829,2.133862021224171,-0.07964456943650426,-0.2019948593642118,0.9370642479273675,1.521413943730912,1.5376401423946389,0.2977764750099361
c1dfa952-a828-46d7-bd26-64957be156b8,reestimation_v2,10,1,2.2261912217347852,2.117081725354362,1.4608090428002594,2.674401017432802,2.4772398458248026,1.7641057277789394,5.390647863868276,5.3067613491819206,1.8997255796086134,1.1167632525972455,0.7473880425067819,2.9935760020050335,-1.1144994878487886,-1.3254228258932637,1.813217762176616,0.1837830103282799,-0.08162664220828764,1.0726712420811353,1.5666527013675313,1.6085029294703022,0.2594516984725446
d5c9a325-31d2-40c3-a8f9-679a617249d0,reestimation_v2,10,1,2.602903771307834,2.8266735300605985,1.2163307000074435,-1.516670473554065,-1.5229868062764225,2.2536042354350125,2.419525605010974,2.6720223583189417,0.8325479318908384,0.6524515019300225,0.8504589853940612,3.5571646007177953,1.0164634700696875,0.9259893132904979,1.247131772573872,-0.3006530690348116,-0.2707297429222484,0.9000811543087122,1.58882198300769,1.6481164876615382,0.2781110692768311
0b8bb5da-1f24-4e96-801c-ae564bdbf259,reestimation_v2,10,1,0.023362992943082327,-0.08064196422139558,1.591715790999182,-2.493982653290412,-1.2808058715544224,3.2129088774814782,-0.38879540781219746,-0.1829734781862974,1.96013560956222,0.4769821538934484,0.40486788335241464,1.8997589858154407,-0.8836021399476598,-0.9721896119055078,1.9365923900656998,-0.3692327908680426,-0.3101521366593468,0.87018718960426,1.353493586461587,1.2690581870456483,0.30656976630754135
6f908548-96a0-481e-8213-1960598b8de7,reestimation_v2,10,1,-3.745634417964385,-3.971819543605557,1.5326687598054614,-2.997029023555878,-3.011355176890364,2.871637249533169,-0.25786112065761446,-0.048686085891650244,1.9528302994593019,-1.5884953608115961,-1.4202473036635244,1.8198773783126765,-1.8926734852168927,-2.0102502607473873,1.7360422938150466,-0.46734974861170475,-0.40184755081292317,0.8702820019728572,1.4443116413213095,1.509451032071552,0.29238383720701655
cc320382-d5be-4758-85ca-b79a44c1d8c7,reestimation_v2,11,1,-2.5524900809388593,-2.40848614330713,1.5847752781464004,2.8933712555189195,2.8586346986929887,1.5694021170848964,2.6158485175003396,2.6842361785133617,1.6383988268435203,0.27401566538348393,0.4967125069920848,3.036339465907387,-2.6551214482594356,-2.8709793339537026,1.9407379759074848,-0.139353768632571,-0.23831064116266587,1.2254738844628426,1.3905514689465543,1.3882192931560036,0.23693575824188307
9d7df937-e2a5-4efe-8850-e9a0abd4111a,reestimation_v2,10,1,1.5605962622066067,1.3711762529758649,1.2117936526892745,9.848205168062456,10.169405469996146,1.6849894297269294,10.69338530400885,11.349149589115909,1.5677136610682156,1.3875142949943202,1.6949708416685496,2.578446428008796,0.03518912554686724,0.050874498206924024,1.5465771983222347,-0.28220772625071133,-0.5011423975446044,0.8847396963095978,1.3690296264508106,1.2428091363747746,0.24526122804401648
954c2932-fe2d-4e7a-a950-142adcb23761,reestimation_v2,10,1,-0.9102019966467766,-1.0890519391993616,1.2929631866673021,-0.04405257890564992,-0.3393250911001817,1.9909853115794196,0.1123637057815124,0.13050587673657477,2.1908076823753486,4.511795322334602,4.206124937957612,2.0206913219810163,-0.9595855009946761,-0.6318152549569177,1.8817553715059818,0.18202223829486308,0.28627543341126005,0.9348915039535212,1.5073856326281108,1.470891323963674,0.2563409811090128
dbd77afe-4fd4-48a9-9587-ce6b87c6cc73,reestimation_v2,10,1,-1.294233632958003,-1.3462561882328516,1.2989891334310935,5.097605585260412,5.569427458204663,2.352570986944185,5.461425354715045,5.679518509288398,1.9785870824283327,0.9134849690753093,0.8375934351285585,3.0012268220565352,-1.484198061626963,-1.4404669859695294,2.184486130491989,0.17702700753848832,0.19271505140293624,0.7899226314699204,1.1376201609861059,1.0925643116088166,0.14139408604165415
233326d3-635a-4db8-a690-31bb5816adae,reestimation_v2,10,1,0.962318628775526,0.852309831867456,1.0785881035683325,1.9985574950999438,2.232931533104908,2.078008523199288,1.894165374978775,1.6531247448237223,1.8231459887889567,-1.0208070168508996,-0.5338875859137164,2.0021521115095124,-1.7512068271883108,-1.374983765424267,1.664394825821771,0.3013829018655556,0.3067943577624206,0.8078447620605833,1.470124903665478,1.4023899585521094,0.3315427637180521
dd5af2cb-58e2-4995-81b7-cbd2ac3f3b0f,reestimation_v2,10,1,3.3276875820269676,3.4731187355563593,1.4111842740395741,0.7021923760411747,0.7068071906392681,1.8377646016311642,3.5557543815702664,3.641314916913443,1.9033343607432127,2.0270889427708103,2.3741956097833077,2.038294106957363,-0.34231452620651415,-0.19718627445117387,1.6429987639309986,0.4501194820177062,0.14906528873068248,1.0846816215779755,1.4975986235028897,1.5277520311496753,0.2668895846406552
8f8152ad-147f-4f5a-971d-5522ba414283,reestimation_v2,2,1,-1.5285554582842393,-1.502172495111643,1.4529032489308695,1.0282291171869533,1.3372073712646015,3.9964630333855986,1.1010121144880796,1.2185564123820867,2.882410792836589,1.0232195916191646,0.8880588099571172,2.9072252191682826,-0.9292126954139253,-0.8059648382850391,1.9628641095191834,0.06120379960085197,0.16221547836422023,0.9674747781914159,1.477678378151936,1.436207565949391,0.2642089123606134
df115afa-6805-47ad-8e58-2f1ce524d4a2,reestimation_v2,2,1,0.9381459888783611,0.7568402536106744,1.403339643273486,12.078382477431061,12.220492650001084,1.7241330305699678,1.115005252535719,1.1157764369097887,2.766901357784395,1.6435145648102931,1.890508807840804,2.873785632034325,-0.9270842064476307,-0.7481683891433768,1.8481179958858522,-0.07098243136458274,0.10031681564379188,1.0149307971570305,1.4519656948779232,1.4124962428908563,0.314347934609873
84b505d4-6590-4d1e-89f1-a2a6d6f1a182,reestimation_v2,10,1,7.4533320903159535,7.656811282510265,1.7429000758981916,5.042614395472302,5.479002990439202,2.073115879239716,11.55370157426875,10.748675940800753,2.0420528655794765,17.634153440217585,17.43372823531015,1.5873850279634014,2.960455003933764,3.399453287943314,1.445258561609385,1.3003707167007819,1.067784063868357,1.3910077825015525,1.4785997403063986,1.4393946070281527,0.2658129012690505
ddfe6184-797e-4556-888e-9ab99c126b39,reestimation_v2,10,1,5.180935549917007,4.413571310625293,2.121142981865127,5.589918743386346,5.378810763862828,2.4039971276226164,6.19158584649346,6.0320913093452315,1.9778334377286324,5.277095488966196,5.19410184528353,2.9515911830631194,0.8935838069553677,1.046521794494984,1.7728930582071576,0.36419626561908824,0.37882667783302093,1.1259611959782365,1.3038099883126044,1.2155101900364889,0.2523972663797574
59fc54ad-490a-4546-ba1c-3f3f16ee62fe,reestimation_v2,10,1,-2.2953817880322602,-2.254019901063991,1.2839927372783666,-2.512553155411886,-2.8432165252742143,3.080589390843905,1.6041814036758224,1.7346947153997139,1.8385974696728724,1.5916177463765748,2.362836173912431,3.6247349290967867,-1.463013767828721,-1.8633779171055496,1.8354801520537454,0.05326492881058763,0.15835166017773342,1.0974816105763976,1.4470830647270254,1.4286647134806558,0.26226178421979957
06c00455-8f0d-49a9-ac39-e9f72e5ff62c,reestimation_v2,10,1,-0.18373848101707835,-0.13044026811036824,0.8870651433374996,3.5466940373659,3.586127353820494,1.2817901264529055,1.1282889674106666,1.1561232736143225,1.2177872702625512,-0.15026230644054753,0.12409628405900719,2.4272229239631606,-1.2436576411823483,-1.3868846471943668,2.4027159538781007,0.043502397793947274,0.08899529653493599,0.9681285331253203,1.4278325849379194,1.4750102315352611,0.28025090439262457
a605479c-2c14-44d2-8dc3-c1caa58c2863,reestimation_v2,10,1,4.743728638724398,4.933843532478614,1.6240070277285297,-0.6553341068929787,-1.2492283073057968,3.127501441145666,6.8637254177029146,7.32437362173231,2.090668380725151,4.790624952431459,4.827211800001528,2.0714045550851257,-1.2409904607854683,-0.6772004554453193,1.8625926614569146,0.5357911990312568,0.5333755364844281,0.943633241427852,1.4712132105935718,1.538478161355315,0.22636777000602268
a92d741a-ef81-44bc-b50f-a9783d5770ae,reestimation_v2,11,1,1.437529720748241,1.6460526035404728,1.2257427840586796,5.3487368273273646,4.742278863608202,2.5081198995346186,1.4553154652787503,1.2695936101610046,1.1140317622418412,1.3025673263603785,1.5793142282696877,3.421360089044908,-1.0310431439517709,-0.8118920206782667,1.3509451289277452,-0.3026532137289271,-0.5807182937339932,1.2082671898824318,1.4926653412008821,1.4900299268141146,0.2684593446119235
99ffc1b9-cdcd-4949-95d8-0089bf468730,reestimation_v2,10,1,0.7660747046900488,0.6818284821589269,1.3426533115832422,-3.5507928971138942,-3.481468380366162,2.6646502479170278,0.5101241856338632,0.8228839083169719,1.8060453691604308,-0.6783853755136354,-0.19648447871184582,1.5977646949511717,-0.7301594847674648,-0.7298046275403154,1.9000156872788223,-0.2638246054450566,-0.18108324162078515,0.9904850796911125,1.5082951717375714,1.506587970316121,0.24744097042649618
285dcd48-864c-4894-88c8-113b0f321b9a,reestimation_v2,10,1,-1.8886664680322385,-2.1073753939906767,1.372876047144247,-1.1709664380339044,-0.6733370026616179,1.8323308973160357,0.5182218995970588,0.9106661665674831,1.621226458602853,0.8222987947929808,0.6352457594615784,2.6627937132599406,-0.8914549499383,-0.6138185988404983,1.7037524273595004,-0.1209160291313778,-0.3089783665608556,1.085398738013694,1.4872413025674893,1.4603268193796968,0.2897366761657948
94db4242-1ddc-413d-b088-758fa087fc9e,reestimation_v2,10,1,-2.069070042450278,-2.491353804404839,1.2829256127524509,3.0829150493267785,3.1552700256033006,1.4678774996032926,4.9814349660312915,5.234344575202377,1.5905817738341252,0.16247583880258523,0.07471072865115835,2.478352184701726,-1.515882808882868,-1.581718622756914,2.300510688789789,-0.17899044761080532,-0.06529526392974122,0.8968005830153077,1.511005158867117,1.4606184335977346,0.24160350172180567
8fa3110a-ad7a-42e0-9f7a-2c2cbb6d1738,reestimation_v2,10,1,-2.615971420302894,-2.52626168880316,1.2809534001376282,-3.454640575651406,-3.2744072939356625,2.850663503309532,0.9942569037209318,0.8551397718612739,1.9500940355390621,7.9399152112776985,8.328837517076858,2.378096565847721,-0.7568669464639505,-0.5230320118320948,2.2275326585707376,-0.42594322370693144,-0.39623922230790243,0.9579702315037845,1.1720470947428734,1.106517440173582,0.17123153745097355
bfc135d1-616d-483d-a98a-a7539f1c7690,reestimation_v2,11,1,0.031548185990912,-0.03898481498728246,1.1981690871247026,2.8673219740268525,2.870930025903734,1.6875218900139144,4.115943314951093,4.133009638624916,1.908294674240357,-0.986131968969457,-0.9282786584769669,2.5406693493044994,-1.9286294175385301,-1.6764078831712426,1.9282839056758232,-0.1613127876461004,-0.14732246688139838,1.0172232278179896,1.4128749545253836,1.4165123168183629,0.3103367275938575
90e85449-bccc-4d2c-b0ef-804bcc0f1ceb,reestimation_v2,6,0,,,,,,,,,,,,,,,,,,,,,
664b5397-9601-4282-89e4-85a93250a9a2,reestimation_v2,10,1,4.771895474922109,4.930895987323644,1.7477465239718977,-1.1280450234391635,-1.736200570789678,3.2779246249816834,8.490622495799373,8.525088032270128,1.8540042815200883,3.649514618231254,3.6730546752870588,2.38067036427164,2.5870495901234243,2.6761417010088957,1.9273102893049008,0.38619255517792683,0.4634131505730091,1.041592688180756,1.4837662872011006,1.4218593223888696,0.27887139998464405
69b9797c-b2b3-47b9-97c5-eff7c708651e,reestimation_v2,10,1,1.9824048347998582,1.575382127599184,1.336703234204162,3.766912752712387,3.6177033075722287,2.870185858674171,-0.26072662230283855,-0.16311006091924796,1.887094842137316,2.888662842835283,2.809374896044388,2.0382904845813132,-1.0737305309669336,-1.1529324296396999,2.0388491584573765,0.13266376768937613,0.2404275533245096,0.9103676650515556,1.5392027023978248,1.598248335351271,0.3086527270713644
e81418ac-67ff-4152-9adf-4e48efff49cd,reestimation_v2,10,1,-1.516830362913704,-1.1461100511931375,1.5143412324982373,-0.19066989417353056,0.0676814926457121,1.5075096610974374,-0.2696564921757319,-0.3284685784459871,1.3489386400402852,1.364816051749243,1.61930312395716,2.6058078716526274,-0.8672022084062452,-0.6852690267609277,2.231175489752142,0.045422579309135264,0.15711752747584518,1.0497100057087478,1.4676159222088156,1.4268023903263716,0.27874980165588675
396184db-ba72-4c95-9dd5-484eef127077,reestimation_v2,10,1,0.3029624718717958,0.2914628298397217,1.1767393050960435,1.2939781543854725,1.5709551076629846,1.6139245118967338,5.217084534195811,5.621770263189623,1.5280048608670607,2.881078704929744,2.4365595156379563,1.9371962571111931,-0.891774267827079,-0.2719391768899231,2.0916592323894156,-0.40356206401777006,-0.24562914218411347,0.8847490824295509,1.3054023675935942,1.2978278266251833,0.20064394032142127
7663a38c-8a54-4ba2-b99c-154249cacb84,reestimation_v2,10,1,5.923411262708159,6.238617664464649,1.3261950553130981,8.792309020165119,8.895571458510066,2.1067247651705556,11.368274694966543,11.599670046534833,2.3447955401977016,13.00260569871614,13.244907888352591,2.287209071498561,0.08701579305791694,-0.4734922369995811,1.4363431783876572,1.0532534892349668,1.5906701973641726,1.386422525205682,1.3668856099259752,1.2293676631295252,0.2971573008327922
12bab809-0985-45d8-aa6b-e5e76d1e5230,reestimation_v2,10,1,-0.05098658575191953,0.16149962892803615,1.0682168585566494,-1.7943687984131969,-1.9695036099325944,1.4561508353989787,0.12223775319973325,-0.11770578298261636,1.3126138691437412,0.629505636139168,1.1635609751618652,2.5387129550090397,-1.7434016784313027,-1.925712964709174,1.7389253328330667,-0.8306775142615892,-0.9858986065186448,0.9163642101600286,1.4750072374396845,1.4840718520121214,0.27875816408992665
9712fe6e-fdc7-4030-b0ce-77fc595d6a8e,reestimation_v2,10,1,-0.6156725707999953,-0.8225846831567668,1.3944074284837695,2.4655729237125685,2.56676798098354,1.9538750671082783,4.107090364255241,4.267543144201114,1.6453932993159137,0.33165356074589925,0.17733299667290758,3.0613124073669367,-1.8238149903981968,-1.2780136664104442,1.9030121776636217,-0.40227445545233786,-0.2797973137537536,1.2241085961223748,1.3433205481843633,1.3339369498867304,0.22604181050626748
39877dc9-15de-41af-94ed-a726876406d7,reestimation_v2,8,1,0.6331309384261655,0.7480727545715747,1.376390283029183,-3.7631731903483114,-3.538271877016135,2.592652949221542,-1.6003262953710884,-1.7028784061884599,1.970222028761853,1.9152625148052227,1.8299004195606032,2.361645940750141,-1.0632783857231722,-1.0296378116911526,2.16647463131391,-0.4856703706285062,-0.6542308821842195,0.980304099672281,1.50052260388281,1.473342913613115,0.267940319259884
e81f90c5-e464-4d55-928b-38ae3d2b2358,reestimation_v2,10,1,-0.30625608214975064,-0.43653182460555273,1.0952525310197287,2.2012667561879273,1.8761879042558722,1.5952322493160764,1.93458855687534,2.2429038494405082,1.6477876076426987,0.4181725280681105,0.38863046683752445,2.6056292580347185,-1.0990016521249932,-1.5597276499876056,1.8468208494776568,-0.7846002117834103,-0.7453899571963618,0.9387462054774433,1.2835125140725672,1.2300168489698626,0.23145235816773713
f85cd6fa-69ee-4b81-a983-d1c501983fcd,reestimation_v2,10,1,3.8568497673734337,3.881998507451014,2.0643466548085825,8.209193695054953,8.789403906072687,2.4279060479654127,10.359624596856838,10.732763780725259,2.0832657962318057,10.148254707004284,10.34277470266609,2.8175026377758416,1.8473597803933288,1.5291400022586263,1.5881597372425127,0.11402892676492511,-0.10784023650525554,0.9684083901454813,1.3028363556965366,1.2231077172991394,0.26536878294730054
0364da2f-e904-4180-aa07-d5d99a0d597a,reestimation_v2,10,1,-2.366866147396109,-2.3200420940709447,1.0878367988283477,3.1057960161285796,3.4552595168612488,1.2891102807342878,4.6167688390976505,4.94384883817696,1.221330246370539,0.8911384573000052,1.3887299368599808,3.51205463122421,-0.8810848387893299,-1.228539217121739,1.9414897875378374,-0.47303845489816215,-0.24175398904973666,0.8416394502904626,1.3871686149258413,1.391716068889914,0.20765374063806538
5f837190-a90f-460b-b276-616bdc9437fb,reestimation_v2,10,1,1.5786083686098444,1.1327722811150005,1.2261515708015298,-1.1382202746995622,-1.2048213481602867,2.2025240110494755,1.5303140553303647,1.7228555867467865,1.8853881934385321,2.4004536819176123,1.8513405444504603,2.319873563430714,-1.0687397685927278,-1.6103620673308447,2.107119729941021,0.67192827113577,0.7519170071637553,0.8746064738509312,1.5383302136595878,1.5560044465702896,0.2893079882368815
fd0e4428-ca03-4e40-9bf8-9440095099c6,reestimation_v2,10,1,5.975723658298672,5.852268760273218,1.7465889005764936,1.494391650492651,1.709892639870656,2.027009103425819,9.333419779549526,9.753470217468879,1.6860615688385796,2.112028442769113,2.9881991629503073,2.8795969683002687,-0.4905682578326538,-0.3809282641649321,1.5851529222105154,0.6934390359241337,0.5164610511150434,1.0033983385109995,1.4504119292979603,1.5338087881738292,0.2555246627395829
8c5a3337-c9f7-43e8-bfb5-0fb7b69eb845,reestimation_v2,2,1,-1.416645534668395,-1.2861383550756729,1.4035873858015528,0.5298982053160088,0.3370446867280614,3.9696776682900503,0.869603174611137,0.6846430405263326,3.080534511236065,0.9722035283791178,0.7074250974332634,2.842368441492082,-0.9132779967195951,-0.9779548465676995,2.0197849027545764,0.05590461140108215,0.014413794747130448,0.994983934056116,1.5259682161867878,1.543222136462613,0.27385715985598363
c79177b9-0e01-4a0c-9e68-baa08effbec2,reestimation_v2,10,1,1.6277240170127891,1.4038941256817283,1.775906748163648,9.123692854510793,9.659199394913605,2.3779253561738947,10.48086775293395,10.153002302702912,2.0088947998462197,9.076587295520262,8.946344470854806,2.5527156989722446,-2.256115239094461,-2.3694772102490727,2.019221878295736,1.505980565889632,1.4097556563476001,1.150242598922191,1.2677791257877835,1.2619816755135183,0.2139192966217736
3c094031-4894-4015-a015-f38bfa5213de,reestimation_v2,10,1,4.696011884852905,4.508671824284879,1.5453802116557034,3.0410167557861043,2.9967934905486953,1.032216131226703,6.023851386076059,5.95337275805429,2.061413673811748,7.208035221111593,7.461221303384505,2.4338867514967713,0.6755479431738167,0.9200651816951063,1.7555589594835441,0.606193185940928,0.7739893133905255,1.058495795049336,1.3324709596550215,1.2548481371262712,0.2943276620160911
751230ef-7323-4fd8-a505-977644e0467c,reestimation_v2,10,1,-2.3360714762904555,-1.8182266328507946,1.4372049853592364,3.3424986432813064,3.3092929918031757,1.5716686739596764,3.860837930414094,4.118834454168246,1.2647340331027783,2.543411125017306,2.183246877582241,1.712638111206047,-0.731290334629437,-0.04543397642141028,1.9016143331887474,-0.04178574276905589,-0.08676939507027281,0.8594156386933144,1.4815479982021815,1.2599342484957903,0.33388875765634857
7397a6ef-c14f-48f7-8b8c-b2146fa5839f,reestimation_v2,3,0,,,,,,,,,,,,,,,,,,,,,
9f2d0696-d375-4ffd-b256-e84e20636ff1,reestimation_v2,10,1,0.07507081354268709,0.021809090539373965,1.5154451682442094,-1.1180622765670156,-1.262973025572237,2.8045129094989827,7.027217936984167,7.131799233355947,1.7213809645063518,-0.74764070121227,-0.9722580087085606,2.3656282808361317,0.4888504486378302,0.6319174519840988,1.747164405560644,-0.9077540309098706,-0.9513805757139988,1.0593513894657958,1.1216962767283716,1.0970824994265045,0.1060299658711075
5c1e2689-ca45-47f1-8b1b-9c285900cfcf,reestimation_v2,10,1,1.0551887900397898,1.2979651858207168,1.305945741592455,0.007692843230328322,0.01539653737989033,2.4445966610931293,-0.08183173789478206,-0.08704457755927233,2.511833657487944,1.1382441102992364,1.2600458178604392,1.1116648701998735,-0.38237995118326,-0.7763095968117916,2.397812549168241,-0.3785711346005038,-0.495373944476117,1.1753851180551846,1.4489031238603738,1.5410844222602833,0.28613796940842245
ca6948b6-5813-4b3c-a972-c4e7cfbaf9f2,reestimation_v2,10,1,-0.12573498818804701,0.011171418799978738,1.2717883246000001,-2.5467009461577073,-2.23397864563351,1.827004466569056,-2.024979964750181,-1.9920164168770231,1.4096051612669924,1.4197997074702418,1.7593741926010935,2.0807206397788094,-0.9373232728269073,-1.4613703509820923,1.9329257328097087,-0.6653375040160202,-0.6896013276454619,0.9414103974475498,1.3791710062352591,1.3594593529010268,0.2663955255434945
ec780045-5934-4ba2-a6a9-02ae9272257c,reestimation_v2,10,1,2.512010706622409,2.3116737413543342,1.58656455244211,1.8627604457860734,2.7057989960351123,4.263983280998939,11.125311453205642,11.265034628352863,1.8032526551337043,6.206085272419916,6.13440419079118,2.082317905840406,-0.6539987491163398,-0.6889494790253672,2.235426304083092,2.0576546361272405,2.258285659719717,0.9236200299745296,1.3210497235969834,1.2138685028641145,0.2724184888364998
eddeaed4-077c-4aa0-83aa-42da82edbf74,reestimation_v2,10,1,-1.7170376242506573,-1.7704717277106434,1.2441735437369037,0.325383331043347,-0.15568090656445044,2.5370807903079875,0.4907690614509476,-0.020867271606227034,2.2815267712542036,2.075347431598061,1.9065246963842688,1.7428839744473692,-1.3970131012343463,-1.4200512770273708,1.72053323732438,0.21850779330363576,0.33739706544187553,0.8587404638431592,1.5190753731781048,1.5099853133689451,0.28776118298213876
37f490e9-af5b-4c53-ba7c-1c9289ca3049,reestimation_v2,10,1,5.210699999925753,5.46096147856627,1.3933343877810858,-1.6604526108861173,-1.5870184406489831,2.8810597829594435,8.611534334998053,8.398718222927101,1.8606382924906906,5.936702538279194,6.007358580999541,2.224335052958234,1.4972166015387993,1.7532278332535074,1.5251366988434438,0.7274353511782873,0.6318506263328295,1.072418764358936,1.4748425508314056,1.3829777191246273,0.30079178506750165
8faf8290-bd42-4db7-8fa8-fc652567d56e,reestimation_v2,10,1,0.31550882644708655,0.42673105107392945,1.1363274090809716,6.134065721373311,6.5484219417372,2.262894497435027,7.409631333910948,7.999420428258111,2.391956328610776,1.5304813550773373,1.8180115043645022,2.9463234966426644,-2.998376621773439,-3.271950180053011,1.623886914856885,-0.3763682822873141,-0.4191157937535169,0.8874504677520034,1.210305472074656,1.1225815055397688,0.19966721010960528
84e63b95-711a-4445-a4e5-e52d0ba1b8fc,reestimation_v2,11,1,1.1096198324406397,1.1466809937102869,1.2898599300599551,4.060958981935,3.7999946336352473,1.5454422996310166,6.109661424109217,5.646284772357538,1.79182045418925,6.073231456098797,6.230807934165638,2.144099127277677,1.994237484479473,2.244493088502278,1.3599227853086218,0.8405903042565733,1.1107775414146948,1.1364063263619866,1.4562226387766062,1.370140081785956,0.27211796095489466
006e069e-f71f-471f-9d42-1b73b4c4c450,reestimation_v2,2,1,-1.3044625968927077,-1.1580499156853432,1.4993437436744237,-1.0654863435516975,-0.7493649433020195,2.987403903785967,1.0956048384568573,1.1454633642804457,3.0407767481898,1.0971326506516528,0.9406308112935355,3.234802389012829,-0.8251838859703771,-0.8188684279270579,1.9899562987216644,0.07580536261853377,0.016770153647678754,0.970518750606185,1.518828932721533,1.5364474885178925,0.28482488877986273
4a80e85e-a406-45c2-8ec8-7991177ff8bf,reestimation_v2,10,1,6.6121813530969,7.505356076559577,2.863110466075972,13.743707422517094,13.025755991748447,1.8969138763964188,15.21431848825367,15.139394038014686,2.135285255004097,9.795410357935243,11.056409630959168,3.631883974412103,2.6641933133649895,3.2199713892230886,1.5216607855340765,0.4271200839297785,0.19640774376997533,0.9773246421970084,1.1359242872319883,1.084631136252678,0.1333440354252101
45b3f010-8c17-484b-a34f-25d852ed9cc8,reestimation_v2,5,1,-0.6907247185559049,-0.6184328353236439,1.206904731719415,-1.0860307329087864,-0.5012781419587787,2.8225657985213886,4.581289123561733,4.650154035985392,2.0019010843081704,1.174975417029358,1.2072586815256239,3.1848469104168546,-0.8262454510124193,-1.0288123933550333,2.004546970503984,0.5234748228591474,0.6139295669620831,0.9797702683446148,1.556648185499659,1.5986743858483332,0.28748770107607846
d7430f15-d38c-45e9-8dab-df08bb0810ec,reestimation_v2,10,1,-0.7832877902445041,-1.0826999804260276,1.0936275310154155,0.1641465035323062,0.30969269011144507,1.6297829771688959,0.2154234974234293,0.49947096472567165,1.5511662968849853,1.5900419338366387,2.08347563699319,2.9906367355540175,0.8130332982729688,1.215660317525254,1.6220035137528621,-0.29452863363965665,-0.5975389433657055,1.0903627984353919,1.3377159290799352,1.2313195227564546,0.26000546159622256
2f88e7eb-179b-4b74-a072-dfc92b49450f,reestimation_v2,10,1,1.5556320808564885,1.6643029712848043,1.4333749267997562,4.1281616564670855,3.4793317336122866,2.6413436744945398,1.171617264697351,1.1720908313259457,2.086548372826729,-0.650608349628059,-0.27963311750153785,2.244974963270691,0.32408998358317886,0.6923860437789826,1.8063012419516926,-0.047701981318162986,-0.17490563029982642,0.9235368598033334,1.5175480926325815,1.5454429895622974,0.3235069905660731
4ca1a831-8c73-40b2-a6f9-d89477333931,reestimation_v2,10,1,2.4428701365913006,2.5459970006075445,1.3304664217730682,2.678061139155914,2.656900775520636,1.720359165583485,4.610630715487395,4.0294431348791075,2.3194488473941592,0.3778251208240965,0.9877557136289087,2.384220824611196,-1.3991273236008601,-0.9955629599170743,2.398100655669115,0.12334804020156719,0.13761209841081778,0.9525160942705143,1.4908075329216022,1.4639455277303208,0.3042429554504855
4f388131-4f3e-4bbc-9745-4891b13e594d,reestimation_v2,10,1,-1.1449028609937817,-0.8110712304395473,1.1737750229690762,5.228794806405555,5.599623509072401,2.4909654215775623,9.943184745480126,9.702958737069633,1.4213390230416052,10.151434413371163,10.021854697386225,1.7895576835677705,0.349933232230276,-0.2176967319101044,2.3342371480872206,-0.4467857916927902,-0.2475279450862308,0.7971778274375002,1.2345742796304608,1.1651822138677133,0.21058480545899663
ca760057-7836-4dc2-ba55-f25fea925cb3,reestimation_v2,10,1,1.553470386945662,1.1428477977965683,1.1955769069608106,3.615415997425999,3.152928477972404,2.581528512767338,8.4917268219156,8.199271992541377,2.5011788437118425,0.5214630310011348,0.3321991062123252,2.5623695681536147,-1.3894140547557927,-1.0941901433534356,1.8717006328386836,0.3241687639452024,0.1844794837312972,0.9097268721988296,1.1132588975597328,1.0646078657303966,0.12152970359160904
91896b5f-2ae3-49bc-a973-7aafbbe3ff80,reestimation_v2,10,1,-1.171953719787529,-0.8906294883000679,1.3026493460002326,-3.8492779134526076,-4.194272853218922,2.3842332455941704,-1.9472708134604377,-2.3564170923283525,1.9032648510267847,-3.4446720479588344,-2.8568393896661606,2.6390749032249357,-1.0227522240996616,-1.0560903352786293,2.4915118027209533,-0.6627189029802537,-0.4933261490564327,0.8746984545431236,1.5295047833209043,1.5463841631418178,0.29873170928782594
fa8b3f04-8d2a-4178-8284-a81a89dd7547,reestimation_v2,10,1,2.6043649860325524,2.2787861053428546,1.5126745695317818,2.861682983155481,2.7900583157093823,1.4107148748358418,2.1795182663672894,2.131103343298973,1.500683656315996,0.853018230565554,1.6089487411358059,3.2414020160694634,-0.5005683050223303,-0.025778915274087905,2.1115274004760036,0.7953200906929204,0.8681748750599265,1.0654383145084039,1.4250789652914246,1.3510007996571287,0.2662869490630396
6fbe6189-5c96-4783-9d59-992b3bce1f52,reestimation_v2,10,1,0.3778659663317602,-0.011829542800883608,1.22229505283373,6.729850610657837,6.338851189285928,2.0615503835905833,7.5372555986936876,7.590803016520857,1.5941658636103726,0.1881133754636786,-0.8322193841265947,2.6524337503621074,-1.431887729804514,-1.6935536508999487,1.767719111836583,-0.25071006282761266,-0.0826149733546544,1.0618321812473688,1.1627319054018885,1.1141723436964601,0.16672344846112758
8d72fc97-4f8d-4a1d-a115-689936d2515a,reestimation_v2,10,1,0.19266212291504817,0.3085468568180576,1.276638729444219,5.2840995365087835,4.585709640730001,2.148873880822387,-1.171591596803197,-1.7187496893347196,2.2934843875776814,1.8646682192305561,2.037289837327394,1.4161516085081132,-1.600167480732132,-1.4109528523090558,2.004845488230436,-0.44021089425587445,-0.32587992849435254,1.1216426017350067,1.3762391350431031,1.3872844834113143,0.25230491051649245
9144baf6-6c3b-427b-ac2f-85ad46aaf484,reestimation_v2,10,1,1.3852897046542647,1.102670752187225,1.0783296802165105,4.344613510447929,4.262295290774796,1.8122411503847906,5.150179489211337,5.339782149722068,1.5164894255297068,5.482489902089682,5.762753795801364,2.0815337145041113,-1.650041009189545,-1.4277686256719324,1.1774643217333227,-0.4823943213853647,-0.6744841723326076,0.8661141961635015,1.2755972375315037,1.261354862825411,0.1618546384713441
8486a30a-4a8c-4a4a-bc6d-b7ac5a477d84,reestimation_v2,10,1,-1.5204848998277638,-1.4273793321208583,1.3520956658018508,-2.154627223244822,-2.057837783571505,3.0540918344592356,3.158375423785036,3.0057511399365313,2.1146319240680653,-0.880789733279026,-1.0430674410708045,2.4355369916539837,-0.6998238285584972,-0.41317669870160334,1.9741355252955661,0.009473273908325313,0.07448886579141034,1.1266023733029236,1.5105088071656072,1.4900824973088207,0.2745038494289503
3d3aebc0-d27a-474d-a7ee-88e9cdbbd94c,reestimation_v2,10,1,3.609701552078145,3.434581812159408,1.7196541589277474,5.5603622758391085,5.9053724767089975,2.4347247690090312,10.49006372256917,10.379322542705765,1.9814661972478038,5.6464121971784715,5.851316379665761,1.3043594618217562,2.907607827412578,3.0183801293228036,1.493488072808637,-0.3843355164867029,-0.2935862043483176,0.9038577780713104,1.497876217745868,1.505069527442617,0.2517852090793876
c2f5aac3-d988-4072-8738-f5aa5007fcb9,reestimation_v2,10,1,6.1011905550578724,6.057990108966301,1.6856686184377572,5.639873986220047,5.883768082493448,2.110185588959342,5.142619704823008,5.678187558927587,2.0688861913291596,6.140957335893216,6.90283029437422,2.987373376416615,-0.34962958787068865,-1.0329949364967996,1.9117273428198802,0.4353260697984045,0.17586042917161945,1.1813955479986225,1.3290802389240344,1.199608317395314,0.26779783196137646
864ae016-fed7-422d-a71a-369317516890,reestimation_v2,10,1,-0.5624488545163915,-0.803825950626559,1.2931602617371523,2.5611556805698728,2.3712345222158153,1.77123992222018,3.205556305734368,2.70882826414087,2.166130834668061,0.30573479573902285,0.821808002263873,2.6524529106154953,-0.9616149785346694,-0.9808342881379182,2.0000647278444035,-0.43447133446636244,-0.41851629761861414,0.9911698294932691,1.2773632835823796,1.2434331243407613,0.23783886716843727
e3aad6e9-f5e1-4a84-bd71-ba57b6adc1ab,reestimation_v2,10,1,1.3741579338948002,1.300071504180913,1.3111570091207079,9.967148277309146,10.488666538814915,1.8444946942139013,11.68471616958885,12.001229135389888,1.4828468925798568,0.023482303722761024,1.1035219881675862,3.3933065156963,0.8079860333212086,1.1038039340308388,1.6109255164748584,-0.3475969384993286,-0.6271798205496936,1.0560583925927887,1.3118004631331297,1.150722519321584,0.27649283606566005
3b2f7325-1313-4cf1-9370-65c154395177,reestimation_v2,10,1,0.9820912126180515,0.8353787760198677,1.1734199142146402,3.065596551672046,2.815097300477939,1.5394325876512451,4.179846639634113,3.9081152701921873,1.3855010590479129,0.873862260240606,1.4671765795337905,2.8041953013113963,-0.4448585183629866,-0.5924764581445605,1.7115369697411618,-0.2985603453881228,-0.21191669126650686,0.9135941030640141,1.6037777369803763,1.6205032184413501,0.2605933538899494
4bd37056-f078-4e3b-a317-5ed3006750d7,reestimation_v2,10,1,-0.06184885311784253,0.009450613315017176,1.1039039473172478,3.9668070203462964,3.5281702231361503,3.048701131918666,0.34781218792846913,0.44542718615728316,1.6146887459273795,-0.5222553033324852,-0.6327264309717665,3.1511612836641643,1.1180403486637527,1.1052738580149064,1.7531202572000217,-0.531817207922814,-0.6248678589711717,0.9326498075440287,1.3731820107105959,1.3764739019206855,0.26328741789860155
5e2bea01-6d55-41d0-9e89-1f2ac4fd8c2c,reestimation_v2,10,1,-2.0519025966902182,-2.072532801132575,1.3306777519409887,7.042643843912892,6.95235337117014,2.2371850120123495,7.898993342177727,7.849279381025942,2.001770652638224,-0.34113347645753955,-0.015803561835882718,2.596159941440833,-2.1550626634040024,-2.15640101984057,1.9688928599612963,-0.23269775972278411,-0.3854777451681839,1.0073785787347123,1.2580749537417335,1.1612916870678411,0.23497108699058855
7e1390dc-5045-4907-b16b-fb0e52adf54e,reestimation_v2,10,1,3.4841931724758957,3.1023807816944946,1.556263963845083,3.650132965913379,3.631681513029368,1.7066696402397985,4.598158349303209,4.594103755157384,2.1849607247848497,8.09011656993383,7.844612539132706,2.036076402303212,-0.12436273296443874,-0.15704050164034822,1.8175075750862149,1.106369698681158,1.2850975548275487,0.9582009806979818,1.3585434050920375,1.2641719531627857,0.2744384103929939
c2bdd904-271a-40e1-8ab5-ec731a01ac40,reestimation_v2,10,1,-0.39481106451425824,-0.08471226473083204,1.3412290293273692,8.248865993961937,8.735340813136466,1.7347390506901796,9.402434077089868,9.902410362496038,2.0286883760656003,1.2912519502710558,1.6996819637921563,2.263183188027857,0.7052073166677854,0.7318113216148028,1.900803713842371,-0.16956364586993214,-0.2598199721448021,1.0073448056611576,1.355907593462116,1.3915925364188366,0.28227545360360495
9c1730dd-50de-4d66-9f91-bbb1204ca915,reestimation_v2,10,1,1.497810869415698,1.540237913102203,1.258187589764134,-3.527837012864399,-4.005028940420752,2.9699148521617516,0.7740821402926734,0.5158303253317209,2.1606600410287404,1.9755961651445646,1.6062060932246247,2.763549291167638,0.5250994561061402,0.6018877285112512,1.7433017992888515,-0.12247894476004385,-0.2660749345704543,1.009018582123251,1.5032200779654934,1.472435378087239,0.28998163884472933
3f0ce338-5b34-44ef-88a0-befbad5d313b,reestimation_v2,11,1,5.152973222436213,4.860259108477557,1.84035829465817,9.061790107328003,9.450094143267997,2.6981371254007063,12.08840801789933,12.557114679667812,2.619632130811061,8.718714376341563,8.065715793136116,2.475446932061303,4.0399483233037605,3.996597473583168,1.3823745323696734,-0.482422387054261,-0.6207703013968122,1.2566137684466903,1.1161661654320634,1.0915022451834413,0.1213296376013278
6b4bfdc6-e8ae-49cf-8097-cb6a85507c9c,reestimation_v2,10,1,1.7816205745992375,1.8284124997596716,1.303400548369617,5.928482007799178,5.503707711348133,2.4081902038650425,2.162754404556684,2.1908525178944793,1.927805036192206,0.48243695763685207,0.6575374028924742,2.3777483324634807,-0.9427665798898719,-0.788887527807524,1.7544011039190572,0.16210980853977516,0.07723685817159076,0.9794347583177552,1.4608702410702779,1.4529606283597079,0.24348991383609808
e6240eb9-0250-4548-85f2-d64a6b4544df,reestimation_v2,16,0,,,,,,,,,,,,,,,,,,,,,
afdcc8ac-5728-409f-916c-067a4d133d62,reestimation_v2,10,1,1.5787159640308994,1.5045328932616477,1.2965329868731053,-0.7319514928241159,-0.7603070366630434,1.7625325783361943,1.7839917235780889,1.828614719043499,1.5233774557694901,2.2741212897439125,2.304477461931943,2.7245038728695525,-2.29344698634092,-2.37844898845184,1.7614615060454917,0.5180893285975932,0.4827669406116546,1.0341751272088753,1.4738269663618329,1.4574101573537583,0.2752808444582044
e2f3febc-0c4c-4879-9a55-b31f23522677,reestimation_v2,14,1,-1.3252122969177371,-1.334980034511728,1.4117951123812278,3.93907385684416,3.734066176367202,2.474366138770983,10.941879304202454,11.419949530436963,1.6356064124366598,7.203016309727286,7.3529502055928715,1.742940626078071,-0.0682060916055555,0.8298948165530828,1.834711606542052,-0.10050882574927691,-0.1308950002869634,1.0324040096928855,1.2477441234167224,1.2413292122035542,0.18109706393847308
d5429792-ebd8-492f-bc2c-78e9a1254424,reestimation_v2,11,1,0.7008834563076002,0.6028688688186374,1.3845560093521345,0.38741350620828047,0.015844091855404585,1.7646052907176157,-1.0761337455524234,-0.9168300830227727,1.3516053269307484,0.583161582704158,0.49582418204223266,2.196656139707422,-0.3640311174157403,-0.3855131653016062,1.70157772337547,-0.4641753498129092,-0.24253620493472183,1.053931573354842,1.5218429203710515,1.524406238267372,0.2240047481093747
89f097c7-6da2-4a89-8067-b9dab82f27b9,reestimation_v2,10,1,1.7511075568837529,1.9839802734332797,1.2614935445208924,4.77035741101271,4.627133389090859,1.6010463784001898,2.2540572523775095,2.0774370589540827,1.5286413382567279,0.7893960768019403,1.38971161020021,2.891553063251832,0.9889384381434781,0.6221200523739745,1.8714438702410336,-0.38383792182754795,-0.5487505396023016,1.4071931996231106,1.4200182023497594,1.4374147509897934,0.25445983662665267
58d029d5-95be-42f3-b28c-8e400a429011,reestimation_v2,10,1,4.966877893208753,5.298065353251213,1.5733610485364058,3.127465915048554,2.571815396162586,2.726577396065121,8.591103211366804,8.281877819687764,1.8241353385024652,3.283253396034953,3.6907251353115953,1.792466828810515,-0.6388202308797121,-0.3915930687194922,1.822790038845366,0.9704723653400049,1.1414284865731075,0.9913014892722226,1.3844115770613996,1.2865921453920384,0.26857030590235753
67a312bd-7e61-4267-8c51-9676fab141f5,reestimation_v2,10,1,-1.6313473955282083,-1.5577809320003753,1.3916736254638877,5.328359799626889,5.1803392228608995,2.3061070779918103,0.6921435190411955,0.6345277923462749,2.06355897951723,-0.794487015571745,-0.5750102811797735,2.377890048539124,-1.3240771048147537,-1.0004288529641334,1.8739022034447217,-0.2614549264224833,-0.3695273658718195,1.0415036633640564,1.4908733237370253,1.5217986128855643,0.2857567762101238
59881edf-7cca-4b17-a9b3-bfe8625cfba8,reestimation_v2,10,1,1.5576865319226016,1.248933752992283,1.6258674920374026,3.7052160658190783,3.269574349116089,2.0834064717248872,4.940940983625522,5.072547799585978,1.7694797869310985,2.3329831215974997,2.4511797549415464,1.909327461758761,0.9381494744338236,1.38873273639451,1.7048218912253637,-0.39478370550136876,-0.5714491282942131,1.4478614460812294,1.485457119237866,1.4428667715856032,0.26452671499879327
6c677e54-8d17-4a90-a524-bc695bf5f405,reestimation_v2,10,1,-2.4554665894640118,-2.344334514302745,1.5581669388379233,4.9845417983622315,4.871024858501315,2.0831948774522786,5.929343038230507,5.18830551095534,2.0491005249472765,0.9911739334753377,0.4531890878395739,2.5513622088605845,-2.8120765272582267,-2.8207662589700306,1.3831045730307168,-0.25797840447205717,-0.33360791523228794,1.017772429389033,1.1387074069798586,1.0903752008415182,0.15229408878310607
d9c3657e-6480-4cf0-8795-51132d45779a,reestimation_v2,10,1,-1.7914956391002836,-1.5907194639975293,1.6708514797039837,-2.2037653877532404,-1.8432474092246816,3.157058175606592,2.2597186654273984,2.6860628638247417,2.137075649014745,2.9507042469558624,2.950451070193398,2.3061293568689516,-0.9164529666177273,-0.9511132175761262,1.9182493102052884,-0.01264274857570374,-0.055772886829762,1.1430703586909365,1.4901021345816123,1.5274544040542266,0.26577490546879695
541776bf-7801-4ed6-a3d8-f441bcf94b18,reestimation_v2,10,1,-1.3989107694481584,-1.2462672869400069,1.2048613113953437,4.2756985829412795,4.655219947749207,1.7531623784053585,2.6491887610654503,2.5402691667452353,1.2907003400528279,-0.30477010652538017,-0.8968978334186843,3.9811702247144605,-0.22259507392908384,-0.4536122821265409,1.8247459020852212,-0.01218037282190378,-0.0742855644781834,1.020930812605033,1.6129490583570536,1.7560132574736849,0.28457804501494993
05d343af-72e8-480d-a428-fb907e4d8755,reestimation_v2,10,1,1.1803770156216655,1.055239223230893,1.2163148333925826,-0.655636826698495,-0.7241173672559955,1.9829609895043874,1.876819281254903,1.9468367022436261,2.026624724434814,0.12774550731795203,0.6146464191504011,2.817395569930824,-1.6947790736361508,-1.4185861501848702,1.837497298221101,0.1147423688650646,0.06622442783376936,1.0388437548466016,1.461757016928745,1.4963218709017003,0.26603628044226224
a7c47d27-0854-4f91-beaf-2355aa38945a,reestimation_v2,10,1,0.19694617392492336,-0.011894447812618059,1.0640055775323962,2.730862330211758,2.830117965740777,1.7424241951973973,4.353106199570325,4.31776426058702,1.5114344229476635,6.956101538933503,7.034018752068698,1.2298872426693503,-0.12964887553209914,0.3323228564232915,1.9329697043610197,0.19103883640771033,0.4713785047054455,0.9609396316638935,1.4127850690714474,1.2386247974420093,0.3416786461376463
431376f3-281e-4b97-87ad-f86c286e399b,reestimation_v2,10,1,1.0304226306968862,1.1864459337436397,1.3692079096855674,-0.5189462494796384,-0.3648052885118589,1.518558046246695,0.776253500511324,0.7782398171481693,1.5901143155335478,1.451934905880881,1.1883961551736943,3.7884384146088697,-0.6188738526498488,-0.17807333074554454,1.8611647160662002,-0.007425653577414414,0.217979735717056,0.9983188343598044,1.4367568815795366,1.4082795714532652,0.25738436734665443
78a459d4-aaf7-411d-951e-ad8b27c6b12c,reestimation_v2,10,1,-5.227454073050232,-4.976990044116656,1.6785626394528048,-6.147646462887418,-6.186667545771693,2.5275236402590915,-5.411920196982419,-5.174011983675774,2.238552933997142,-0.17615013055609394,0.1854994027558612,3.0565127623766752,-0.9505008092911714,-0.6731952609341181,1.9760159332412788,-1.347797819395961,-1.1752836947416143,1.0076884100623247,1.2703894389253927,1.178014500385876,0.2521846512417211
bd0ff6c7-8b0f-42c6-930e-ec4295d61e73,reestimation_v2,10,1,2.2404782006619004,2.3858201268019883,1.3680960704857568,-0.7481570470473816,-1.0715205375233783,3.190864539899607,5.675942576521162,5.788066383359295,1.8592552607305377,0.7111702464646512,0.6217001651968486,3.105794078495226,-1.135142195138058,-1.2852255578333214,1.807336482743839,0.035178565881125945,0.037206660618322784,0.9994812370931757,1.509682769240957,1.5341452202874015,0.2989453272128534
027dadff-78ef-43dd-92de-78de399c5226,reestimation_v2,11,1,1.8375683337151436,2.1389981869378216,1.3167249256469478,4.8025790351177875,3.9559523258799443,2.32818699090559,2.008592210961702,1.7309066060348677,1.775636135643517,-0.28624017995034645,-0.44925119474905184,2.382208878110389,-0.04099751322687382,-0.23714132763180795,1.7265244169886038,-0.04380362409118483,-0.15969386840622368,1.0396769854213543,1.442286584895311,1.4306423188093305,0.3038755366269863
5ef4a97c-e2f8-4768-b384-343543fddc2e,reestimation_v2,10,1,-1.2725409018210845,-1.0782804679717715,1.507963222263398,2.52379642284365,2.70277920144536,2.3226394430619752,1.1159243535789751,0.8949563733979038,2.0768916538844135,0.2258086762027236,0.21331823051068977,2.6713691222095743,-0.823910386389716,-0.681900860591039,2.6537714679423017,0.055208403197521703,-0.27568340764337784,1.0733722678773103,1.4352418382682501,1.3938327767588523,0.25799844357631363
1a7c4567-8178-4fd1-8142-961cd0ace6b8,reestimation_v2,10,1,-2.8619586003269433,-2.733937474686314,1.63683502667516,-7.920102689519557,-7.6870788076632195,2.145479218643723,0.810265277850129,1.2487103948388785,2.604749372904172,1.5114178620828844,1.605400311441934,3.026020418973452,-1.4194045813124183,-1.483447555557191,1.9771115713971381,-0.45487147469342426,-0.4151416667045782,0.984785956190139,1.6071349181679664,1.6542464279420135,0.2886595131052721
94d9ab6a-4a9d-4dc0-9579-f004b8b4417d,reestimation_v2,10,1,3.602092908696823,3.8092671759880217,1.388831157894658,8.433843339041024,9.840713325830562,2.506730200672457,10.111626874552366,9.960774980637172,1.7687101368451275,5.261696155444394,4.814039777702423,2.2073375318432817,-1.1117449811852331,-1.0045933429908684,2.1519585439627527,0.9119385607526463,0.7392339851565004,0.9610681187950372,1.4825350695031836,1.3628349025877098,0.3229879425261821
7b7f450e-2e10-4798-b8de-340a0fcb16b0,reestimation_v2,10,1,-7.479258277462753,-7.979466308590681,1.4239652276102883,-7.00297044045258,-7.258364951678771,2.5932388647850217,-6.665778338540034,-6.652940186165425,1.5563563770716378,-0.5130722750719531,-0.14139070728505176,2.2586768447143677,-1.9343974602223895,-1.7967615715641183,2.267666605665175,-1.6058674958107395,-1.6821851633779117,0.8949388486334556,1.4595076215952654,1.4239417585774732,0.3197421544330476
6f05b96c-1be4-4d87-bb24-3158e4701501,reestimation_v2,10,1,2.807875813462494,3.0090077396554786,1.3246399009519871,7.8418077621205535,7.6151297029435,2.2824624655037073,12.73068751622928,13.1245147468761,1.9950017606194883,1.7918571267093504,2.6560098131291907,3.1387800821282825,-1.7201532347657142,-1.7970168546976502,2.2959008215939924,0.03421294695765593,0.01942408182397229,1.112990976180546,1.2707115712720338,1.1880155508280703,0.2309909923744095
fd2191f0-ccf9-4761-961e-fa538849548d,reestimation_v2,10,1,-1.8668533902682767,-1.9534326266079671,1.4258357831548873,-6.091548210043918,-6.241055879478388,2.4975199079983996,3.293378045969634,3.362661464154529,2.021754017038124,1.3744431432163093,1.7717653160204168,3.0417824506901185,-1.1688831274890275,-0.8928615132846895,2.05707816466989,0.23942367129813916,0.27064189844542463,1.1435250945212616,1.5326044874357974,1.506510614018766,0.26160779643560395
4832be29-e86b-49b6-9280-cdb710943fec,reestimation_v2,10,1,-2.0349919542611086,-2.0496320984479994,1.0335172638394854,1.402027434580966,1.6461349893362662,1.771520092831948,1.591062241487501,1.5392698489719043,1.6553289392663888,0.5835427292150734,0.32484249845547275,2.919051545658099,-1.1378244385303078,-1.307214248212972,1.6277023326361548,-0.20968785201522128,-0.3081322208914358,0.9166474600889438,1.498588504142139,1.5068976068200024,0.2868287443107024
5cabca09-8b02-4417-9237-6efefb35228c,reestimation_v2,10,1,-1.1029092208230578,-0.8636111629537984,1.0220790464030893,-0.2634556536781207,0.04168480069920166,1.6807064069646662,3.1012494943333455,3.1430261624686793,1.31528831110333,0.6615145791089556,1.286354022677485,2.827547696625763,-0.5468143791621606,-0.2874924847518158,1.4292012223657613,0.37361055696413786,0.49852440022161076,0.8016216093171027,1.5169946594270618,1.526880038183212,0.26293215969877476
2672b205-2c45-4262-bd22-b6478209201a,reestimation_v2,10,1,-2.169051240053831,-1.900190301093844,1.833938263938572,2.9329795182201748,3.2361783796321104,1.384371149391074,3.557126283500968,3.5748455905844194,1.4696491556664588,-0.382166146897733,-0.1124498929526414,2.4741305409929524,-1.5716813762663346,-2.146482440503595,1.858925865861699,-0.1913523305327636,-0.30909827593652794,0.903075965326419,1.3859774413462673,1.3323804176179865,0.29640771584740927
b5edbc58-80f1-4324-bd18-ab62aa89bb15,reestimation_v2,10,1,6.312027961355272,6.451844043814364,1.3182732206244108,3.1723766603189,3.3010305573028296,1.8721710811628745,4.799534590395043,4.759129063708951,2.02434551566164,4.627852973063598,4.134136850629314,2.4137679641843035,-0.725242990760804,-0.6818714803238968,1.8286662681787411,0.11947474653906802,0.2337717102919757,0.8793584248834433,1.3555158698293286,1.2059305407687666,0.2913048186597488
ce36ab5e-2019-48c2-b3f7-e9be2f1ae2bd,reestimation_v2,10,1,5.420889300402072,5.967214962160084,1.09473158025986,3.6226693503712712,3.5212196279332417,1.360397749201503,4.85935844596212,5.224285333517119,1.8129359000387888,8.469108595388855,8.692244420024835,1.6701279376825093,-1.9076942594674,-1.9665509000434955,1.811471700672397,0.5142002130799883,0.23336080660827457,0.8860465621189973,1.4233407582938558,1.389493983861274,0.26858155897741326
21eef651-dac3-4bb9-af5a-b8d065a2c4f7,reestimation_v2,10,1,1.1408113287784147,0.9749581634193141,1.2167508300953047,0.04552539077935104,-0.5025457480695659,1.5118625968250465,0.03247601944289583,-0.38104642473846684,1.3584232038028408,0.452374848272618,0.4675234557225806,1.7520428290297863,-0.6518034067891988,-0.09846408285295682,1.75505272837478,-0.2750487861584823,-0.39260703566520017,1.0706632290875295,1.4403773204955652,1.446844444438654,0.2551513202827764
8c8efed1-aa8c-497e-957a-21a425bb80c5,reestimation_v2,10,1,3.5020043873745568,3.3011421533386818,1.4093002244342114,8.582455447186826,8.889955726815598,1.7930981503653065,-0.2987939237887869,-0.3627300975026342,1.3718729311751434,2.1430690794720237,2.6955060904728243,3.6034300999288678,0.8334761899686391,0.4271720251097735,1.6996069789706074,0.6055884293521577,0.3982284858190745,1.053883047239346,1.4836395329056824,1.4913303513921998,0.2876540016560448
b8cd258b-3102-4390-8469-86ee29a9100d,reestimation_v2,10,1,0.09013688896309702,0.20537243721916543,0.7723240195435173,3.071254781608268,2.808660363766027,1.3659501039060318,4.583182781918657,4.769734369785097,1.1079614380039944,4.943177500704565,5.074248057903478,1.9484462921854728,0.2538022840272588,0.05270711715803622,1.5094451139535736,0.12430284420087159,0.44679492903709694,1.0934311920323057,1.5414335906742682,1.4551555025027296,0.24230335343913556
6d8366c1-8671-4afe-890d-214245da6035,reestimation_v2,10,1,1.842634995810229,2.0569878130114896,1.027208728434536,-2.8040550127433175,-2.250444864671642,2.693870913891645,0.4612951160729891,0.8050023600617129,1.3788485764917329,0.09700700521672079,-0.16773194081422055,2.1292194444461012,1.7660305429117027,1.6924106687372023,1.2006889651843426,0.2458503919692806,0.4132502457485718,0.943187127657339,1.3843463574784824,1.3173850029784024,0.24160062977434005
eba95da1-353e-4c5d-be70-73a61b07bc8f,reestimation_v2,11,0,,,,,,,,,,,,,,,,,,,,,
3c30c05b-8be0-4a21-98dd-b4f6db24d84e,reestimation_v2,2,1,-0.4845747210857835,-0.27140715457266423,1.8832214743458484,0.746685858755796,0.506645446532322,3.747712581157996,0.11474662471420993,-0.06663903595803573,2.317473242936421,1.0348396500962296,0.8506856036273582,2.864164641245721,-1.7902964339633654,-1.777978400158319,1.8151041837490876,0.0012332265136371448,-0.034607657354611854,1.0271527309390185,1.500227424530546,1.503170800410885,0.28260723449230035
bd0c8d08-ab42-4d66-8a7a-ada689130795,reestimation_v2,10,1,-0.6697710162317275,-0.8398000006377844,1.1656785919691335,8.33717129642535,7.745812771866211,1.848350783589415,9.908729297700866,10.153788539559683,1.1704686049143262,0.45017811023317206,1.2754322122784256,3.3038955621050303,0.33055289472646815,-0.12677120893746618,1.5150379493969846,0.06414312026482283,0.4075363659680349,1.29196739776871,1.3064335013167079,1.2718505606689319,0.20256672084567365
6af59aa6-2e4e-49e0-bc39-01d67d9ecd55,reestimation_v2,10,1,2.060515593955455,2.0380878852137885,1.1167356138784876,2.9617858888265425,2.055360036136401,2.345401203613611,-0.5730766783432298,-0.40956573216579195,1.1598900769111946,2.9433982547668056,3.658610442897921,1.4668374813207923,-1.0243130286764635,-1.1979879657153174,2.211107941595195,0.4516745261767555,0.6132151883666225,1.060101814815792,1.3361493279332588,1.2521290539415948,0.25138421785228543
ad937851-0c82-4a2b-a2cb-d8eac4548003,reestimation_v2,11,1,-1.0813835012353692,-1.1735311004151128,1.329738514707181,1.4666249231389237,1.7848079618491033,1.7807279478513318,6.510935562720644,6.391754653980206,1.4331042671323495,1.2426521261166925,1.4530137828317018,3.072380551064137,-2.2291856574000937,-2.8903133380684976,1.980101870088777,-1.5068530223083691,-1.3658134058542237,0.9535865258086903,1.2108761739307687,1.1291925217476104,0.1788683502320177
b3388af3-bee2-41a4-8625-627bc2cc6e5e,reestimation_v2,10,1,-2.3843756864493044,-2.581782434476252,1.640408434280296,5.160418745277571,5.055103902142477,2.229816251622869,5.7665249275336725,5.5570806390535346,1.9980352417811749,1.3705064220987278,0.8319694943176021,2.8785324280375275,-2.4145295122916686,-2.0357195904654786,2.0819092684572804,-0.5610208042115326,-0.5864581430742506,0.9781754113582047,1.215818995625935,1.155885068159269,0.1976688482641266
c6309adf-91dd-4cb5-a36f-d2700d7926cd,reestimation_v2,3,1,1.3108199919021888,1.3467931777100655,1.4978795251951595,3.4536273824373143,3.475086695262848,1.6261150669314404,4.613331255231991,4.35773427937897,2.1038534134630553,1.1148464219640377,1.029441462566854,2.750116401440303,-1.0063807746901468,-0.7594044048399664,2.1937025210462218,5.6838388454798405e-05,-0.010568451477676877,0.9817285982720686,1.4810927144009884,1.4652027208810292,0.29453014922890786
3a4fc586-5430-4ddc-8683-4f5d684607e0,reestimation_v2,10,1,-1.2338441121319785,-1.2909745083513267,1.307397454015468,-2.8015828303244232,-2.612762073121469,3.0013592850309343,2.7936349880232796,2.479434249727595,2.3906603712026127,1.9300459803932273,1.6142104871183351,2.3207595781079813,-1.3119015711379651,-1.584012337068617,1.5508292537205197,0.2724944066391151,0.2750826062614202,0.961979230591348,1.4942370773634366,1.5022734676720417,0.27567283885587457
1f96c52e-b49d-4f09-80e2-e631b36ee5d9,reestimation_v2,10,1,-0.4692012109104855,-0.2902611022628288,1.3868323474356616,2.328417891073939,1.7817090614895292,1.9951584334021866,3.686199344838245,3.5213219259888984,1.6305951604711906,-2.1848836767228357,-2.0601757490708836,2.6409168805347467,0.5239000937866937,0.07350807140506735,1.4603427385063539,-0.43466914561093656,-0.4337761011553958,0.9237871511482657,1.2581295679644715,1.254412018909557,0.1974399090471606
0100ac17-1da5-4fc9-a9a1-83c1bf64b4b1,reestimation_v2,10,1,3.7064095532574504,4.192390391378808,1.4934465832062256,3.5014417448167556,3.1119866266131733,1.5871531659577407,6.157437710573068,6.22479578160118,1.6013865700196888,5.729917956697865,5.556764802740739,1.9535600278825194,0.7943672191276459,1.1589184462743143,1.5934808797580935,1.135126396905841,0.896379812293402,0.8733419827974024,1.480299951058976,1.3355875964537613,0.28501333969708154
d7eb083f-b3aa-4e62-a713-65e018741ea3,reestimation_v2,10,1,3.3252480085555414,3.1330119243174273,1.5514076492622357,7.808173562281247,7.5757061849413745,2.2276390454666717,10.170461382524342,10.243128394465023,2.119903434253322,4.796374905762564,4.167684002982833,3.176797647750223,-0.779808184974046,-0.4039082580262052,2.105979814022717,1.1238749789852736,1.36133482060816,0.9135802801743976,1.1594760769956345,1.0604781656780649,0.17732130242027946
5ef04417-31b2-478e-a10e-2fdc1936aff2,reestimation_v2,10,1,1.2540166463012983,1.0507751870323638,1.3240293528155078,6.368639797965771,6.137607880299351,2.489008915834999,7.373878502435854,7.330364283836764,2.465766449439842,0.33772456271066265,-0.4300885250619948,3.169130229111164,-0.7441444997060714,-0.5069694870780816,2.1680045404727,0.18820208913900335,0.20345035182260884,0.9929850752066735,1.216389584836765,1.183177202214461,0.1718670699529349
5d3567d3-0c8f-44fb-b73f-ec3d29190451,reestimation_v2,10,1,-1.302226298941044,-1.2712453002347506,1.1133416188616252,6.8385371380093405,6.7219998182783165,2.6455127927966124,-1.931409419516419,-2.1891359128138173,1.5994721296193464,0.4487762329328511,0.2239201428749007,2.850282166863317,-0.7782840038609704,-0.5215355310927541,2.0254553756816565,0.1517114351843456,-0.08146654728798552,1.1558382941555676,1.3745199269884434,1.3567219428214548,0.2305049726213835
bf070060-ed4d-41b7-8151-bcb26e336bac,reestimation_v2,11,1,1.2199969469955283,0.993932496200965,1.6375017907034373,-1.2335791182905194,-0.9353329343090167,2.5969819648814387,3.485883311041979,3.3505343175775684,2.018186276999758,-1.8574325744910363,-1.9976547083843754,1.8437614640736555,-1.4352232718822715,-1.4795059422825694,2.4256564690134494,-0.5602790729585791,-0.7848120511420018,1.0691046528189765,1.4631468319962506,1.4719218909299112,0.26279458277520085
1a605d7f-50f4-4d27-b7a3-5a197b489d0b,reestimation_v2,10,1,1.0123503614761487,1.0149264495495744,1.4839007859912412,5.92044174284801,5.944906178900927,2.4450101520497856,6.918727276761159,7.098171278154247,2.2642012931615394,0.1371931156072039,-0.05961688799783893,2.7266166496252757,-1.596495493547026,-1.2742061407749472,1.3942091197943332,-0.14299122748855644,-0.07886474603128682,0.952428535011721,1.1725836066252633,1.0730637975554536,0.19388119810905893
9491781b-1057-467c-895b-b4fc17c00ff6,reestimation_v2,2,1,-0.9147799962844422,-0.7552282519706155,1.8625707168826837,1.2421033661859069,1.3351725463086943,4.4178840275143765,0.3273298769901711,0.5082688657040855,2.719328939739942,0.04855425109067403,0.08842838321695268,2.532919404138702,-1.1214099124830157,-1.2924202903368436,1.9982366275691845,-0.11768470713713938,-0.10286288962935874,0.9788466113042055,1.4785700840426217,1.476440708593834,0.27740407439004733
f87217da-ab8c-4a64-8e60-b9087c154b66,reestimation_v2,4,1,-0.011178539687975166,-0.13613051896784623,1.177925933744537,-0.0038515481749681157,-0.07069184210222579,2.277812413817971,-4.9100396915897235,-4.668410445081862,1.9847200491619497,0.40958255220932394,0.3789391320081269,3.208637232788147,-1.2460565706613023,-1.3642487961162961,2.067089786042108,-0.5078178063089502,-0.42070330799287015,1.108183014679128,1.4653802648737375,1.4289877770433725,0.31136336280855076
f52bd912-5374-45ea-8eda-cd3a903cf924,reestimation_v2,10,1,-2.3497808241795037,-2.7189578416585864,1.189142236268129,2.7120873003695762,2.873730576811185,1.3019985918355235,5.606317806931681,5.777063592340159,1.6937593491680707,0.8888504297281706,1.0275588033762566,2.9356029730624194,0.7061201776984162,0.5840992846604176,1.7640317457778452,-0.14085560841719882,-0.050791761155011605,0.9342653478076908,1.465959509495469,1.4153215724388113,0.2738060304748326
7d582a0d-ae1a-4bc0-b618-02d9c88e8148,reestimation_v2,10,1,-1.5509067738403775,-1.0660214774600623,1.4788304485929264,8.796332588551447,9.329605716482975,1.937225710637132,6.992563043628217,6.614772905949246,1.7967527674817516,1.1967509102513436,1.1030003620589,3.3297695457709686,-2.2711354157250194,-2.1199932015535854,1.638977835989412,-0.8282376725922975,-1.0698018213656062,1.0932520752770527,1.3168549161748875,1.3062483530615887,0.2217190330533581
f047a84c-dec3-47b6-a550-2c6dffbdaa98,reestimation_v2,10,1,0.8532616370620146,0.7398228960868269,1.5601780697732612,-2.7204041447934273,-2.4039832243509056,2.92962198641706,-0.3071191840924061,-0.5182906513884505,1.6560736684224777,2.0818087666747482,2.141855863057747,2.6127260669531363,-1.4858633269458719,-1.4775675025610953,1.7931686834272043,-0.14856846775781274,-0.02954589968252752,1.0299435228591256,1.4082265900125688,1.3260268961629043,0.27170315796125416
54a8dc15-c260-45a0-b25b-96e63ca711ae,reestimation_v2,10,1,-0.5670730789732294,-0.23842523983979935,1.017964449130712,-0.7527758253076072,-0.48402293156684184,2.3960775477283835,2.8697954365907137,2.7260947361427164,1.391824052389003,-0.5553846199616581,0.082858423704043,2.2795406798213036,1.2207664746309554,1.6101713629427081,1.3514942410627384,-0.10239914766347237,-0.23327027658388144,0.999201035566631,1.3923850615709918,1.3294282611834027,0.27156602533927005
075700f2-57a7-4b31-8e34-d03c82f31479,reestimation_v2,10,1,2.0216475663808158,2.15527671333949,1.5929177739157934,7.765832293797917,7.539924436503053,2.4617405502077063,8.706935386960755,8.506388861527473,1.5165789211713567,-0.6694680020780786,-1.011136675138719,4.310217613937582,-0.32853725186932936,-0.5106356201700879,1.6409931779345015,0.4480977449361819,0.6986277316973131,0.9418692931596891,1.2441603232765797,1.2086969065171096,0.2080408984465799
14bb343b-0421-41d0-a47a-478638592b16,reestimation_v2,10,1,3.8468002111695183,3.4554733813956355,1.2564791963373378,2.3025250864941182,1.987503884671635,1.36053027895532,0.5309082936377073,0.3630008975994805,1.7414956343482155,7.567155542805778,7.76552166510367,1.6323413104678963,0.3540467879966243,0.3944654183873606,1.7620149553174012,0.5680311892127368,0.2834804909183247,0.8614638094293136,1.441320091872838,1.4128446162242358,0.2584565411085873
9593973a-a282-4c51-b450-f422ef1c30d7,reestimation_v2,10,1,-1.8054853040926555,-1.4535212844577936,1.371621224585772,3.5417672065042063,3.2129238694394555,1.6402034590495174,4.824974968836726,4.894191525128973,2.0212034846998312,-0.46109385037200445,-0.33875150205047344,2.353525999450853,-0.9748248319990965,-0.7511193467446193,1.8570179273052045,-0.16729293057563754,-0.09451195584047034,1.0953393225678443,1.3645894234886735,1.2704500780685797,0.28303394343062127
f4177a5b-e96e-48ee-92bb-e08e16c78093,reestimation_v2,10,1,-1.73832780012527,-1.6538252208513518,1.161444306967399,0.8763604971589993,1.1515601530892254,1.8772448347256687,1.8962997939789352,2.068358853393826,1.3987255053598697,0.2113393800560578,-0.16538916170978607,2.0311367688816944,-0.6114410022000982,-0.26696092077813105,1.4471024565842776,0.4475924688257259,0.1521534456704996,0.8391780581443524,1.5647014524637037,1.524910987144245,0.24347878317313448
f98b5b1c-0054-4d2e-a139-24bd73dd0d34,reestimation_v2,10,1,-1.1289360425928672,-1.0141898525887105,1.1016845262451556,-3.5924967231042166,-3.2530074060755236,2.5842533727095938,-0.5749340132182884,-0.49492083477372417,1.3167255211188686,0.8434116591414822,1.2678758176961227,2.978411267511781,-1.1458651681599883,-1.1939890956274426,2.0004059309143973,0.20471757131222237,0.10179553933186503,1.0076405707669085,1.4269576636023356,1.407647521530895,0.25905211961072516
65a36f13-a628-40bf-b4b5-53d30be329a8,reestimation_v2,10,1,-1.573788519949495,-1.486595796598995,1.7270477586575894,7.906694673946641,7.707115484328044,2.0752831122987203,5.820825190504901,6.306916554654366,2.1437704763793186,0.2772333878974571,0.7020113832161794,2.425597336883354,-0.43692092803180493,0.09348834608050094,2.1892533739108497,-0.05102758827632773,-0.10012401175935981,1.0029190958545502,1.1744934996004701,1.1120316718693368,0.19255668713595425
8bbb7c2c-b02b-4fe8-b8ea-f7afd9668325,reestimation_v2,10,1,7.874737052862121,8.063292231607582,1.5519276292913746,7.110693790421776,6.563977849164094,3.0158706735507743,11.554285786829537,11.193742085083041,1.6637284317066312,14.405980793188524,13.90569661047477,2.0593834125049217,5.157585069112063,6.957984916773654,3.68977017298708,-0.3096981944016748,-0.41245654429772627,0.9681768079984097,1.347205485256041,1.3872130742585205,0.26838945242558815
e635511c-147c-4d86-ad16-8950f4c96508,reestimation_v2,10,1,-0.562011815232385,-0.49802843455944157,1.2585266146230776,-2.123155055793415,-1.9166376446074502,2.8688936643423375,1.9163607600149182,2.2262422331886693,2.4202561616641085,4.979729185761064,4.9486668406370224,1.7249822533525616,-1.1054589026640258,-1.1568012031402246,2.1309977246174805,0.49642243689111964,0.5443995140701114,0.9725881566969267,1.444909906917507,1.4280288117923203,0.27618668410134223
2f0cadd9-cfdd-46b6-b25e-e3d49c073d77,reestimation_v2,10,1,-0.9600771690272132,-0.9041121060357116,1.2466051016224498,-2.543456762036025,-2.8464329878908052,2.5678001533459796,0.8217278334801297,1.188856675586128,1.2123030127032188,0.702910200093791,0.2689881091486228,2.826604655111726,-2.9847614149350923,-2.9867558646702435,1.5627431222441153,0.10899842484601925,-0.1626780053099559,1.036436322968878,1.6094966763934826,1.6381084651457178,0.29363099197070863
34ed3849-5f90-4589-83f2-158f6f5a753f,reestimation_v2,10,1,3.36274541525031,3.3251121150729723,1.3993305742728137,6.626552628577117,6.622481894002089,2.2576320662020177,7.881658870631871,7.809807769926577,2.0679457286771328,0.8373158714117553,0.8160209232858915,2.826347020288853,-1.040183363033671,-1.4309022158493203,1.7589643667976675,0.391491220268687,0.05486726573580233,0.9408404465078218,1.147551223224432,1.088036797379943,0.15638998880226387
35adc8f9-9fd5-466b-bbca-0b7af46922d8,reestimation_v2,10,1,-0.4225211602254941,-0.15268180877785947,1.1935200391048877,1.7769306972976082,1.896703440963928,1.8030691818625177,0.49132138313335866,0.7138633911369727,1.8447379786801075,0.35689326200164717,0.010262470305509197,1.8530269292663109,1.090723919815673,1.0202672889100262,1.6539266531580104,-0.13744421430709955,-0.029046826432910233,1.0341640890856134,1.5357280447596267,1.4938604400441464,0.2864671554777657
971959fa-4bb5-41c3-86a8-9cc449698752,reestimation_v2,10,1,0.26985713624165153,0.20526423422849116,1.4401790676820614,-2.9705195024377273,-2.520419814324103,2.8787006113072886,0.1674372072937513,-0.09553385184380894,1.5906678323342647,1.0642572297603075,0.9714727032864654,2.899016847406785,-0.2085923312496242,-0.4552473171247504,1.8692025307975446,-0.4919015091994501,-0.5243508317601289,0.9843827371670808,1.3987994900994496,1.3397158236724565,0.24780814327601108
ae919acd-c5da-4263-a784-e77c884a2876,reestimation_v2,10,1,6.3247789892623505,6.096483336774351,1.2976284404280163,8.15219462276699,7.550778248309315,2.858890378143641,8.570768445151867,7.994027616679796,2.8657217050156616,6.701934713898301,6.343252749343831,1.8769259896023363,2.407220042986445,2.0536257444244375,1.7245674570268041,0.8902278753959737,0.8662613242581413,0.8883843045940695,1.5898505097253042,1.533905975240158,0.31583387837742793
7745f923-11ac-4214-982a-16d56a2127da,reestimation_v2,10,1,-1.7374733573817474,-1.970389244814645,1.4405203010521859,-1.2768930077224283,-1.0937971143889023,3.4289816420725634,4.174878745968857,3.71448783027323,2.279637822839055,-0.16281539053871408,0.0520062511844972,2.300554732655684,0.1606643401993831,-0.126831769245211,1.805434368673536,-0.06045293225386922,-0.071605833442563,0.983802547561371,1.3831332363319357,1.3161777630365454,0.25588227983222633
792633ca-3c93-4b60-9eda-a1ad0f713c2f,reestimation_v2,10,1,1.265109675775117,1.5099948994705463,1.2425959449421689,2.92654788970117,2.59134596036794,1.534540792959446,3.6273343969544243,3.4711433467631863,1.4984653417177265,0.46563253910916685,0.7991414917673523,3.2888837800869206,-1.5061614271305415,-1.3731879504855182,1.530282394317952,-0.020618533215545187,0.2073305359340476,1.0565835756068658,1.3431588949717852,1.2453574190528323,0.30232997395412187
5e72b17f-e477-419d-9aa5-9abaed4aee38,reestimation_v2,10,1,0.8589223592085844,0.5853303439881116,1.245522071004776,-2.006757659552594,-1.968099457229909,2.1097576497352306,0.15800130427783313,0.3091554503337943,1.4557862074722774,-3.5731152151763883,-3.837941038188082,1.9512785277359763,-0.6635753973615834,-1.508062567902316,1.956545579337241,-0.05138671303650089,-0.022604426083209395,0.8997551730980482,1.2702366899582922,1.1713802380525284,0.22597797952808496
d36591a9-11e7-4927-aa2e-66ba29a4ed3d,reestimation_v2,6,0,,,,,,,,,,,,,,,,,,,,,
3c28fa9b-d0e6-451b-a9f7-d8906b634b33,reestimation_v2,10,1,-2.7248092228554093,-2.6549259515756622,1.5872923260524967,4.862475248389373,4.139445022264542,2.101532964352302,5.862103880717639,6.259555905613036,2.079403106492736,1.3991540314896838,1.6388382967127653,3.142694862146439,-1.428336359506573,-1.7693685558110697,1.8621199879911248,-0.2867361345607935,-0.18750779560701875,0.9071584589754894,1.1501884335386592,1.0900261853310855,0.15407697210243954
a019510b-6a0b-4008-a4c3-65cc10b9df47,reestimation_v2,10,1,1.0670788491358556,0.7900196920321771,1.4043829147173787,-2.662173997712876,-2.3146600962492623,2.915514904389786,1.6941516508447287,1.634995432273059,1.6147983347694237,1.088883142613637,1.493318881977861,3.3827789268329154,3.7607390039027067,3.9695052066106715,1.6022454573838518,-0.47565373722090587,-0.3841124234614894,0.8777602924128731,1.3042850170877203,1.2749293451947086,0.2170727939725735
fd9a14f2-6bf4-4d70-bc4c-ec26af974f49,reestimation_v2,10,1,0.4364201425546058,0.23680099937710064,1.3042978224766895,3.880715055127992,4.158582724458676,1.709284014052427,5.590584529798125,5.58978234092785,1.4140211268120235,0.239986947352217,-0.45707718322322766,2.622973519096936,-2.23036172669298,-1.9621888085683237,1.8533473609516193,-0.19528669026941484,-0.18948791883700877,1.0378477568390407,1.591077067874719,1.6087243272591043,0.254576898833452
155bcb50-062e-4cda-8fa5-281760c5e16f,reestimation_v2,10,1,-0.0554349965441179,0.10719908706324238,1.4881274368798343,4.741249081162186,4.469257798009554,2.219582331950185,6.300279332936865,6.647808164365306,2.823156786545481,8.050704333606312,7.56607048223851,2.4592173386042764,-1.7363753445869756,-1.3685195237171712,2.190849668514571,-0.19062825293574845,-0.0668977421716177,1.1767896980611523,1.1194850802955545,1.083394964265897,0.11225252307196491
5c796d04-e262-4881-bd20-a33c10432e92,reestimation_v2,10,1,1.4568558154545899,1.3109459715996594,1.4561844844020428,5.6380701693794375,5.366109682674663,2.0386332519520556,3.465956390866873,3.4961720427198983,1.867394824894722,-0.4895135303185847,-0.6234206011861594,2.9891762755599154,0.9397865640476192,0.9649490609153786,1.7026210138529467,0.009304249305825078,-0.060282196900185214,1.116797160115077,1.2900545252847369,1.1988193238780582,0.24699063206240365
b2a78455-f336-4d3b-85d4-217e259cf8df,reestimation_v2,10,1,4.956886481251978,4.839795152938532,1.7486484653493681,3.373968450941256,3.0057141129529925,2.446986322467282,5.349551274103806,6.5704866562785575,2.45913459305503,5.420268945608062,5.472625284156969,2.058025754884684,3.7316820571518794,3.7634283743402044,1.5251026644389076,0.08642045453681473,-0.20104036403870948,0.9088310661038925,1.193875997315695,1.1386793989404373,0.17546289366085968
7077923e-e899-414a-acc4-53d2499c4d95,reestimation_v2,10,1,-1.6147992936292797,-1.4947898159366488,1.166262905361365,3.159467741727378,3.4197569264786747,1.9702773875134956,1.0016684316256232,1.307493674556129,1.8240151572101837,-0.39472167298391597,-0.4497296633257202,2.8610316856732725,-1.461379598819523,-1.630525170030122,1.8168098264275083,0.04213007463651419,-0.03683432852594315,0.9412658350209037,1.4847786619340289,1.4681240021781536,0.2838834730456799
f5c091d5-26fd-4b17-8242-6922183bf67a,reestimation_v2,10,1,0.2828230529676024,0.2010614535902695,1.3100387676494696,-0.366269934996921,-0.60236684317689,1.5640356702205158,0.9097550342988437,0.8679196332627881,1.6019844021967358,0.7292194161201139,0.4775892943204454,3.2691741179862834,-2.143159770737854,-1.9427823028507905,1.9271590862754937,-0.2613088296201738,-0.23180151824981343,1.085615675991374,1.4954529468378326,1.4421400159539846,0.27043266130659355
8b374023-71a4-439f-b177-f35a26e8c967,reestimation_v2,10,1,1.7970579052562219,1.4082303109658467,1.5232911016987676,5.357287559505353,5.121674180573916,2.398242553185006,2.1786493854732307,2.2035569298426325,1.9272077148003526,1.6862467360374125,2.1818286526153012,1.6097095380083042,-1.538435947751098,-1.470873501242989,1.7882856128417433,0.7178593668646487,0.546646870471672,1.0279084318495484,1.4679529290482953,1.4248603862573481,0.2810677301519027
cd92e97a-87ef-480e-acb8-6c18192b144f,reestimation_v2,10,1,-2.5067859496474476,-2.199674815719547,1.2584095535373585,-3.0562275973837196,-3.062742066805529,2.5694306328332988,3.9089047391150844,4.060078199377154,1.6464614966915307,1.1671767244237814,1.3927356773938924,3.024831617161953,-0.8754062738298378,-0.6992261605461163,1.8179023831868835,-0.2779573553087886,-0.39968843837799295,0.9457453227937905,1.1864841699384574,1.127575870260613,0.1596065182079517
96fb75aa-dd40-4985-9008-10809f00cde9,reestimation_v2,10,1,0.8468759351330496,0.7382846053295835,1.1967238341853115,-2.076917980372133,-1.906025913088543,1.7499719973851173,0.3513052212756705,0.5033995407856335,2.0576501484620455,1.7620341654014708,1.9696593563568325,2.572747356608263,-2.9578577500116103,-2.7587112093946917,1.8460439391483372,0.24364621878562948,0.2662356690506361,0.9333128238142449,1.4009099919458585,1.3902380792871643,0.2797963462749431
a9d17cd4-2b5e-444f-befe-6b6a36a16f3d,reestimation_v2,10,0,,,,,,,,,,,,,,,,,,,,,
80fa11cf-8e8d-4c98-81fd-b70599d782d0,reestimation_v2,10,1,3.297368997890702,3.2266490831282657,1.2618883446699674,4.536441965554394,4.048061041891218,1.7737702752359539,6.206046180827892,5.486448108225591,1.7703379630252916,1.6427389232932175,1.8361060253790769,2.6502933766746795,1.1895106614603286,1.5664121787498795,1.4578824509394046,0.13985132125891678,0.19081875021225592,0.9694300860995118,1.1281764300738562,1.0744786098381063,0.14405982836171613
f5cfa35f-8d45-4bbf-8ef1-f9cb71cfa55a,reestimation_v2,10,1,0.031003778506750238,-0.06704104609832662,1.1226867822911712,0.11867163899707461,0.6177377606929193,3.3242436800687787,6.164422241361097,6.474980525995264,1.4807338622005706,0.33385267996003387,0.4440160921495351,2.5188507106666114,-0.40967076682524856,-0.5584820114812644,1.5775268219721237,-0.6479786530158654,-0.6663407997249545,0.9169300294083034,1.4602464780210513,1.491141019324867,0.2764804146247054
a814854a-5955-4f9d-9d10-c54374f37831,reestimation_v2,10,1,0.49965567826156787,0.4968669354637759,0.8780207460982614,2.3762413140158274,2.5668934219994304,1.4448578146677626,1.8678363426979934,1.8840165974235854,1.3389159119473504,0.35009775492929096,0.7220949238464112,2.0102972173603506,-0.6019613697830218,-0.4186980796819335,1.6274024566790912,0.007514245047486878,0.053047412664458005,0.8668293020018658,1.4697032337161302,1.5714913892104738,0.2553634890885317
baa3c0ef-e354-4270-8c9d-6b2a551e3ccf,reestimation_v2,10,1,1.2923601858643785,1.2225759511535497,1.4494860443417465,4.994113515007151,4.341960047459055,2.702616136823957,8.298842013671372,8.393282051749882,1.7726201991342512,5.228711042752929,5.170994609911126,1.6959769634227113,-2.023157520576259,-2.122229795985579,2.0644859684198638,1.0183435761239488,1.151810270202429,1.214963557015148,1.3878582578337202,1.3410025157293948,0.2679427101748383
a0a22e14-a1cc-4474-9bff-a60cfa27039e,reestimation_v2,10,1,0.7402396399659946,1.0736861784517058,1.5042812926419202,7.669034734620416,7.815708893064688,2.280921367657815,5.2934925910087465,4.861802580545476,2.1050003444721193,0.6472304527709348,0.23686514779171564,2.8618982747934734,-2.0110705535010287,-2.0358447321920448,1.6470981588226734,-0.09933427486172841,-0.3873782198006037,0.8624286633083955,1.1410023639803824,1.104111887586885,0.15538924617822028
25cce235-5660-4e9b-a305-6bf49197e26c,reestimation_v2,10,1,0.9807482973157814,1.2260754649797034,1.2784491759295202,-0.9981301463982669,-0.8477793243185223,1.9381661013623732,0.4700222645114798,0.9828826322116967,2.02168651418834,-0.903301441954226,-0.6936758687239806,1.9677489983018375,-1.8613927562580483,-1.8237692622988848,2.1653592279636458,-0.23784948391410807,-0.11060371483368883,1.2680286677138681,1.4945909374352906,1.4258073171758459,0.2919813142326706
97f3ffef-c55a-484c-ae47-d37d21c00e21,reestimation_v2,10,1,-1.8418345191179781,-2.196720949082931,1.4489063397271829,6.969713789319132,6.948177522432984,2.3894623489169993,7.7563217919969745,7.5047640088251,2.188299822329573,1.3421170510954268,1.1903257124354711,2.8313379759762056,-1.3684730909315683,-1.3890294544063484,1.93300102758603,0.08222588578678273,0.13464520550003706,0.881485307918034,1.2375360451691975,1.153950709001967,0.21290689775105914
4fb7bf5f-0ab1-4cc7-bcaf-ad9e7d857429,reestimation_v2,10,1,-2.6691165564635635,-2.6424347688690872,1.8557032917453329,4.440826174588959,3.623339408850057,2.0525714631846816,5.723753520508758,5.23092072426513,1.803082264209276,0.6259608988607193,0.6726537869534994,2.4739894031854996,-1.2959619909472948,-0.9356859992748587,2.159537734289049,-0.31723698858850585,-0.46140253585112967,1.0023985357360354,1.145259989765011,1.0923601665834084,0.1431404021204335
6b53a9a6-bc71-4bb9-a669-bd1996f33b91,reestimation_v2,10,1,0.6371826639897974,1.2325639620150648,1.3288211544198203,6.172307721022384,6.668181212291304,2.0251472801583077,6.3913281053278315,6.581946733649886,1.8002888660692113,0.514004815144588,0.537068349940435,2.480878873073822,-1.6054153624107863,-1.5554555076171783,1.811712013864328,-0.09097298737496647,-0.2177275676567543,0.9414853183503878,1.1599943236504853,1.1096689138352318,0.1523445120296098
aa1bb50a-e6e6-4ca9-aa0c-9bf426da0aba,reestimation_v2,10,1,1.7982594610026208,1.8403363331430986,1.329531265419005,8.235145972589528,8.463154798272416,1.7512301496485208,9.151513801140103,9.449351393216258,1.7219145866244128,1.1949111272562218,1.8976540891269207,3.2425591812030983,0.9161901229802024,1.0805505575164893,1.775015272936039,0.2261853837333719,0.07407752671145629,1.0604356021108954,1.4186377934154795,1.3694449808742073,0.2786127288724711
b34fbf72-940f-4826-8899-364d884bd056,reestimation_v2,10,1,-0.814734663359926,-0.6147077746138535,1.2497697361168285,1.4588443722262372,1.9621475985279648,2.0135667906612684,-0.37423050300041366,-0.6049459440629503,1.9178955932578596,2.2233163864474204,2.2439994232982374,1.6767148169638237,-1.300579266151193,-1.5037612012532502,2.2382413100266585,0.41960926387529224,0.3933960209267335,1.0258349334200259,1.4333125184363003,1.4522737543599962,0.268649666413543
733059e7-304d-4dcb-8802-8095bb7f412a,reestimation_v2,1,0,,,,,,,,,,,,,,,,,,,,,
a37717be-cdf3-43b1-8505-38b13c974343,reestimation_v2,10,1,1.9225978499437453,1.938088556230491,1.4319618246953818,-0.8539388849162546,-1.0308271499782853,3.147900447500504,5.36495539692512,5.531802047730821,1.9523513742116216,0.0772517778280284,0.41702755483855936,1.3255024219735647,-0.8793081888768953,-0.7629346492480549,2.0263244120629107,0.38964680088461284,0.3255129571294564,0.989129631992204,1.555264119155548,1.6003365581091007,0.2986852617169002
8b77d066-6211-4739-a0c6-fe776effb4b8,reestimation_v2,8,1,0.3036335834788341,0.16481008709028533,1.001048971958605,-1.4492451430137967,-1.9521897278590656,2.9421168985562067,3.4844663020061564,3.2442929567314573,1.4950291774883786,0.6015438353766088,0.6499815561891515,3.4546562714111735,1.5770929055480636,1.2883903338954799,1.4018410835567976,-0.331799650859221,-0.18925017724220722,0.999102971955282,1.3426459148958867,1.336837211335586,0.2610963987030773
c6f58183-1ef8-417a-b002-339a00aafa70,reestimation_v2,10,1,0.2578973865463532,0.22668307316882685,1.1848734848200901,-6.552861950953983,-6.0679994568227915,2.3711549218795582,4.474605018022046,4.610641349788855,1.6161204419776094,1.4668345951239143,0.9600973532121974,3.4489591071531054,-0.32276143728238965,-0.034657747932813565,1.6117193346412069,-0.7364284540666785,-0.6691192196425415,0.9198089573693692,1.4559708622380623,1.4784939933299113,0.29927570796431546
f213f568-c389-4d78-8e5a-365b552c859c,reestimation_v2,10,1,-1.5709469659541946,-1.7672410106619698,1.667131571820715,12.832323238115242,13.027111556838218,1.2040863531674297,15.781587996982323,15.995538013572897,1.5679330560297147,0.9232456329932743,1.3422396923276136,2.7581430389139068,-0.4551028399580453,-1.9410079364417798,3.298709071815901,0.5148497138710881,0.8986667480760602,1.085080584880393,1.401240584831495,1.4046834496420133,0.267015201627979
3146a5d2-aeef-413d-b5d3-33345f12f352,reestimation_v2,10,1,1.035478115110822,0.8256554011231632,1.3726206625133333,-0.2530220187186734,-0.31785343216782214,2.2417849272223864,3.3236208446630333,3.4438456054837063,2.306477580000112,-0.6663727593875506,-0.8490356262940266,2.139991913922936,-1.238193950825888,-1.0564774807236463,1.6894884548424403,0.03897060625904228,0.047616326261770814,1.0137143390163845,1.5952978466564622,1.5962204945172167,0.28540524540760315
7c2964c3-c7a6-4f71-b26e-a79c852d63ff,reestimation_v2,5,1,-1.298311597805192,-1.1573218541314918,1.7561643786782948,1.407699765387546,1.326157804481375,4.164593032085009,-0.6338731786532371,-0.25071017508130644,2.281665932603417,0.8385161863871684,1.3421964278651441,2.9456368349851547,-1.0663834049565928,-1.0818734788539064,2.0557586338547944,-0.5010693669383982,-0.52933661721407,0.949242415500403,1.2374635062598691,1.1916466143344324,0.18965943949692032
3cd6ee44-f8b9-406a-b014-eab812bade78,reestimation_v2,10,1,0.19337778542768333,0.36044960797909764,1.4968027506877293,3.263516134729732,3.2945551296904627,1.4037345440560491,8.596759181219467,8.543435849313566,2.101220868387823,1.718951075744726,1.2515056569566285,3.72301635131702,0.6770621432289476,0.8299120298963497,1.7576596714337651,0.43976814881537923,0.5011816092568266,1.132927329527949,1.3221006998096831,1.336513179351336,0.23381655331289075
30580692-2650-4620-9451-8470cb88121a,reestimation_v2,10,1,-0.9636080752332112,-0.9346542650565031,1.1083520778733644,11.928735416069692,11.60438522169165,1.7838413760001222,1.5332294823140318,1.954815373670805,1.5019076841534706,0.6638407777448545,0.4079207728524743,3.1123737349921847,-0.540027895141543,-1.1175206621970257,1.5777974025271437,0.14553622630734986,0.21867677457140156,0.7380977393526843,1.4044956559297048,1.3081434640224656,0.307312766896613
23f7f7ad-1918-4c28-ac12-405c118ada06,reestimation_v2,2,1,1.308809178856909,1.2173698003201348,1.4915859095090327,12.290421808601135,12.015850024510124,2.1641665625734707,1.5845992435681653,2.323540849386962,3.2140059030624655,0.958945650991239,0.7986403041261871,3.023382084044506,-0.9852031899184627,-0.837282144792981,2.2071956028122837,0.09481424579254757,0.05918693353326221,1.0854582714406085,1.5051625852803567,1.5109001190258733,0.29283598124576715
df05c58b-85ad-49ac-8ec9-2bc71bc909a6,reestimation_v2,10,1,0.9646441763649148,0.8853344406366599,1.4885729239754013,3.118972568984163,3.182786703186503,1.7447464356888265,3.4569368136984484,3.2253088966825216,1.59289321425396,-0.21616559077828132,-0.3284960729230213,2.6840216409185467,-0.42392464476208536,-0.019224925402575366,2.4724628281974317,0.0747396302781866,0.06198999147311887,1.1672357977054526,1.3229963320151532,1.3104484888307775,0.23927983347064594
808560ea-1bde-4158-8214-aa5481daf7c0,reestimation_v2,10,1,5.266566351987275,4.928603211532027,1.8756124964796803,-1.3181698192099953,-1.0190676967284542,2.8872424899900104,8.171135714983699,7.910925214562932,2.1423448891965258,4.731647257337509,4.55693436817901,2.0543191310591666,2.3967939968735426,2.458582415391237,2.086384082777658,0.3903276764788552,0.40275982752361694,1.0661738577576008,1.4496609553862794,1.447501585835783,0.30317896276581413
6c95c320-9b07-461d-aa9b-41d6fc714b45,reestimation_v2,10,1,-0.09443542313878403,-0.014299725857577605,1.0030446367564763,-3.5203868572216708,-3.1662485946416767,2.6972011917205143,-0.11675412417727582,-0.062013604708596654,1.8284613927653135,1.1514148777563622,1.404581595057527,3.0234516436059597,-0.8788905850738132,-0.5157449381583037,1.9493876939509167,-0.8238211349629292,-0.6897488477383538,0.907221494327759,1.5146913085219351,1.4921815907484648,0.29462471738273366
6e842bad-ea1b-4cd0-85b0-ced95108d107,reestimation_v2,10,1,1.2425305711190242,0.4535186066650033,1.3186333854531311,12.030148414591768,12.16527544899376,2.053076507557499,12.96625987943016,13.352981786044998,1.6707721063583767,0.2944599024760403,-0.5823524544870136,3.2369781871661516,0.5379881455906264,0.7840052701200548,1.5021774803873138,-0.2322884702270363,-0.10717804029352263,0.9681372580829701,1.1529662060786479,1.1043439998332718,0.1361570612996562
01128555-829a-430f-af62-238aa8f89958,reestimation_v2,10,1,2.4594398914691795,2.4925152133105524,1.335538188736796,4.0601356810773535,3.5593799642800716,1.5249516755899175,6.7087123205349535,6.815994084568066,1.910855383757838,1.0522526500664369,1.9179420477515534,3.2326990653545034,2.095950281560048,2.1846422091566313,1.4716910653673934,-0.06834826006942835,0.049860962927447794,1.0037190913314185,1.4194775281513667,1.385173642739901,0.26653472338380396
ec882ba6-b959-4606-b6cd-c2033a9ba515,reestimation_v2,10,1,-1.7464348319729674,-1.702927728757698,1.5693046771616743,-2.0508102096516896,-1.9651065787055615,3.07837883778185,2.7442427840551247,2.4524460312307217,1.8851062432168944,0.38940042824721993,-0.11438020223810463,2.81768124872664,2.6331009867757897,2.8134147798863145,1.7030862678495686,-0.3311881630541098,-0.012607680287495093,1.1995189677362472,1.3280047601919232,1.3192088607868868,0.22770674150841755
71dd0983-93b3-42c9-936f-599f8324e343,reestimation_v2,2,1,-1.426719016076011,-1.3371386133878795,1.5279293700623862,1.160026761863825,1.3671973849210923,4.284389525832213,0.7250354560010986,0.7065307253183132,3.09655708683257,0.8150600861234801,0.7619610030476602,3.0400078266537784,-0.7741443876065011,-0.8206633766894971,2.212619738292626,-0.05394473729398227,-0.07667303624557875,1.0210049611455059,1.4802916034269062,1.4668999443337922,0.2869170358121306
8800ac67-f330-42e5-8e5b-1239d53add94,reestimation_v2,10,1,1.486773604317248,1.3425202368606417,1.7088951742583163,9.690868789442954,9.980812945493724,2.5135652969849533,12.397983439724959,12.655286684899483,1.9700120535657073,8.875275506375576,8.590115423478409,2.4722858016469367,-1.438223956685736,-1.2081015229984349,1.687348432481077,1.2573302173674807,1.654618222160668,0.9402896832136248,1.0867259018046636,1.0615484332973153,0.09898585535432237
b94bdf55-0d11-4af5-9b8a-99257d43691e,reestimation_v2,11,1,5.786818412908777,5.7717704412718565,1.3163969541099363,0.5580129214723213,0.7812429671995806,1.7288976079483946,4.776955865594977,5.205423394233517,1.6864466240392646,4.863851668673592,5.040285861552894,1.9271781115954716,0.43406135235347326,-0.19626930559237957,1.3700992684572217,0.610157030259954,0.6251006301044566,1.1556740306076112,1.4477233070719189,1.4639296157351165,0.27587116557359564
baef0664-efba-4879-b40a-ddb109951ae7,reestimation_v2,10,1,1.0289099456799795,0.8365917088836676,1.423016982467119,6.491808557397511,7.19260869586926,2.774011366845498,7.572280956294222,7.974364571009266,2.9711697849639678,0.321870095968508,-0.03005889012170737,3.0247686221638945,-1.1653246310709429,-1.552581127658089,2.1764859950651143,0.011153433353326272,0.020842667452802388,1.0871618631805589,1.2640615668752977,1.1916225090666037,0.24635459930266393
29583f3b-28af-4e65-883c-acfd3f0e6fbc,reestimation_v2,7,0,,,,,,,,,,,,,,,,,,,,,
5d1f8f43-67d5-4d05-8ee4-76fd4c359a81,reestimation_v2,10,1,1.5289201866917919,1.3034563115551712,1.0947825894200036,-0.6907783087447597,-0.7655269732615375,1.401779900957233,1.416471217026684,1.7534996417362556,1.973234049518654,0.5208977880585071,0.024331299507122317,2.318532131755326,-1.787273179628497,-1.7489280247689973,1.6030335394519506,0.6106071265428215,0.5407466667276157,0.8475817361145838,1.4877820211639554,1.556425704232975,0.25632138390994724
3d764dd0-6136-4bdc-a140-daf66accb15d,reestimation_v2,10,1,-2.0912013498524136,-1.971080881165743,1.3946464868753952,-2.1361161046322588,-2.011277764404183,3.1326678387286897,2.0081842256778693,1.912301239456033,2.5419252058127193,0.8129681629887515,0.714732920153508,2.8675919499861426,-1.1103347841360631,-0.9554167915601655,2.013373465878396,0.016030255583320104,0.11366937905656327,1.0024200987485918,1.454678450050802,1.4393510985131754,0.2982432956514018
5318003f-bab4-4a92-8cfd-3859bc9afff7,reestimation_v2,10,1,0.9871488716680664,1.2784248596436194,1.4055690946664303,5.634357587643348,5.66259195301916,2.1608588141819705,6.905493632576434,6.87372390929656,2.1979980764272824,1.2274274999306507,0.8854601183787727,2.8368260101598657,-1.7361359880735763,-2.016428984896194,1.9424936724869626,0.4858362355910419,0.6527385247688364,0.8999266574046032,1.146622102865575,1.0940907237297108,0.14342302622623843
ec9fa10d-2c8b-4f87-99f0-1f57e413d988,reestimation_v2,10,1,1.3481108327394271,1.2119291276141173,1.5170834269325002,4.494910973756895,4.433070234643003,2.9702608735625398,0.48034301759611825,0.33096784766902454,2.3210902539306115,0.4649896220177172,0.6966984831754761,3.2286795019154573,-1.2048232401642096,-1.3887850287425292,2.1696338195483427,0.12239773333440951,-0.010406632023601536,1.0188414274841746,1.4993535597844034,1.491461981693983,0.2632082075546696
e953369e-2272-4232-9b1d-2294b1da4015,reestimation_v2,2,1,0.9605831751503163,0.6871591767386216,1.428868211061542,11.79858427666571,11.781263304037813,1.8043151822871082,0.8088411651142433,0.7604384249592808,2.897831085022692,1.3996672734551228,1.587228034488081,3.0708371892836945,-0.6264342448212905,-0.49707555643170953,1.9639449695038,0.007935116963468318,0.03291001491785983,0.9631192976314223,1.443111886899374,1.4408623568279177,0.3037931798049257
03f93e99-497c-4469-9ee0-e350d221a690,reestimation_v2,10,1,6.170846786221698,6.997390294932267,1.651091184535341,8.244090863480105,8.38371775437084,3.288518605863965,14.76504458238962,14.530980979982209,1.6969082343480328,9.982103977384874,10.09386960360996,2.771408791320497,1.2356030297330487,0.5741541859357073,2.164908670205725,0.7098550389158624,0.7188913188505462,0.9814139582884591,1.2443035811137106,1.1868909994879022,0.21711156870078818
0420b09f-9c61-4d77-84b1-2c8345b9b10e,reestimation_v2,10,1,-2.1975957841654505,-1.8765682032852065,1.2080230834461287,-1.0941174373622675,-1.2126476932768888,2.444793125707831,5.121136613329926,5.0537469106904815,1.422425557695074,5.073507414676639,5.242867353467762,1.3984019728334411,-1.2718652012435196,-1.2584745886548196,1.9077991584162357,-0.08963530536829104,-0.0662885863740792,1.079923203598426,1.5769864475248068,1.6049562616889146,0.30577453511431385
d61af889-1c78-4c2b-8a36-03576ca6631b,reestimation_v2,10,1,-0.323922446581486,-0.2557850706977504,1.110165148350429,-1.7234755776522601,-1.779117267454196,3.068307234756311,2.701472590335006,2.802628388785083,1.989925472847762,0.19750558848134078,0.3785134594121935,2.541575786741817,-0.9978072627371821,-0.9162672299702648,2.076816436029744,0.47604316186744233,0.47221035114754395,0.8938995800024372,1.49860707656238,1.4840803287321993,0.2724192163774984
3405d062-79e9-4331-abc5-994a168b995d,reestimation_v2,10,1,-2.132367099721951,-2.165355486974548,1.3388774186891852,5.432138646838219,5.422712858218538,2.1474511927405753,0.6085254193867728,0.6638943996179703,1.9065622858230733,-0.8743693645731694,-0.6959675012237658,1.977989745101175,-0.9494524359382609,-0.9641548066900729,2.073534096785754,-0.1903827269644185,-0.160733227656165,0.9606525873346204,1.4958490256615042,1.503222843444152,0.29668006811093567
71dbe888-3009-4661-ba27-006399ac40fb,reestimation_v2,10,1,0.701550264808019,0.22688463531189937,1.5100628583636544,2.2083589574100615,2.560099311047699,1.6585457404160333,0.6180299437950021,0.5607169579641447,1.8307307108201178,-2.2387310999067207,-2.6805292525494457,2.0371679534586264,-0.1265231777914768,-0.04176139716304704,1.7767147409237105,-0.5097912758522458,-0.33022213296485625,0.9312165316415024,1.4747174769381073,1.4727171649474524,0.29050535138543937
a59ed249-1655-4532-9eb7-000cf35fe5f5,reestimation_v2,10,1,-1.967628350726503,-1.8583863107986027,1.1558543369781862,10.251225048797002,9.84480835850991,1.3351967187190041,9.209379384616348,9.290138313211628,1.5589037849243723,1.383470575087231,1.2537008534873009,2.684693440538108,-1.1453555537675488,-1.0356311840422945,1.3574989416226657,-0.23609952454401115,-0.1796827633762288,1.0573366853796637,1.2026755833650065,1.1487675734635778,0.1991225593505025
d1a27453-e606-4c23-9459-dea597e0ed01,reestimation_v2,10,1,3.163928212743857,3.090300000924501,1.3620394735058525,-2.4474485525243908,-1.9387018129529632,3.406328185403007,1.3883683716602717,1.075462597310022,2.642832546003833,2.4119154860325187,2.061639013766615,1.4988485306129171,-1.9220855143785003,-2.1320049604832656,1.815422848206762,0.9761503159907566,1.1481166145002457,0.8564679765001434,1.3031023706111806,1.2654291716161374,0.2581675708464154
563dce79-34bb-4468-8fd4-1c5f64b157e5,reestimation_v2,10,1,-5.250470170408417,-5.266479796684772,1.074060257864646,-2.102935441808024,-1.8503092628767344,3.0999077341695234,1.844890606692533,1.8578511665504338,2.2280644267136247,0.7860857927813982,0.548647614821997,3.125819347393635,-1.451883310832454,-1.2240863849936914,2.0307717932975478,0.02338256276034752,0.05506614057567097,0.9848088839062048,1.4845975226163555,1.4733338522475958,0.2774476270407457
ba0448c2-d4a5-4181-8da2-5c5152491563,reestimation_v2,10,1,2.545612378403844,2.1240610840880487,1.609217007130766,2.5889962351212437,2.428070694113499,1.3910322832908104,2.240477881225742,2.397613091790164,1.5725305737803348,0.9986222061893217,1.2004231641173595,1.508251856341243,0.9448397335742577,1.5150244474163457,1.7352199672859103,0.38939525738834957,0.290943529350824,1.0793594028732147,1.4921272408792288,1.506323186788278,0.2758092583755562
61b16358-92f3-4886-b087-54bb154b911a,reestimation_v2,10,1,0.7388149076668312,0.8803383786833088,1.153214400967556,-1.8219217562695693,-1.994492736861103,3.036143201183877,2.056096327140714,1.9772321793911134,2.3323688145670296,0.8640281423119271,0.7275276183156816,1.8662598049520416,-0.8634634302362265,-0.5084664739195232,1.9654028650653634,-0.694255321663405,-1.0357414249857126,1.2624130167391947,1.5998463524870237,1.672491398714008,0.2864448716269259
d230b727-2ee0-4abd-8374-10f63a797356,reestimation_v2,10,1,5.420734712540416,5.4607642639992875,1.3120559208633302,7.017630521009289,6.537825059095562,2.369067549330797,8.141906590597157,8.055386991407605,1.8053312358668299,10.957770257402217,10.709536652957953,1.8425295343099959,-2.4304799466935507,-2.6922825899368057,1.187929941037333,-0.11034120189956462,-0.4406120168485459,1.258291378167272,1.1962818441048388,1.084044779149143,0.258686916137496
37f113db-3e50-497c-9bc3-430cd9c146a7,reestimation_v2,10,1,1.3741812215646332,1.661632360064238,1.2976066347567228,-1.507244511253307,-1.554547485810457,3.315200416157695,2.641102627611639,2.803421957089808,2.6966631763788054,3.156623678638986,3.1373454386297586,2.0368187266813287,-1.7093510525400721,-1.7606230644270076,1.732441579226492,0.2976695767194396,0.34202817070222546,0.9389119970716395,1.5396815515284745,1.4992547509005474,0.3033860393821819
2b812028-0777-4755-81b9-285070fe3d2e,reestimation_v2,10,1,0.3767228677270369,0.5175805891746657,1.18501102448435,-2.6635820760927396,-3.0784993746975577,1.4981691444128526,-0.787124552851477,-1.0295242561845959,1.3331399915593332,1.1586243791332458,0.5124580202536764,3.2217997828765252,-1.1710453324778547,-1.6497463496769749,2.1985267140774734,-0.5905869432597621,-0.5533987359278946,1.083395874037277,1.482346722825383,1.4423828380663946,0.31560597613492825
1fd88d2d-bd84-4ceb-8b37-b64139589edf,reestimation_v2,10,1,-1.6366350300238572,-1.3729483349420806,1.2328525638518077,-4.905560998502863,-4.6553594609175715,1.6741829158233263,-3.3311250186132035,-3.5873802603216114,1.2225297319352182,1.190590439898567,0.7674616869680393,3.174631398672608,-0.1995586813931694,-0.07336077889074344,2.0666352904779344,-0.11309892001491127,-0.1529008785851057,1.0546641329352637,1.304325505361143,1.2135811210967586,0.22838314997103232
5493baa5-350f-4497-8356-18313a2fd6ff,reestimation_v2,10,1,-1.404502851333707,-1.5814550784525563,1.2734114153739888,-1.9572429180689608,-1.5647157520210806,2.475170856840715,1.6702293065171239,1.3514982389600645,1.5130868491516927,1.683956000138988,1.6376780089779204,2.900335245789432,-0.8887656312237661,-0.7678677980921993,1.2896342289895222,0.2638038107797746,0.44806720286550616,1.0188677660509364,1.4741017304221065,1.4224342647226456,0.2660638956572641
792bd508-a535-4cf5-8ded-1769dcd677b9,reestimation_v2,10,1,-1.1424020198847964,-1.0063141494097219,1.2396446799753729,0.7801974487146243,1.0342237513533465,1.7634651892640496,-0.7851522458353536,-0.7009377876445162,1.3486897799645954,-0.6762122738277804,-0.7360968618012964,2.640549283295889,-0.3806804137504646,-0.4056983466791797,1.4822428880658705,0.17116976270920578,0.0652207227284467,0.9677553743561437,1.5673757338969225,1.6351468669571025,0.2796603322714051
8e0b8b8d-c9d2-42c1-9743-74c3bd7bb462,reestimation_v2,10,1,0.3165338029817016,0.16729691353366205,1.335853543086511,3.7214964560601236,3.705671502032483,1.9950997276842584,4.381195446848079,4.382730269203098,1.458306084331775,5.917988581607551,6.516641378992038,2.560977059859166,-0.1329379328583605,-0.17325325801362856,1.9078328930693065,0.27163828721451216,0.6267911200186657,1.0774962803780963,1.351945728276476,1.272273173612768,0.29534506356464785
0f827e8b-b8f5-4d6f-a5ac-adb456b3c871,reestimation_v2,10,1,-3.702585596339024,-3.779809629157005,1.584667517363623,-5.078645969091287,-4.932908453992864,2.428902760176447,-2.8256713005852028,-2.923050461765087,1.6916222290514333,1.0574765702921338,0.9180340798254123,3.0698766770910706,-0.8886732141367807,-1.1153692169580345,2.0640249414175305,-0.9660810675119528,-1.0529582653640392,0.8296658383977504,1.5616490414740842,1.6599337393467681,0.27778469373772685
6f1c9af5-2379-43a2-93c6-726884c19763,reestimation_v2,12,1,0.766780973524348,0.4824889325260794,1.4769371713472181,0.4782131279708519,0.742820411590227,1.7040351971679073,1.7026460660981833,1.9599869343153271,1.78980610372938,0.5673994188778125,0.27076108569544033,3.2936152180590774,-1.817413373842614,-1.4907046593820497,2.0113211834224436,0.565934711916561,0.6940714084279382,0.875391861597719,1.418470037229464,1.4445372083973282,0.24177824884135324
1a550239-bcbf-4df8-b857-0536ade2f749,reestimation_v2,10,1,0.7644557812422701,0.7766679413642423,1.0225012812097798,-2.32195628920086,-1.6402539203334738,2.6303009662073538,1.2177197044698844,1.5054335357577024,1.8564413047482047,-1.4216720464550323,-0.7210067508588192,1.8605017343898558,-1.0123149919515266,-1.305014047073713,1.6561847557199316,-0.28374527925544824,-0.2778420269966981,0.8790656433126142,1.484404676830208,1.4405042274800073,0.2943260765975589
630f8675-a626-4a7b-a55c-a409e8c44fa4,reestimation_v2,10,1,0.8478602288224926,0.7859447904063266,1.3054175605681695,2.1913821503959388,1.9968631880752374,1.5855930523092698,0.5785830275306153,1.0289836763259155,1.500211305206731,2.4057823538104635,2.9993842761664604,2.446175123731392,-1.0633862889585657,-1.043915789115105,1.7139942338344236,0.2583169921710717,-0.008704954039039842,0.9338911639000612,1.501620879188387,1.5377540380006964,0.31795158926908496
d6bd72ae-909e-4aed-a622-003ab4da7e0b,reestimation_v2,10,1,-1.4944134023718612,-1.3657236010569231,1.0655217377640847,3.6282916018091513,3.583445571264164,1.3798047357093646,4.369864882518443,3.858061831134047,1.6088526938303886,1.601483378257028,1.7407547699746249,1.3431950532972567,-1.122200935870807,-0.890242556595787,2.115772657833634,-0.6148751691991794,-0.7110535910096131,1.0170970942689348,1.4792224940840462,1.4949599494619283,0.30766461823006686
0d3980cf-5b5f-498d-9c7f-deb98e1a81ef,reestimation_v2,10,1,-1.3531548555562287,-1.4358201478958563,1.0822862657645977,4.183612475418186,4.45413471895848,1.2797972414227599,2.2830218008076897,1.688010484045896,1.5967122168162418,1.544221629698404,1.8602981906924934,1.6350497604195942,-1.211880298539368,-0.7673281954910647,2.4159022360994027,-0.13915153789893467,-0.1351711918190286,0.8568355408463424,1.5571922889982053,1.5824284305565182,0.3228033293750701
ce25e4f3-a7fd-44e4-a943-e5c1cee45e66,reestimation_v2,2,1,-1.4364188641258702,-1.2673068840350188,1.4293472040798325,0.7483873677272542,0.666184388306927,4.053555943080471,0.832739649626143,0.8208529998038154,3.0704344192866633,0.8751821388845137,0.7918404820538054,2.8507385473384503,-1.0961989534976933,-1.3132310024232725,1.9383587617795541,-0.07667376716388592,-0.15877084211751322,1.0160429497820351,1.5114910379219675,1.5195791712610758,0.30674300084159034
30bc6a2f-9e5e-43d3-8350-91bf60295379,reestimation_v2,10,1,5.05248429093286,5.2159666888062315,2.0282275565786736,6.192316837404582,6.44952379871142,3.3277494261032965,8.019946032258783,7.468059768747491,2.7087335332942875,13.362914584923768,13.385241925828037,1.7354844638544726,-0.968023003950423,-1.3345283138256092,1.6450104022751904,0.13234151875049807,0.18127814998069502,1.0519374048631394,1.1512894598876038,1.1587758077773493,0.1089909711901291
afcad5dc-af06-4446-acd6-8c6f4bcadd08,reestimation_v2,10,1,1.0441833968065353,0.8593186778078605,1.2974381070884617,-2.8620578591091843,-2.4766568511978893,2.700192189942329,1.6694172250293209,1.678513670600588,2.227660872201008,0.8244934266760713,0.528647589305239,3.36683903809628,-2.026797188573001,-2.5354336661021453,1.8433065476311572,-0.2928013998534964,-0.5106436398603145,1.0065982934274003,1.5279012742141547,1.534193256554551,0.2763070589062447
37efdb7e-7e85-48f4-832a-2fc122c47cec,reestimation_v2,10,1,0.72506224338661,0.9635817591807833,1.3292914506114053,3.5195714144008505,3.086948929289007,1.526985458347858,3.969516272524475,3.9201119765030774,1.3718831057985907,-2.019923840609075,-2.327887644968425,2.533402270433288,-1.57249677558687,-2.119107615196186,1.883313614974705,-0.1790170049126025,-0.3776137161504698,1.3748244063358563,1.580447624649655,1.6431324969709034,0.304083031090403
35519bc8-9782-4eac-9ff6-c98fef48549a,reestimation_v2,10,1,6.274593185355709,6.307425199834084,1.163352189737368,1.9762367589831131,2.3977565902098887,1.629224254179713,1.4639169749353353,2.031814830221161,1.7562801205773848,5.923828399521819,6.408520603848114,1.3064081752164642,1.8405854214267008,1.7921593889421434,1.573230379927292,0.03502132411133648,-0.09294481967082668,1.1641134067292558,1.3765114230861717,1.3019585070345392,0.24836147137602996
98f5d887-d123-4f0c-901d-63280bbd703b,reestimation_v2,11,1,2.7585161462877026,2.645388961819057,1.7273816184081259,6.195959104141282,6.3019485914747735,2.4582524341465493,7.614227844225579,7.616159122977033,2.4092168275086236,6.1703537994019495,5.860468040772492,2.111949906338653,-0.47861858748280794,-0.2075443355885338,2.081153948137046,0.2296990667184753,0.299952057343313,0.815177472712784,1.1569645846172814,1.0985127065056228,0.15578287464923393
32963f9c-4ac8-49dc-a270-29f9e048534e,reestimation_v2,10,1,2.426207942664565,2.2796064369762394,1.3148477789652127,4.313525649491126,3.9971704360019764,1.7982167943036649,6.59406889742435,6.8318861237732404,1.8887923091116803,1.0094394583760746,0.8374882788382507,2.931892690394823,0.4856781905367041,0.4234325269648689,1.6592002316034054,0.07980583116351278,-0.008810531729682325,0.9001662039757906,1.578051614813391,1.6881801176479447,0.2986532130505406
4f246acc-8e94-4022-bce4-72008a639138,reestimation_v2,11,0,,,,,,,,,,,,,,,,,,,,,
5e7402a1-b2cf-44ba-b7c9-377ea37b3278,reestimation_v2,10,1,1.7245730439065992,1.7200888113051298,1.3786870411890095,-4.328589249382185,-4.57111295722156,2.343789047608564,-1.3661653936619793,-1.2796588545729817,1.349298773969666,1.4067863520376684,1.7137211366088663,3.0701315342338336,-0.04848037320364303,-0.07057348363964222,1.777517522758772,-0.21365416798538273,-0.5226074053523562,1.0545951803679912,1.514951369228323,1.4871096863267115,0.2877247876306497
4663f83e-4e2f-4566-a524-35302e584960,reestimation_v2,10,1,-0.17684385687525767,-0.21721499295740043,1.2319308171746277,3.005987522048661,3.1060200598042296,1.7776418346027965,3.1061078202764305,3.303469327640065,1.741748549308125,4.473580895386328,4.845547974313232,1.718587789470473,-1.8340178922838448,-1.862700957431325,1.4978881075739598,-0.2771342809574348,-0.34679388160838,1.0429343855729305,1.3234482784483586,1.3096623795263609,0.24853218880826045
a84e79e5-b21b-4435-85dd-6f1cc9c64c2f,reestimation_v2,10,1,-2.378657678508054,-1.9540443400767025,1.4841536986151613,5.230023751491958,5.548937891866168,2.732147552435172,6.044576474038841,5.479534113100098,2.025430489150487,1.5500482497935673,1.3880421909128289,3.172163285953438,-0.723326536376125,-0.2348343233201462,1.8964915327502658,0.341973575009191,0.16101266053153163,1.0861570769923021,1.1762823430351048,1.0940343456711876,0.2049549916832564
d2d70533-49f8-496b-a218-856f9c40894d,reestimation_v2,10,1,-0.9101171886689612,-1.0302390219574313,1.3674160692970772,1.410905671886501,1.1526176364914227,2.0098840374987756,-0.3539822954960751,-0.6676521860204292,1.5760315480591123,3.100855522987125,3.0278233960874217,2.617071780894564,0.8452385809193358,0.8611587032377274,1.336265442084725,-0.03660514672205493,-0.0040904076319256966,0.893372323383578,1.4489469552080632,1.4180201008327464,0.2677071782214079
26d76366-d140-487c-bc73-40a5dba4d612,reestimation_v2,10,1,1.6769392351119334,1.5091211759046606,1.3578231263402782,3.578929628195797,3.616662141458993,1.5329326877026668,3.903542472180805,3.2663486326187705,1.7514727820396503,2.821377580499939,3.010565947033307,2.2363648797018825,-1.9225491512273882,-1.9493041895787413,1.5337269654955652,0.5914656776082908,0.7699483010895131,1.0105257156627385,1.4362802843578668,1.3622282085447122,0.2868982772632263
7b5138b0-884f-4e76-afbf-72109794dca5,reestimation_v2,10,1,2.681824819671362,2.8363816649564564,1.5106730171830112,-1.154115982725222,-0.30848366525483595,3.3470797319313794,3.5145663850716695,3.3183314350718014,2.1684889149769027,5.436433091757717,5.187743925001549,2.1231846749911276,-1.4697361542702598,-1.1042063369018724,1.8557664877531355,0.8227545079379277,0.8925084153848614,0.9452732955055569,1.5852718833511577,1.6003292927190402,0.2823048408035648
2a32a4a5-f78a-4693-ae04-657c340776d3,reestimation_v2,7,1,0.11398745567957262,0.048780683168389044,1.0408074410000185,3.6171225047986284,3.9609264244745237,1.523929316817336,4.079518515355511,4.482161249993838,1.27798410881625,0.6762683187452736,0.3738325277095451,3.1075329057434438,-1.1275745663428933,-1.0939762111788849,1.825981679967702,-0.14578474703651922,0.058414600945770556,1.0543383886896631,1.5067021107837748,1.4714078041617076,0.31311047622764093
663d8488-c929-472d-a42a-09995eb5bda9,reestimation_v2,10,1,-0.14155421589571307,-0.4554661747408494,1.0511457229571788,2.3151884294663425,2.6287203557576966,1.2293632536122616,0.17664611310485287,0.49805182236740575,1.5453355043417192,0.7056897019919945,1.0962627832063339,1.9985210565673581,-1.3912363725526025,-1.3755966749540303,1.4980972890450743,-0.15171514801967756,-0.19896875780547024,0.8808091796805078,1.5524423112153551,1.5919142258576942,0.28299717738557817
7861cd0a-7b88-4336-bb31-6bf55c9792eb,reestimation_v2,10,1,-1.420161983300056,-1.5672482710697586,1.2934835688078652,-1.9094394005212034,-1.378253905519815,2.3337285664643193,1.9370543997213154,1.5859175667066956,1.9293257762265903,1.1655837083137357,1.1730771313193764,1.94885657689003,-0.9179155309490062,-0.9378439823401794,1.992028955132713,0.19941637461612072,0.07098999835007769,0.9330370662606444,1.5680139165421227,1.6090241109463144,0.29934617345610043
0740588f-0480-48a9-b417-9bd0d0790da2,reestimation_v2,10,1,0.8831067810318018,0.683748104584696,1.1811137804201763,5.738759631600104,5.611949240371491,2.249097561291783,1.1089730736013215,1.1475093036484396,1.7787311332449631,-1.6289984544338296,-1.714290352417962,2.095685838436556,-0.2947047579956091,0.08076630465470824,1.8484663794827119,-0.7200419357518688,-0.6970086392976769,0.9387131903943805,1.393280103279516,1.327629916864686,0.2579205622078492
636dceda-9430-476b-978d-08b31ac9c2c1,reestimation_v2,10,1,-1.3935323433796503,-1.4766147129797487,1.1786004692342726,2.6549501798242665,2.166352976337721,1.8813814728657352,1.201454558001945,1.0936195677635474,1.6838400388476011,0.22848599038684497,0.8475462155168736,2.6810188982331677,-1.5388512326218815,-1.766316549865059,2.1830085058214896,-0.12294027568854202,-0.3144794359594817,0.7437406331963452,1.453886134108757,1.4091608781802147,0.2691252424733067
c19be74c-26a2-4e82-b007-6d93ed6f5098,reestimation_v2,10,1,-2.0365218902700426,-1.7461802834076217,1.56518236021398,-0.7442295474732388,-1.2100429264636552,1.959561183791696,-0.5704550900826698,-1.0979581408388392,1.7754428035375742,0.24013010987884653,0.30631091299973523,2.5780726500181044,-1.0674718154681528,-1.0775668545528532,1.8041627467157035,-0.24160380554313232,-0.10133953425510495,0.8798540049424466,1.288846117904703,1.2307318400089176,0.2129371117205724
caa18a57-73e0-4619-9ae6-404bafae5ed7,reestimation_v2,10,1,2.598178297586763,2.2900339508580476,1.5211267244644824,0.2091494954148653,0.23343210197169117,1.58377641501613,2.3185912897557324,2.2904596076047454,1.0913834256371886,0.9473142753189558,1.3007183601518255,2.86836898883196,-0.12495375447524154,0.04960432095520684,1.7031286203567366,0.19791845353918638,0.5743137229718287,1.106821008668814,1.4412985686995872,1.3729702669356025,0.2963257905705587
82e0def3-0d83-4709-9ff8-7dabfe468bd5,reestimation_v2,10,1,1.4671458399738786,1.3207092604698805,1.2540555641714182,10.074148568985422,10.338735991971642,1.785221764887099,14.779470411098973,14.344334268269598,2.1030016576690596,0.24975451693669584,-0.3377379051094156,2.6353574434913787,0.9044826120797413,1.0372968556096442,1.9714744493785132,0.6996026147465757,0.6506005011625562,1.1302841179370497,1.1667999281076125,1.1119924314463774,0.1807325886630506
9a71c556-0453-4dc0-84fd-dccabb317bc4,reestimation_v2,3,1,1.3117801793265218,1.3069550352228156,1.355807863361271,3.4212015099406314,3.5124291630934037,1.6885037961950948,4.6715965132390815,4.354956986186346,2.034704507543628,1.0529948334793884,1.503166242176606,2.802235869457292,-1.4698338137464322,-1.530608076284282,1.7993889642917125,0.045842239749121265,0.08859397080013526,0.9971217050241531,1.4900798965416646,1.484362812663953,0.31236473891649363
da0608ba-9236-48e8-8226-a9c6d4ea09d3,reestimation_v2,10,1,-3.1249775659584405,-3.2818150199631813,1.5771955507002469,2.3992744812481153,2.6681045912043633,1.537803193040659,3.5548923919860673,3.3656273926456004,1.9789783444518383,0.802749487790411,1.2890121509050894,3.4055875335517682,-1.3700969803709822,-1.5821963597003377,1.968598737403267,-0.1978304211810378,-0.20570881773693817,1.0945787012239294,1.5203214967182055,1.5029450035527125,0.287729479584495
bf40fc72-aa44-4a53-b97c-128d9f83e395,reestimation_v2,2,1,-0.46730283606147616,-0.12483550696933399,1.856558739992357,1.4177533318699254,1.8200534992091804,3.9278654455023436,0.5238016383540628,0.7155987136288666,2.6205257938789464,0.9245085093572653,0.9832968751044904,2.7958233150961926,-1.1770656312825605,-1.2690085586228148,1.8354967170616496,0.007208266414288153,-0.02706568560708522,0.9855749460083022,1.5000019873492618,1.478403585441685,0.26957331148218366
e0cd57f4-3461-4d10-9d1d-56de8fa5f740,reestimation_v2,10,1,0.7705883543891899,0.5995107367764266,1.4093510625343135,-2.8975560104943527,-2.5272845047576284,2.7395366884882115,0.9299650991909759,1.2469201637159375,2.1560378012185266,-0.4165381710924068,-0.0730311628211977,2.381427587139168,-1.6395337262606273,-1.7619148999115204,1.7441323211676456,0.12234546984550253,0.3025473684827995,1.0350846124904491,1.5130852374934738,1.5349908042784066,0.29324512891826277
f97b2b5c-db8d-44bf-99b6-01f661d551d3,reestimation_v2,10,1,1.3795326876947853,1.151001399641736,1.2842022952042578,4.451214200824561,3.7551775738889313,2.262174279044118,6.809135994995804,7.2026437568707395,2.2683448385605907,-0.33038542924949416,0.011331881570027513,2.7554235171390737,-0.8355098562149582,-0.7522950450852446,1.9937279034963282,0.1897217405623167,-0.004251122858646705,0.8409736829235096,1.156786123247904,1.1320602569613003,0.15556370936103345
f4ea4b87-176d-4eb5-9d29-934bbea5df0a,reestimation_v2,9,1,0.27060017517165913,-0.13025343281078805,1.3733680893492457,1.8784560705015014,1.901011874518387,1.4995154734258134,2.799000701322833,2.794733508230935,1.8406336053330101,1.7189846100661066,2.855749366511825,3.3716580625243524,-0.8221112908376669,-0.6027781298322967,2.078927354485968,-0.5127563396712683,-0.3762846608925763,1.1503386159864968,1.3334521642059751,1.278364293021328,0.25480828824019325
3ca2e22e-3031-462f-b63e-0c25661baa31,reestimation_v2,10,1,-1.9631357389997421,-1.7263616489853228,1.3513125229203757,-2.3575624704854574,-2.3252175215349142,2.5508551034566214,1.8758650707823734,2.0902684337933426,1.5508597728186753,0.6023224685720996,1.0998244984866972,3.0345375343036793,-1.702975098409861,-1.5738413603996397,1.6802135784996672,0.13944073772120988,0.1778785505105367,0.9112172352925193,1.530799780678015,1.5071579462219298,0.29508387888583365
a37dabc9-54c0-4b3e-8cb2-3d9be39f59ad,reestimation_v2,10,1,2.9439277224644362,2.7111019089006163,1.4309600474712003,-2.4994263326718387,-2.0186510283503254,2.845601522196898,0.8214645913670032,0.8284054484762886,1.038959283009774,-1.3706045633320296,-1.6693794348042748,2.144765890203529,-1.2558678483266197,-1.318852822627064,2.109354622159595,1.1069375832924637,1.1088962251688648,0.9569103005174429,1.4636296261991657,1.4290819711631555,0.2648352564758321
f7d2b7fb-dd1a-4d6b-a725-f5d61085e000,reestimation_v2,10,1,-0.8754325304432238,-1.057438759175829,1.394024387127802,-1.7138268659430904,-1.3110557298316072,3.081234338500544,4.323557158768797,4.363880295531972,1.545243498123861,2.0880095098195666,1.6855225439759893,2.7922311179798625,-1.6579565334715576,-1.9711659902589713,1.84995471592161,0.21990958997916946,0.2475547866534511,1.0253203985549333,1.5198890442290833,1.5503987821626188,0.30450023819202715
dc01b1c5-d54c-476b-af8a-a48ecba0edc3,reestimation_v2,2,1,-1.479209015503205,-1.5796265871256208,1.5127964414300132,1.316917185484235,1.5683445038331387,3.952772983523373,0.764136188467221,0.9092650563319351,2.9289028972825517,1.0006021010551445,1.2402051031941301,2.7915564420203,-0.9359795370113352,-0.7845733161861022,1.9752162699692348,0.029356424486822432,-0.07289324818734932,1.0158456533456317,1.4966801223119681,1.4784133433288662,0.2944886203061991
e3b4aafc-2989-4812-b55a-0ac363d68c00,reestimation_v2,10,1,1.2816177741274355,1.2090424179437318,1.0215901543132502,1.9375565581882874,1.7526233101306872,1.2663047995458119,-0.43506600487526687,-0.051114021170167945,1.560369745046591,-0.7268476335731333,-0.19141685536517494,2.543265093610434,-0.7538158521584002,-0.5876428269617198,2.019564688902391,-0.4193742188377046,-0.590483480163514,0.8306368682579157,1.394528352420535,1.3198011972914778,0.2431345171318551
e9877db3-d246-402b-b0dc-877a4b13f5e1,reestimation_v2,10,1,5.813106217789394,6.121728954034767,1.7175484852919871,12.335349546370681,12.307976355494276,1.6910646966957747,5.205060309285346,4.923339511315691,1.0592955329065132,3.556051971368106,3.808025729840566,1.9491794644006015,-0.35614547594265755,0.41762666028587025,2.066280981537086,0.42262531130841435,0.4102816066018251,0.9545178675835617,1.2777936924520947,1.2488077547012342,0.243344232271612
ea3628f3-0fbe-4e9b-9a14-573637d58797,reestimation_v2,10,1,5.595617468938142,4.9638546548691,1.5495977557942962,-0.592515228625083,-0.37292988471384353,2.6959994126310933,5.147274212780736,5.292339223642247,1.6082930374034967,5.951467269378858,6.305422383167532,1.5231067415782975,2.1363543417244375,2.2415644900704423,1.2551042705220967,0.9192250089145618,0.7244154663031872,1.2028638269786909,1.4215562690460046,1.3616313134037767,0.2912524577371183
7eae02f0-9a91-4683-a248-5aef092e60df,reestimation_v2,10,1,3.511819270736804,2.984495864187951,1.6814141296697152,1.020956090781677,1.051051230943227,1.253049189020249,1.4554001581457983,1.1687414030435963,1.665181333880258,4.9930567959056535,4.973342927005349,2.3845271644661774,-1.157144989530375,-1.0646185564600237,1.561550750518951,0.47790828748191544,0.17613843040554872,0.8869110062066462,1.4160550798013567,1.4563335834481743,0.2718895130675096
2bd09be7-703e-414a-bdff-00e8b7f0ed6a,reestimation_v2,10,1,2.953062093308067,2.972583834276114,1.0369351528336983,-0.13975863496294375,-0.6274938041079929,2.9259790076891936,4.260129217075999,4.481948895493247,1.992002403522221,9.432833438918966,9.391453007071902,1.532975466415858,-0.47259340767607455,-0.7772291933325801,1.4110782681337717,0.4659573341404769,0.4484082159356537,1.0125823390483775,1.3441112142763854,1.1528944144739262,0.312693163655164
d2edbac8-7452-4231-8cc1-3cb30544ac29,reestimation_v2,10,1,0.5913873882887654,0.6489854828229716,1.1438764981509726,-2.266593741774903,-2.2404304421800214,1.6119420789478858,1.0326536315974344,1.2562091662684762,2.2217542464396156,-0.41236121727569436,-0.2399274586377027,2.09579055277894,-1.1525417665047417,-1.3041503372798395,1.6930506441735351,-0.7995912886922797,-0.6949245221803753,0.7421471392301352,1.4558093170430821,1.3581042084025796,0.30492903207900557
678ec4c3-c885-426b-9712-9e640c72573b,reestimation_v2,10,1,3.034345125376041,3.0984376883401006,1.2878012792963096,0.0029548430740683443,0.3223885266826855,2.2724796138911048,6.361653974212262,6.2938019723592875,2.2272327381533463,1.3896032320595804,1.4047638592817733,1.9281514659066972,1.4154301287170472,1.7252975733282931,1.9670146866879845,-0.03498187867566903,-0.4472847591480005,1.1907649907114692,1.3199694472364423,1.3201784966699848,0.20801491576631737
4b1c1c1f-d6ee-4665-8914-000b572c2b8b,reestimation_v2,12,1,-0.9696887052251404,-0.9027739024222186,1.172801601549076,5.679818931798235,5.8500847275307954,2.27375463089046,1.9005911177042933,2.1658273938167936,1.6632863673023062,0.23821569999557737,-0.6190867971954384,3.0551363681045993,-1.4856427190448376,-1.2115428947860878,1.4771084094028197,0.2842114966879873,0.2927388682153773,0.9018179426171797,1.5440986274222266,1.5554342938143302,0.25152423554839987
57abf038-8927-475c-bd53-adb43e2ec9d8,reestimation_v2,10,1,0.7939627992052368,0.6572908993846516,1.0844102548337986,-2.872436075631849,-2.4058355934270117,2.3548999971705977,0.8878907607713101,1.0998618087428735,1.5187125583058583,1.688008002909222,1.915736298706359,2.8194509053514487,-2.601500396243533,-2.348653377132872,1.653676752522959,0.3672161658585943,0.33548443345326784,0.9155956091338846,1.5700799139129205,1.6031733501181489,0.28187154651082863
9d492ba1-b0d4-45da-b8f8-479139742008,reestimation_v2,10,1,-0.6603753471882257,-0.5143337812743329,1.1118023485927386,4.69744054382434,4.57243409897535,2.48885404065962,1.3625288124821857,0.9639415155075797,1.9339938870246267,-0.0683252346718702,0.1589847008668217,1.5184020742005837,-0.47580989101530724,-0.5382755960993992,2.0705925004144885,-0.32840660398445065,-0.4977833765583639,0.9962571810525014,1.5789334246729345,1.6617412370055635,0.26862578802582393
b5fb9869-fcbc-49da-aee3-05bc1e451da9,reestimation_v2,10,1,4.875302072427062,5.00069645744338,1.1622620231402194,-1.0570940995666398,-1.3176114978572446,2.9318347315757327,7.630079471289742,8.062170297761375,1.5880119991707724,5.284046272387459,4.695465399712308,2.693698312867527,-0.50686947213868,-0.5624819379280965,1.2633451239191364,0.49010551295496335,0.5519139166621506,1.0758763612211917,1.4502398381108252,1.3874915695351255,0.2884752216929623
58ae7638-d4df-4a67-a14e-12949b223f12,reestimation_v2,10,1,-3.1740125522024805,-2.9661786593605894,1.533636672085724,-4.513200540473929,-3.942440676489312,2.3694532233402015,-1.5824730915071756,-1.8107503710020292,1.8632217343942596,1.1949660009656644,0.771218486794837,2.930321928224615,-0.7706181561887233,-0.6612213015594799,1.837503189825958,-0.6570474378649442,-0.8079528007243697,0.991709430842793,1.500973516294715,1.4989401644474356,0.2742939120044987
3b3f05b9-f119-46a7-8110-85943c44665a,reestimation_v2,11,1,-1.3589551518971565,-1.1589510817704483,1.4797215044190943,1.02929552210476,1.27974469145397,2.486172882449817,-0.6333317052234936,-0.09275686799262095,2.3980231524010067,2.8041117532265845,2.8817135161043823,1.7568482834590247,-0.27202478600406677,0.30569949611345115,2.028167079327032,-0.1550037102460537,-0.36296966206664727,1.0629002491376562,1.49962922966021,1.3745752200085248,0.31584743052758146
fca399e9-2096-49ac-b998-0a93123841f3,reestimation_v2,10,1,1.2227942046598392,1.151192519414167,1.0396340649086582,-0.2634796626665513,0.017026133477576755,1.5249195620091092,4.441302864532886,3.8367176172133,1.8276578009692679,-0.9293415497642884,-0.027370302930414425,2.3945322617899882,-0.7348251292334896,-0.5638679008296092,2.026690442143338,0.2494355549317457,0.3352011101158765,0.7784724907778455,1.3976096147719435,1.3890959402332053,0.2725075426081693
d6b2927a-1efe-4cc2-8472-933c12cef49f,reestimation_v2,10,1,3.7453010672225013,3.7527740186438328,1.6297220196793225,-1.4721830174366926,-1.4699657395138161,3.1917276868765767,2.389359452865109,2.3341427465035447,2.667782698386193,7.186927157812921,7.069903443203378,2.1727331258699003,-0.6182299258597,-0.254498302468116,1.7463944993199056,0.7953936117055127,0.5421387790877844,1.2481068209733246,1.3651797574244524,1.3307554152791736,0.29886811031706517
5b84308c-ced6-43da-b171-bd96a25a972b,reestimation_v2,10,1,-4.433183856773995,-4.34285469857214,1.6624460719147849,0.8618463056544622,0.5133962038063327,1.9465231371807197,0.6764889373467929,0.8935324721296537,1.8706074050362667,0.030190366234609245,-0.06409147969780005,3.466546061145882,-1.2860393333735498,-1.053613495349069,2.0594233131147592,-0.9825931559333876,-0.9457490162129821,1.0057376795828752,1.1906942392858921,1.1365464644906027,0.15711392753858627
4fa0176a-924b-41a1-a23d-fefa123d4c27,reestimation_v2,6,0,,,,,,,,,,,,,,,,,,,,,
9c28099d-9b48-4f75-b5fc-3174f0082bbe,reestimation_v2,10,1,1.6995905327228042,1.6863725629846251,1.2701899296175359,-1.4102244984473304,-1.8855449543447507,2.8928945430213107,10.654840363510647,10.962085904728383,1.3807908657700299,0.9972196303140689,0.6716526576915519,1.9006254898700645,-1.1300746459622915,-1.016518496676922,1.8292704756959075,0.10847741297319569,-0.1714858749123992,0.9780284088841866,1.3603036862532887,1.2899442435954107,0.2796099865721363
f10da58a-d73a-4f85-9acb-c9a96c6ff3f9,reestimation_v2,6,1,0.6109019515760176,0.8224304604543161,1.327944027514588,1.064736926222341,0.8378848365579943,1.85906050431526,-0.7015436325167304,-0.4209777560428588,2.281164502943355,-2.4596087843697476,-2.421541320490836,2.2027189390906026,-1.1590966887083842,-0.9466359598440572,1.9369144784194625,-0.2487643998576653,-0.5893691942217811,1.0462647208375795,1.5026422110989461,1.5305721174698879,0.2869495914276585
0775663b-402c-44cb-8120-706e636ded47,reestimation_v2,1,0,,,,,,,,,,,,,,,,,,,,,
4eed181f-3825-4d0a-aed7-d80126b04887,reestimation_v2,10,1,-3.3857392738719123,-3.50608685888784,1.3342575450129037,2.3589783798154356,2.690698345156203,1.453222610435474,3.2796354080331525,3.6173670373141813,2.15129274232163,0.6878859745697394,0.6471328713671132,2.789909691410542,-2.25704914280844,-2.397651407099556,2.043994888985895,-0.42645114391572736,-0.33531432466464184,1.0326405880483063,1.3817076401534254,1.3086871306455115,0.29223249248711436
66c70eee-e879-42f1-a0fb-c2531b7ee16d,reestimation_v2,10,1,4.452700212809669,4.3414557430495,1.426487221500563,8.034224244682026,7.744527413711269,2.0251568617675453,9.242337845211782,9.052767752381968,1.6540579647864755,8.298265185797296,7.735953959682082,1.8004499687986357,-1.2862107088542154,-0.5104133880415356,2.1125258800177757,1.4628537409688136,1.2888218181212978,0.8005730354966599,1.4157294655448662,1.3277929084635955,0.315083789410662
79abaa43-5c55-4c72-bf57-f40d622f6bde,reestimation_v2,10,1,1.259782082962974,1.0366552252247168,1.207955479832175,0.6182787993298465,0.5205452982517116,2.171955508168675,3.503316501355629,3.788303779262475,2.297565598789195,0.14890669591936823,0.7540182085635516,2.774546834202667,-1.199144183259497,-0.9779279144481741,1.6723411762544786,0.29064737584213074,0.3461716578684464,1.0112008944661652,1.5835368457643593,1.6171670361940564,0.3113320971462619
a6a9ec8f-2b4a-4987-98e5-6e775cbc02a4,reestimation_v2,10,1,2.5462628206308238,2.431647921443947,1.2802056862744902,-3.6435270955096217,-3.2892648028932436,2.64965323724544,-0.750074908813573,-0.5323807881681968,0.8580889417266023,1.93332352227737,1.6949184933975272,2.9325672225133075,-1.6358358801254032,-1.9725766935410867,2.1429930277207796,0.40024142311689964,0.6373674105178903,0.8827849928948119,1.5341993848695497,1.5049301106064004,0.28469169820759305
6f4291d9-233e-472e-927e-394ebbd6c19c,reestimation_v2,10,1,-0.11443980855726527,-0.06142315913441676,1.3128553186140275,2.249071350483481,2.2474687155800908,1.5336326549046884,1.0585918311315368,0.9503775371179406,1.6327947703778247,-0.5349032195667301,-0.43540966279956184,2.608385465133891,0.4583368380277021,0.347367050596582,1.8978242860411234,0.021422516086366705,-0.12933235102240936,1.0732130126345916,1.520071602973793,1.4059520254155276,0.3038736926383913
529585e5-8f2b-49bb-b14a-ba3130b99ec3,reestimation_v2,10,1,-2.741115490521319,-2.5360831966615787,1.6715328790466546,2.9283125444365243,3.0809163584795716,1.4741964808952086,3.0944430282502124,2.8767202295873764,1.5088711110477053,-0.6891480926722268,-0.9619098693946184,2.177996503263032,-0.9338587629296773,-0.41774945935428276,1.7848740404812573,-0.20163135759278042,-0.24069148422803321,0.7898446230445703,1.4505041830705838,1.4279552633983674,0.29987990975898576
b65f9207-6c87-4103-b8c8-e37b9349f934,reestimation_v2,10,1,1.8817148470397729,2.0120555223762735,1.2805858749895933,7.612168683218976,7.923504947839026,3.171702858334307,9.629469958365714,9.46571669931589,1.659862183464397,9.108531380983257,9.118770423053688,1.9784834785279524,-2.1679291289764917,-2.5031439388516596,2.091600038172803,0.08940917824996578,-0.050610674177970605,0.9803468423649483,1.1529270654655492,1.046605427809845,0.1733906762100231
c54ceb1e-9dcf-41d4-9f60-5254f6ec1703,reestimation_v2,10,1,1.8118705566712172,1.8928722918412315,1.2482017903699814,0.701788973874751,0.790384833926165,2.176738567212763,0.6268938478293983,0.6536342673798252,1.8939625208738784,1.9718524223162723,1.7122887608218393,3.0474960064462713,-1.4674865432853035,-1.4781089808511156,1.7989747247230443,0.20147842573586486,0.16216306196400732,0.9484694499344506,1.4275744053189774,1.4187110592433154,0.26395975427649077
72705b6e-410d-4f91-953e-881e9a1c653f,reestimation_v2,10,1,0.05914405726915306,0.08221836739101815,1.5167883186950946,3.527238267935243,3.795007745366379,2.061916671727521,4.083658751332877,4.344138597728043,1.8857852049141415,1.7854212601722248,2.215814284331581,3.3263889259858765,-1.3524400532174914,-0.8933949198178918,1.8794294293557876,-0.43146750256737015,-0.48640178216148033,0.9788204968840291,1.137975191082036,1.091415442402365,0.10752404438198548
159ce3a7-75f9-4255-b914-dd6b0f1f076e,reestimation_v2,10,1,-0.1296391171848459,-0.3095832206270792,1.3839593460503725,2.429426817349896,2.967639360161839,1.7627163690001286,2.4769922235732427,2.5918494857625545,1.5943630805386357,0.9364939353847509,1.48017834604086,3.028032090077543,1.6733947904049804,2.115244091647731,1.8566701293728645,0.13273372753223348,0.15649309925293353,0.942956396954519,1.3569363732006263,1.3578906838221132,0.27011569630233406
703fb2a7-9c00-48c8-873d-b7f2b1fa3253,reestimation_v2,10,1,1.763404976433707,1.4566799564881587,1.4832443759640594,7.248055900435487,6.675626087323732,3.730876123306018,7.7091668139559175,8.173408691745905,3.0692795970263838,13.09185283895795,12.60198137319221,2.058214044583708,-2.3676243747701213,-2.0932953558134972,1.9253116314806926,0.7398234791998477,0.6401633371519222,0.9066224785841059,1.1704025906798299,1.0795547004093105,0.16223358895458942
19aea8e1-23b7-4ba4-bba0-b127591b0f2f,reestimation_v2,10,1,2.8436723295309903,2.604756857258365,1.3645940976299178,9.187200258588733,9.050531752045591,2.431868047701192,10.965682145283848,10.506678302406216,1.9269511308066218,1.6431011945430372,1.8168494958975465,2.56852439648967,1.10824182786388,1.651872862388084,1.659231477694456,-0.08722485550786631,0.09942217590178892,0.8285420302581301,1.1597794195906754,1.0726348813519913,0.16829329764151627
5272e301-dd26-4b1d-b2c1-6ce27f77f947,reestimation_v2,10,1,2.2967855488487743,2.2317410965058615,1.352709129415801,7.021065144932997,6.8596501596604025,3.000709875101197,4.020088304052602,4.116824812677373,2.157001646062975,9.444899889260542,9.132199409900897,1.7738808245646134,1.0558334909518536,0.3381194458117054,2.1000200034768026,-0.058182265351112414,0.06079434005186313,1.072295671887297,1.2558592088261904,1.2054967763831852,0.17016547691870357
c7041c02-1885-46d3-98fe-ad58ba51bfdb,reestimation_v2,10,1,1.5726161304941026,1.5086291841343251,1.0956355123652533,-0.28855694920012753,-0.18624423003558777,1.677457983281356,3.0634173137253864,3.0940348862461606,2.65020609034251,-2.7728280849470823,-2.417289777403808,1.747226099100506,-0.6670440913102315,-1.2318682562264098,2.177180826458972,0.45460000833175956,0.6527910951783583,0.8105032547654608,1.5966871231620785,1.6239745540012214,0.251384533543417
c4711eab-a743-4f74-bee7-d4eb21071258,reestimation_v2,10,1,-2.1572271264748757,-1.8851593063146272,1.7609109488183154,4.040766003862417,4.259662143418455,2.7613443117809675,10.058106207838376,9.77713602553603,2.983188043994724,1.2062986722306146,1.981713479306109,3.106460929580749,-1.2646294942568639,-1.1478318988800567,2.0524183235215627,-0.008512141107696151,-0.02888960531245735,0.9686073920420536,1.1164872738956586,1.087742379301958,0.11031267722355219
3e075693-93ba-4f9d-a135-aacdc99e063d,reestimation_v2,10,1,0.2741798945689801,0.7428597737595,1.2070926389926329,0.004940429705029488,0.11041783426991814,1.8004075037764475,-0.9809577312799823,-0.7866107742914278,1.6103362486067396,-0.9108448312903574,-1.2970154546237442,2.242881519383159,-1.0628930551900868,-1.369755122631676,2.077197167989282,-0.30897592483300623,-0.07494646964760526,0.8820561494171215,1.3608134961809433,1.3163563573339827,0.2812011026113874
25c012cc-e684-4ffe-aab0-66cca2685a42,reestimation_v2,10,1,4.604673199498552,4.559785556459201,1.4231414016105843,-1.2719474874725163,-0.14686918520377956,3.181981400395348,4.63788413083967,4.9393165078762955,1.4714895866947437,3.7969517247453406,3.516032109093278,2.059916489014048,1.7226043992030677,1.5667940320122447,1.5772257001540306,0.29238054813765435,0.2890417214213781,1.0730323471456442,1.6092863497212524,1.7131334635563695,0.25546673267499354
73eef755-fdf4-4a13-9eb4-a779621ea1c5,reestimation_v2,10,1,-0.09543959859629078,-0.34447584117755115,1.3335696356207858,3.6607805334542602,3.5729137563059714,1.8986005972146307,6.072590460791004,6.476034360361446,1.8724173396448234,5.986864463519413,6.117995129696487,1.692781055746985,0.050649106805779685,-0.05444482066929868,1.914392474726709,0.30214669360514823,0.132850047924998,1.1756543280568772,1.457897816535974,1.4064403604302063,0.26168922940495626
e95e809f-0966-4fea-8bd9-e392193a679f,reestimation_v2,10,1,1.7815813098427953,1.7033346652334362,1.5605634905228132,0.4097968889290873,0.7818266953219646,2.0706166426276646,0.976147460262907,1.2431734531705128,2.236778724906315,1.6236335859612925,1.0236232867539359,3.174446591186966,-0.8889220726599842,-0.7083389842539485,1.8959300099790666,0.38485457773161136,0.39751155146113787,0.9451041889094496,1.4554485766003298,1.4919926667520729,0.2730744618612925
45136243-2caf-4338-8361-5a156cbc533f,reestimation_v2,10,1,0.4622870232923753,0.5870954008730086,1.206419979884439,-2.357830800463503,-2.0024499578294566,2.7909768805021873,1.088930114437732,1.409226298435393,2.1232417823486256,-0.2830248525904655,-0.3901226890310995,2.4532119600874904,-1.5197945934046029,-1.6395493622556803,1.812468697826969,-0.12612431544424768,-0.0962093765021198,0.9682533843430375,1.5328614599234391,1.5681043905665732,0.29917574345559056
6596ff41-d559-4709-ae2a-3b3c3c7b6ac9,reestimation_v2,10,1,-0.7867958943039027,-0.4413368411241501,1.097751866375655,0.33220820883580304,0.7637051076369619,1.7177558725980875,-0.07641503820314051,-0.5243877585246713,1.2224137378022089,1.0951646110286717,1.6507293935956584,2.9960560972617434,-1.171252944411503,-1.2779410551205928,1.9868181146801007,0.25557810070308284,0.5091061018560669,0.9709926798134341,1.312463340809006,1.1917314657959859,0.2800165482783479
1594247b-c16d-40a6-bd20-c687d0fb55e9,reestimation_v2,10,1,1.3946787018608569,1.06828276889875,1.2890263171841927,-4.006693000247974,-3.9896518401900503,2.4080620360653198,0.6310251675075771,0.22259163558522344,1.8356122624877287,-1.1872851428590963,-1.5464942265485182,1.9019706139610504,-0.37607104751857706,0.01416480462948555,1.483368955125425,0.29475640794125946,0.5669236416672628,0.9536460865529308,1.4909106020247023,1.4838010489019913,0.2607345527755671
dac1ba7f-2139-4f04-90e1-083ed4052283,reestimation_v2,11,1,3.493265230567893,3.16592252019847,1.8831965250241551,8.197956983580923,7.867099372767233,2.3774373307379912,4.513075923345826,4.304411757985238,1.83898358964463,5.240329477229592,4.688711292630548,1.9951805643869087,-1.2632964479833644,-0.7041935602129111,2.49548620675952,0.19031164681159693,0.1550937840993749,1.1559518183867075,1.2305963046860382,1.1301718952977482,0.2030531637072366
d885f024-e6e8-4399-9f6f-9d218dab35ce,reestimation_v2,10,1,1.8308439322798338,2.274419008996173,1.307038198032423,-1.5676247908910133,-2.101459929597997,1.6329138359825697,0.8919212701101602,0.6039089840072942,1.5877451478696825,0.293371845331139,0.6852979565545811,2.433436031443013,-1.7879179110572623,-2.0140614376927806,1.6977542003704063,0.5485649557866032,0.4787756272803514,0.8457199077417138,1.426777925202143,1.4085280686813713,0.3107239012552663
46b861a4-e5c4-48c3-9a0a-84d4c9022616,reestimation_v2,10,1,2.2374505389459642,2.034900215682752,1.5317679651983251,-1.5856898922131193,-1.5921198600970135,3.4582061907719646,5.771400139770795,5.667785938910113,1.615821940913626,1.1281247753705046,1.9324150272513627,3.433002953314376,-1.6880060211921897,-1.6175255430766682,1.7983611707410165,-0.0019890600931615154,-0.04569298543717726,1.0554675993335019,1.4768280520925916,1.4282864901513799,0.27497921249451357
75c9f81d-4a10-4769-a503-f3163874bd0c,reestimation_v2,2,1,1.2509810128084737,1.2088143510681866,1.4227356752976887,-0.8088663957845651,-0.469732069188157,2.854902941484035,1.2938285206431899,1.2184246273316068,3.0738785050768342,0.9702686461658022,0.849519967515683,2.863252639339978,-0.913599305088101,-1.0179132088094196,1.9057311959541658,-0.0013300598878495265,-0.01734265812625635,1.0551567510578324,1.4640629226414155,1.4587738345427703,0.29773714500308235
23c7235a-4101-40d2-8bd6-531dd7144d4a,reestimation_v2,10,1,2.0123502683844623,2.0882795030124552,1.3828587606459835,1.6442940523157974,1.8931847367236283,2.0702460622942933,4.005036947905971,4.351757906717204,2.1847779094019475,0.07742035960262598,0.12583116921856674,2.806949207143077,-1.1629180954107863,-1.1984534879705437,2.267988232520201,0.43337149447281625,0.46815627596400655,1.0604047548873312,1.4331083045043307,1.413164569042426,0.26956365999636656
68851eeb-90d1-4bc7-87e4-b0629281c3a7,reestimation_v2,10,1,-0.05255700232258996,0.060716448476982876,1.2389871312932421,6.020633372286701,5.730599443008396,2.66846235838829,-0.6077328158232974,-0.5725734293203952,1.5283535964382478,0.40454517626000613,0.5432969556921015,2.985322154146402,-0.6120575672697147,-0.025752510415220142,2.389478173042038,0.3715662979006295,0.33843302002164166,1.0161794048375183,1.4879752963832986,1.4791902916796638,0.2952049066180611
05452eaa-4caf-4771-b835-ebaac66ba0e8,reestimation_v2,13,1,-1.439361543924203,-1.2620769429934464,1.5398485450964514,7.968461314978906,7.853267160392004,2.2186280628900055,9.213474096185472,9.036591301127356,1.9094039450684996,-0.12166108149623556,0.39409242690151713,2.638464687142246,-2.4944597195886358,-2.665507034354093,1.664731666123984,0.29625000628555315,0.1204203599787051,0.9908426186767256,1.4143869258245658,1.3876752657012787,0.2702939755495893
c675ee23-1485-473a-a680-862d18e6d623,reestimation_v2,10,1,-3.194816567932018,-2.8773952232746507,1.5560956410926556,-4.189927939923271,-4.3047466320836865,2.555128076162914,-1.3145372566602838,-1.304099803054474,1.7703447853616807,0.2599678408032266,0.35277974685104896,2.8495520754697874,-1.0323552531274411,-0.5862834286531622,1.9668136878729763,-0.42956569736913314,-0.4783077965179443,0.9098633625809063,1.4636383159049482,1.462615589210564,0.28849109040448656
0a534636-c81f-48d5-971b-757eed8040b6,reestimation_v2,10,1,5.682497823143151,5.255448168184837,2.273205979777869,8.393434874194678,9.757012870145275,4.100274451359643,13.715068922268395,13.592508384185876,1.7504669083469815,14.416665592541715,14.990979645554173,1.961906550105751,3.62520737103659,3.73984309454763,1.7476697220799096,0.23827164344122165,0.2944146446507599,0.8526307315461493,1.2253589402968892,1.2903751733014264,0.1292030200620459
67fa8ed5-9d18-41da-918c-76109e57e597,reestimation_v2,10,1,-0.5298181075804458,-0.8948257204070224,1.1176551180062309,1.1267148200579504,1.331857212716483,1.6993214586199799,3.3242678293031394,3.2944675929663627,1.4791394061119396,-0.19740257015500587,0.7907289387832632,2.2079385532445452,0.21659317300624106,-0.07845039855066616,1.7252367934842343,0.5540222244157809,0.6591264525216389,0.9194055552222702,1.502694793653431,1.3820585445311155,0.31276701092329223
e5f5edca-0345-428f-b2bc-b4ef6654ef62,reestimation_v2,10,1,4.337207411548884,4.523994913554632,1.3591003217010391,4.313261308910748,4.649189770049185,2.3683382421257226,9.582923094558131,9.570520211128262,2.3362164688977685,9.866710707638523,9.643611885683587,1.5441217446093674,0.5972695772990065,0.5796239062669678,1.1118423207064956,1.0397522646360016,0.9027224377138061,0.8573100761668977,1.3154191977365837,1.22433702333902,0.23946717818422783
b78bb124-5d9e-42c7-82d7-b6ee19087675,reestimation_v2,10,1,0.8360819084977348,1.0968356376241275,1.6217253430653649,10.287889665715573,10.31414623772763,3.2554751849995687,9.476817122274259,10.135316180884988,2.6996429718032497,10.72626850782559,9.69586374190012,2.153344297000595,-1.1318346071956966,-0.5652095100041405,1.8990446204537517,0.2372024825943524,0.42917444075227407,1.1420776776354518,1.0874926627411228,1.0585639896289305,0.10490897988739806
793921db-d494-4829-8a05-864b34ad1833,reestimation_v2,10,1,0.8138397409848009,0.8079905190149419,1.1833393208067622,1.9754361039774586,1.9557746393499347,1.4382257578448168,3.9195762725897834,3.461092650123015,1.8306983151087517,0.08308630666307866,0.34729230808004297,2.5579599409415086,-1.6415544600158398,-1.8759894714833227,1.7846526020649713,-0.22205572767195422,-0.1990388352639736,0.8550409936508642,1.4271311744004085,1.449217701631503,0.1960774505964489
b6be43dc-3d1a-4c30-b7fa-c0124f0ba3e9,reestimation_v2,10,1,1.3971472840271013,1.1508371534660249,1.248969750239968,6.24610537387504,5.818001576053496,2.1916886478183537,6.8782189995315495,6.115499664868871,2.249081440432276,0.21015687630981447,-0.07058003143632607,2.968271331176442,-0.687959947338243,-0.36990712068271936,2.038858002717918,-0.07281471245434581,0.16762150392020497,1.0003508153561398,1.1880534329655463,1.0829730532200954,0.20174105334895404
36e7648f-1222-45d0-a85b-03dea8f7d74f,reestimation_v2,10,1,1.4717182599370517,1.2932054130879354,1.3031299063699484,-2.5014668686025976,-2.0272462671652036,2.6061758266419437,1.797162939268623,1.5301621584907483,1.8063976541614548,-0.20119554968134307,-0.3277627154051632,2.254241061912192,-1.1499761386280256,-1.10008678964635,2.055019873090592,0.2227998257764225,0.15904548415049424,0.954636187157156,1.5097200479688229,1.4896793551667753,0.2892475582018413
5b937953-7388-4ecd-a090-1c08f9d71ef2,reestimation_v2,10,1,-1.5492548756120776,-1.6166260370192633,1.1321480109954387,3.792766305250005,3.68421425025575,1.2766260671851961,1.2588850637303577,1.3680340470163839,1.5883162578775838,0.8508349832491867,0.22695606892976006,2.78302790211922,-1.2069427106863304,-0.5264758846765564,1.6353549753195054,-0.230458492649863,-0.02358589958611279,1.0195988071256457,1.4971715687953682,1.416296290866726,0.263416503485354
3498b0b2-5113-4c25-a1f0-097568cc8d21,reestimation_v2,10,1,-2.204515769582471,-2.324771794677191,1.5688455230265568,8.473894038245952,8.63453193098252,2.0788190333515244,10.009505414631494,10.529578049401437,1.6651697382482264,0.16447972029214056,0.8739834178398855,2.6737603560207654,-0.6777872678159232,-0.5999037643113727,2.2539348790155715,0.03684557091933426,0.15097596011363912,1.0716720328884493,1.3306874647206202,1.27985943391863,0.28082618073784127
23011540-3fd6-4842-870a-20103b672db7,reestimation_v2,10,1,-0.8857223672811477,-0.8466600154298758,1.2256644407240034,-0.9338896255345429,-0.6072760531922545,2.7618694150149907,3.1600440940269015,2.838762754429256,1.8725614749577566,1.9142130156726334,1.5975769256202008,2.262491496620474,-1.442427562678863,-1.3564646278934067,1.7268416190245042,0.35836215134955873,0.39223397196060494,0.8646671344600401,1.5105742434346878,1.5300780573330315,0.28671030424160804
fd0e4f53-b000-4cc5-a752-23684f970c3b,reestimation_v2,10,1,-1.6518894247252167,-1.3381848468275448,1.248526108923832,3.290105340421895,3.562002274660001,1.5709350748797217,4.254864983171677,4.502713869030008,1.668143447696952,-0.310379600178771,0.1744613824593264,2.641359247815541,-0.5609977283094849,-0.5944959448291098,1.703943404993983,-0.06153661146083225,-0.08534823677186942,0.9323221059694516,1.5396570760963055,1.593993904321336,0.3013738130588981
14f75b33-0f81-4952-9b77-50240fcfc221,reestimation_v2,10,1,-0.29807977103449623,-0.37457459428838735,1.0618770899600731,-1.870626309333667,-2.2058082338235443,2.751047722446594,1.1715365020705208,0.9496457001176396,1.401839570445752,0.4309171032881319,0.30116678949801423,3.2284352632474644,-0.9175610307867031,-0.6965567529404231,2.0113013991088113,0.0006768779341713412,-0.14542623055915432,0.941723704022853,1.4420709000039071,1.4662106043989183,0.2607951335544428
1afe823a-88bd-43b4-8ba1-e46de6430d23,reestimation_v2,10,1,4.721934646871233,4.945872090683035,1.4922572806165342,5.900668786807146,5.517435160882231,2.009867300976345,5.5714283306994705,5.185184736556499,1.629366848236598,8.08652289746911,7.839781214400651,1.3456821172064828,-0.7037163428499145,-0.15671785469054633,2.077170305535245,0.8859567844139792,1.0120805634010053,1.2844887795686208,1.3122427080047674,1.1761338523245812,0.2582653611659835
e29c1300-ea3a-4e95-8c06-c4804fe08d2f,reestimation_v2,10,1,1.607047766300616,1.8040669450224602,1.5103917037864758,-1.8633457171269339,-1.7916751767631265,1.8052093136877907,0.8725952212093177,1.231414710957322,1.6685260511043791,-0.14277161918345432,0.044132693510432364,2.579464377171609,-1.129275891216809,-1.3429042147572858,1.7978896558931174,0.2084737398090979,0.19339189472588703,1.0517321125067605,1.4917043277183606,1.5241894822635782,0.2697300710170331
48e9a8a8-9871-4c5d-bef6-2802239eb34f,reestimation_v2,10,1,2.8366331336568966,3.1388107845350435,1.636815536071224,-0.3091658093633655,-0.06837894347842877,3.000321994882868,6.40690123554425,6.236053911526097,2.120212317794274,5.214231009885033,5.101726833908755,1.4100330577431908,0.8291630882650759,0.7882842575633058,1.9601444171509304,0.138055243213027,0.4577745002059898,1.1811905271534608,1.5700514865682562,1.6342311082502394,0.2721006079251036
8339dfe6-c727-4768-96a3-662754ae6d84,reestimation_v2,10,1,2.004302767443913,1.983804645830352,1.2453348855083786,3.077968223509881,2.89421202955908,1.9815808991128432,4.640977077811289,4.760564513396205,2.121349757313364,8.625868523499058,8.88283425961442,2.3080209239072476,-3.873319345811935,-3.927147949515692,1.5703712731213586,-0.2196000716891141,-0.1765793852098116,0.9729782614644581,1.3319237560504567,1.2341062198084904,0.28420697383749605
f2118dbb-f4b7-4956-b2ad-a1817f48765d,reestimation_v2,10,1,0.27385840271100204,0.285500920273992,1.1493048100292804,-2.049942703682633,-1.7888053229798229,2.859339169945088,2.279972920745371,2.2489266292194388,2.2779850193782787,-1.034738812355579,-0.38057340684533236,2.2397439436391537,-0.7942962559488148,-0.7509962843830956,1.7443181540017476,-0.29246267169225476,-0.21687792672113082,0.9443846523160426,1.4467623992634822,1.3977736284571731,0.29558527441532223
156fb9f8-6a7e-4eb6-aa8a-1b3936a713a6,reestimation_v2,10,1,0.9187457703186465,1.0339449950800328,1.2270025218421992,0.6799698876108021,0.8411267522608284,1.6250778667943713,0.02668667939741947,-0.1741619081917749,1.299719743048758,1.2643870912462571,1.3177839011779902,2.645003087900449,0.5779108201832999,0.4016345316370813,1.4916273283926615,-0.10393148831531464,-0.22587628164448714,0.9008557196876908,1.4496448358861267,1.4340862236627376,0.32711909491725105
d4b62c62-bfc8-4af1-90e2-d4a4bb273f01,reestimation_v2,10,1,1.2627306701829142,1.131490598547554,1.557997629638774,-1.157508570391881,-0.7486557737115316,3.0231323836146697,3.642227077507828,3.7646805618232504,2.1982725301539245,-1.6717105405724764,-1.956274657282517,2.648865752663099,0.6500635680644489,0.45916353087146233,1.8934690616634433,-0.03325963087229433,0.1740687685266153,1.0019644756280683,1.2791208394469802,1.269120517608457,0.19852544393935143
58fd5e49-ea97-4fbe-80b9-067c87b14783,reestimation_v2,10,1,1.8362820923529515,1.602527216053562,1.2121019340119743,-0.6517875305429852,-0.4884946903062939,2.1243945596690166,-0.5287861994614254,-0.6274784740984227,2.031087268995199,0.43815200995777925,0.301338359905879,3.0862251609964564,-1.4725262376932144,-1.179650742680331,2.038596020973011,0.13930549630507538,0.04580660819684753,0.9540309486128156,1.5739138151767234,1.6749816205804497,0.27243008662237966
5155c9cf-308f-4b83-aaa7-ccede87aa64f,reestimation_v2,10,1,-0.29109760105604765,-0.09845568573410746,1.3778234639611422,5.957372451086168,6.017097318774779,1.987029724034877,7.419733559968876,7.059483518264837,1.4172936068898743,0.5704864293509365,0.3372019832655908,2.6681548641573447,-0.8057729926542224,-0.03739942001933905,2.1531573869789282,-0.015071607045135743,-0.10169216741944526,0.9687006262667751,1.1571665840784562,1.1305847323516856,0.14841944870448487
35e6c066-19a1-4788-8353-378af2672cee,reestimation_v2,10,1,-1.6207477941768826,-1.350768443684721,1.5324932733880752,6.824748664194413,6.747116893494736,2.6658400788543046,4.75864252235279,5.047381024259364,2.770066844190126,7.1178720777308975,6.491609127586425,1.6759580883526517,-1.3668196503172505,-1.656357468366051,1.7000179419108026,-0.2771233913712052,-0.08782529348669413,0.8480691630295085,1.1469291469589433,1.1292803702476226,0.11785439420542287
98db63f0-e9ea-4c6b-b4d2-02840b0f3891,reestimation_v2,10,1,0.9690878093837131,0.8014889187699223,1.2889596292328214,5.626990163246979,5.063881632704149,2.5532942600002033,-0.31759065996206554,-0.3318104498110691,1.706923119284433,0.3436679870443966,0.8224624059645129,2.76858193269114,-0.748265940936459,-0.7065742055282944,1.5618765487811384,-0.1172330339238909,-0.1750944884263233,1.0964106570656535,1.4812373167887523,1.472547103777468,0.23323240942099288
c190e116-cf58-44e9-aaa2-daccc9b53824,reestimation_v2,10,1,2.2535942604579446,2.0032043491760314,1.3023226031668969,-1.9604855890702915,-2.3495154027015976,2.856740137678141,2.3909006167513924,2.513972454401132,2.6832759953915937,4.14378454583292,4.2813240413388645,1.7341004567754623,-0.973644563349893,-1.5785332231502662,1.9628904669367022,0.5948838873943291,0.7334885152482941,0.9102609801932671,1.504620636704026,1.484080979283809,0.28360660925632186
441920de-8988-441a-8136-c8150679a8a1,reestimation_v2,10,1,1.7194504302823101,1.6194148107512765,1.4242526659733443,-0.9418964667318652,-0.5281421580377522,1.6229324433661416,1.722614970120509,1.3823047096190026,1.4846266897398177,1.162594204945864,1.4976136163877323,3.2007829440726985,-1.403722062748739,-1.0812351952363026,1.99626881878518,-0.5371339419883964,-0.5981876012568763,0.9273932025400478,1.3148666924708567,1.2688139089328603,0.23459476064527526
c521a95c-82b6-433e-bff3-ccc580541640,reestimation_v2,10,1,2.445279365556516,2.5521307616581517,1.4466475783479085,3.087613786518113,2.4690503143837317,1.5931825766935765,4.738622891808293,4.396588717859486,1.5202634163804587,1.2414226608456203,0.6852650483428673,3.2396786152299346,-3.03010274869452,-3.4588676195809334,1.698083514831146,-0.13025539942581485,-0.0691498757712396,0.9772467617998163,1.3552447775722491,1.3516637575618284,0.2236463858911199
dd4693bd-35b7-4693-8889-428d68a105ac,reestimation_v2,10,1,7.279631455320489,7.39074911209291,1.391306541765196,6.637812322007585,6.699346465374638,2.6167583472773077,14.364848880391207,15.31394731250418,3.1475237682686057,10.615972990497117,10.81618367649775,1.3771196417290794,3.704030305298121,3.705250260654784,1.4859285701534708,0.48255128799418945,0.24197860393714732,1.243981825924155,1.162185917739309,1.1242002027976157,0.15338950679545407
4702049c-6fc2-4f69-bebb-996adbfeae1d,reestimation_v2,10,1,-0.998783611144617,-0.9981553854909277,1.2351906793358431,4.060193743851938,4.333666395748626,1.1349191831647372,5.082528678225166,5.065618185985599,1.4240882537518067,1.703316057153745,2.624475577696746,3.0704390211670156,0.6527144145842867,0.4995045544922445,1.5544197068685492,0.2968937278644842,0.15231894089309392,0.8645225065768013,1.4732910975384723,1.528052382440532,0.2625040213108797
addc3912-fa91-43cf-9d85-825ddd68ae3e,reestimation_v2,10,1,-0.670029891376442,-0.38992730253783814,1.2104589978026983,4.225114444749891,3.7225929565613054,1.832779669235391,7.863675575657439,8.028835133582044,1.454889869621702,0.7107309105123583,0.9726902970772167,3.013587606552916,-1.677184297980628,-1.5306813797528251,1.7042389325090175,-0.6799520833611329,-0.6348086633485046,1.0304373610202384,1.237440523128583,1.1539051396744393,0.23536078650516382
0e4a0746-9146-4d51-85f0-7d87d584cafc,reestimation_v2,10,1,0.41438651841306245,0.5146041965180612,1.094635187235434,-2.1998182515809552,-0.8179150537243408,2.768278879882479,-0.12653470844300083,-0.04991035206026195,1.4807626594986005,0.21070482318533915,-0.6990238005799072,3.084787804172056,-0.811162120950594,-0.7267498587912657,1.246200176076425,0.0778396893763912,0.16937799942099613,0.9396105970532106,1.4940470946676796,1.432785116586628,0.2439049720377047
9b852243-c8bb-4663-b0f9-8bab0ddf87a3,reestimation_v2,10,1,-3.1807540553663145,-3.5259873406861306,1.6138705517511176,1.3850198204393962,1.1534439681355475,1.7174241473693617,0.46628097747861386,0.2595350216329363,1.4215452229209184,0.2698054378659589,0.028591299262578473,2.7590536211415295,-1.3972799007529177,-1.297282021406327,1.4796891733708382,-0.9471084017889662,-1.174653129040263,1.0479567674458623,1.2219528378991826,1.1166078965016506,0.22987267608740106
55cb2fb1-9034-4616-9f2b-5b6db7935111,reestimation_v2,12,1,4.925748242941319,5.367053447495262,1.6943046532538304,8.335130560155221,7.855424633506594,2.0500346305668304,7.996722389768524,7.003950872068941,2.089800519572402,7.471810647773261,7.466459112079941,2.302504243066173,0.18199174522832776,0.0390516653078527,1.5063681875243535,0.48657586202295805,0.4018024801577784,0.8482038781458313,1.2107354647277404,1.191811607208121,0.1844389457389192
154e360e-5155-4c1c-babf-908a424a10f3,reestimation_v2,1,1,1.3278585618079095,1.296434670288963,1.4122952207083177,0.5186964650956967,-0.10008513774829808,3.88663058520245,0.9688042607257663,1.13129043895912,3.060636014471505,1.0133137138762265,1.0603582602092125,3.1756979827249814,-0.77777689265259,-0.5871349777788591,1.9461425120229758,0.06387048761266938,0.032678908399928874,0.9581925913758443,1.4834777548233171,1.4757406609824855,0.28300162476247037
0aa9547a-5931-45e5-9a8b-302bcfa26801,reestimation_v2,10,1,6.973741907659944,6.851149142760409,1.8161081311359801,9.695213737018376,10.37887633380687,2.9989277799897986,13.129345139456259,13.281338822232401,2.4736558154562127,11.548540526595927,12.389948510820696,2.505208181128542,1.0462233193583097,1.7936191737358436,3.502200326733828,0.8665685987422701,1.2828357249434805,1.0055432591145501,1.268319681962372,1.2205667283390635,0.2376001020431375
ceffb565-b1c6-4dd6-bbfa-3ad2df0feca3,reestimation_v2,10,1,4.95411333147844,5.266673953682761,1.7987000996442732,11.73024877053531,11.258530974782804,1.377210910948503,12.015238171547308,12.457402012907032,2.6964862467688615,0.4847675515725338,-0.2538096197312618,3.8335507554400436,3.289011348051565,2.779892213871122,1.5177876481801478,-0.3481596538142603,-0.6911495139309918,0.9994111041832539,1.3774624706620735,1.3095616755290824,0.27590512697514036
e0f9811f-093a-4143-9a28-179ddd0c5cda,reestimation_v2,10,1,-1.7335473082501553,-1.9627759520520356,1.4536996649478036,-3.1850181357325953,-3.317608750950095,2.4429834303680376,0.2830759601531908,0.6793764283475583,1.5766152760647902,1.2353534875143815,0.8136289049359453,2.9527115995601005,-0.9904617545175941,-0.8116002279442636,2.299838719485784,-1.0775204076117542,-1.1094141690559818,1.0511911171118902,1.389310120854088,1.3178215208828017,0.2807792601615198
73a3c26e-2876-4314-9765-1b5cfe70ce5a,reestimation_v2,10,1,-1.8893072469558225,-2.1119373251899645,1.4433550677427944,8.106213617781407,7.9844115182034425,1.5087808264601101,8.365032131584407,8.6757251986592,1.6512463392592875,0.24600205675534662,0.17227944463089173,3.028192793810713,-2.965015311503553,-2.4911564913749893,1.6149495519969952,0.17875057351819007,0.17623218764104098,0.9603778229674536,1.2440248949419543,1.19150613502837,0.2109992272662335
a2463938-1ee1-41ca-8ae4-616a40947a75,reestimation_v2,10,1,2.462789684405827,2.44076892215488,1.3252716727824125,5.7841341409562945,5.708040612333102,2.7126125533785674,1.8153094019338125,2.1025744410111837,1.5663286126568168,4.592804777408435,5.029078586301473,1.7523700965402915,-2.523232215606452,-2.4128286120766362,1.7996068956364677,0.8739636294449467,0.8564060275222004,0.9304186139539958,1.4613346442113513,1.421423644005407,0.28036341532731734
eb622f06-ccdc-4361-b912-6976c2ec268a,reestimation_v2,10,1,-0.1865247945936164,0.04473484278990225,1.5127783286335215,3.1651280782849405,3.0409425634685734,1.7021366735524182,2.747897818824947,2.5560717464274276,1.537289293889321,2.7302152835303035,3.219267278815412,2.4230473444557057,-1.2200945166507322,-1.269599481734062,2.378918404601632,0.6113933014202848,0.9781567898851266,1.1423403000149428,1.1825865818503893,1.113253192796674,0.16241174910232872
d753006a-0c1d-4408-8a9b-0f18de6f9a1c,reestimation_v2,10,1,8.72631244902341,9.18402155137208,2.2110683407879805,10.96730848626688,11.323664610879748,2.821002906580473,12.570214282183553,12.520601234747536,2.2989979340810973,8.968099103503214,8.700159321149409,2.593574055056449,1.2222251764041656,0.33356940163709126,2.0428554221437167,1.3167269715759422,1.2703851017523742,0.8570718655699081,1.3361966601732427,1.2662180725029342,0.2687233646799375
a4473696-ea00-4c65-b368-99cf94f9d790,reestimation_v2,10,1,-0.6996258868130509,-0.44554627933615354,1.6049255313169184,8.881931682150022,8.550540169814585,2.5845113956898977,10.282953072967462,9.911995409611782,2.146414317787136,1.3380953605687376,1.511936449799414,3.537788863617073,0.27463566147671137,0.55408577783409,1.6601819623344098,0.2757907485749012,0.20345380690623638,1.395682670782645,1.2266950993882475,1.121779602377707,0.21573034181073109
4241e48d-26a2-470e-8ccc-857157d04a7f,reestimation_v2,10,1,-1.652002997649099,-1.7360303366880303,1.3444253020302375,0.7532689574738805,0.8671742500083123,1.520071002363326,-1.1948934948200447,-0.9773389748400145,1.5706875373622262,-0.050011330538471475,0.10753124959314991,2.4951724849803782,-1.2351335810649489,-1.3177773197416172,1.9045227485191183,0.13762055844831342,0.16113620692355646,0.9280572495169119,1.5990046296986675,1.6849016042855602,0.30906544732096863
fb5af406-021c-4825-804b-7dcfa79dd56c,reestimation_v2,10,1,-2.859510657449187,-3.0690422253652194,1.4389912179490931,-3.7523857802051883,-3.5469588043397433,2.400224420049856,-1.022362851972482,-1.1156023520595684,1.6306448637793476,0.3655886138482495,0.6680804037671381,3.355017904377833,-1.4171472880337188,-1.4266613973582758,1.6990920075232936,-0.18513907510665745,0.08172944826996575,1.1116985557739145,1.5299878442090176,1.5304795091259236,0.29780420153903653
75a3c4b3-18ad-440c-87c9-8c586ec9e59f,reestimation_v2,10,1,3.141353092384295,3.143990546533642,1.362832970060351,4.100548157762317,4.041704062849121,1.3322675812963012,4.868518896396489,4.437488533228532,1.53689900937355,2.6559492761804067,2.496463433310189,2.0376505934139555,-1.5584265165379008,-1.7601143723405175,1.5513004952669618,0.7623290701208258,0.7312766277763403,0.8715490017163776,1.4438109367578822,1.3793892240860086,0.22724889455303987
b8f082dd-468c-4c34-a719-b19e5c8fc96b,reestimation_v2,10,1,3.0424704338365074,2.6234791171905423,2.16925092593604,6.320446258876137,6.753521334712455,2.1335881713643943,8.081841436768293,7.567937828723078,2.0799538986298973,6.937887476125011,7.5300641975247435,2.911954300869176,-0.7733108710190392,-0.47942718285123,2.223889008152876,0.2944366942268397,0.3215517450066221,1.1932467967258134,1.1406233537991057,1.0942562484489857,0.16194217027360486
cc7e43b1-0658-443c-a27a-9cd2994d497f,reestimation_v2,11,1,1.1588407732463457,0.7266441645280692,1.332476113267291,-1.2100035752353024,-2.1067918622466557,3.2996102868232597,10.46272181335686,10.827404313623456,1.5791601176985361,1.0310200699014023,0.9823202622079346,3.2073000675733323,-1.2352121110573502,-0.9528580127375743,2.045289029157551,-1.244613570172225,-1.40308083564899,0.8351139337812062,1.128726153886651,1.1053214975881431,0.12346905079821972
4d41b332-caee-44c6-8d15-6e0c92214af6,reestimation_v2,10,1,4.4349075750879905,4.280462620354345,1.4741991105482453,11.43481650221045,11.238191294423466,1.1862351708844947,12.77862041740445,12.842242452223873,1.3324630930240373,0.6994237433069127,1.6194192411482424,4.005954904667634,3.5502558239604647,3.1051818190607134,1.3884596979377208,-0.20555254146074403,-0.37473280862306413,0.9891790222729654,1.3943455140378989,1.269483982810473,0.3198019590115122
efe84427-5ea8-4757-bd6f-7b9a08bf6d99,reestimation_v2,3,0,,,,,,,,,,,,,,,,,,,,,
4482c4d3-32f8-4e27-b7c5-0ae762751010,reestimation_v2,10,1,-1.926560939466854,-2.156227477610736,1.5132697947851756,-2.8460905316540566,-2.5567162950011673,2.6124282894044786,0.6451300676185407,0.279571813972456,2.2352944933639196,2.702521639801056,2.7211008488561825,1.5799587138849602,-1.2787902465790384,-1.3140668430586755,1.9105075952056536,-0.14239833479002914,-0.20928512905388946,1.000088190754979,1.5075353289523985,1.52690145191616,0.2582622229980125
0c22f7f3-b7a4-491b-8b7a-bfc6991c8308,reestimation_v2,10,1,4.537886077835652,4.5132359233916155,1.5729133047543162,2.02366320317895,2.338643450324077,1.1750978443657485,3.380792180358299,3.412990919649348,1.6481326810915082,5.113274446992215,4.94913964908026,2.2703316838053977,-2.216073819378749,-1.8783850890686882,2.3979585682757474,1.3424675419306478,1.281970729095046,0.7808426084080666,1.6151425914302076,1.7075426540434226,0.283533400670356
bb9cc6b0-cc9e-4de0-8595-04748bcb8cff,reestimation_v2,10,1,-2.1685331508265677,-2.3825804007706033,1.8683871770637523,2.6765007588721574,3.2132561191851026,2.03554863461609,5.778596347969595,5.608961635421833,1.9591802687610507,8.56382479011023,8.761316238609853,1.781350370052341,-0.27991805785296575,0.018827124378226312,2.022351230070707,-0.05850722645892465,-0.0705208969315193,1.151318206792738,1.4580688432160702,1.4212679175571685,0.3475338967633256
92087f9b-587a-4b5c-9fdc-b63ac1bfb11e,reestimation_v2,10,1,1.9514969539176872,2.002801479485881,1.1281376540812982,7.532456271786766,7.1327340439666145,2.3149362415701265,9.381720460006985,8.81121193731641,2.0695237202854435,7.807432808619246,8.038570253281877,1.8911260079941348,-1.994735560319473,-1.7415638855656428,1.4869761631863796,0.5490743458799232,0.3873193691400046,1.2337469652453321,1.1151612343825659,1.1003519952098713,0.1091543017593431
bfef9153-be86-4008-8d41-0726ad86e201,reestimation_v2,10,1,-0.38194159709056696,-0.5468745147564513,1.2554797499145034,7.029288496199675,7.025360043090918,1.9391350031516292,4.667590559254425,5.230349493255549,1.9767509691912548,0.39385690252902644,0.4720223391431988,2.7362425859865653,-1.0356936884401367,-0.922608935527682,1.671060475396467,-0.021700679553776907,-0.22077015531892358,1.0104419659313297,1.156480943910293,1.1296069853074124,0.14183323026541086
ebc8ade8-7484-4728-a409-a0642dfbb8fd,reestimation_v2,10,1,1.4589020654868325,1.182394673437091,1.325768119541852,2.179573828245955,2.271298430620643,1.777173000453547,1.7061260394470503,1.1629434108544598,1.5017870303634546,0.9688360636982443,0.9656893756074889,3.7673485014042427,-1.0724196303045552,-1.5497761957488834,1.4182661261157359,0.0004931328689831787,-0.18546735036427364,1.0043533849811028,1.2715444127886393,1.220238396587845,0.24045764083904858
64f05bb7-1698-4e9b-bcf1-343ba29de44f,reestimation_v2,10,1,3.8554044929033173,3.417369034313014,1.5114435019501127,1.8790863578787302,1.678672174362771,1.3852360425029189,8.270951521854991,8.100241359060888,1.351271357212294,4.772601851860114,4.768623145722267,1.8159231356227825,-0.9055517705634031,-1.1116698728186698,1.5651418081270887,0.4693656501838676,0.30128947070751466,0.9211569979175475,1.4829731759133553,1.4821329178254399,0.2827624564655131
0ae6f1c9-dac7-4366-9080-3eefc89f469a,reestimation_v2,10,1,2.2631973712382436,2.3346369064588375,1.4649181939125573,2.8367874202841192,2.617051089796388,1.7120953367011835,3.4252944217986916,3.2569562920346447,1.8753199322597187,4.212118564477727,4.433933114916288,1.9376036518246882,-1.5343536905091903,-1.7756557761617073,1.3623685603307847,0.589711621191601,0.7049067029682416,0.774993021708129,1.2151054401840546,1.1752735579079263,0.17560330266755222
dffe321c-5498-40dd-beee-b88f86862f46,reestimation_v2,10,1,2.430698005229103,2.5309916065582647,1.4565245112100922,3.5804092235166,3.6568329527351118,2.854962660649472,2.5612883233580384,2.2419475237145567,2.6316245741462976,1.1178521629902372,1.0157867533176002,1.6254954700792652,-0.4231603679253452,-0.3714598440420369,2.3224660153816394,0.3291059693814995,0.4760664412471566,1.086051774862396,1.2783868172539932,1.1793668196997191,0.21911273622955563
02f20d29-919f-4124-97fc-b2ae3825dfcf,reestimation_v2,10,1,0.44697432910130164,0.5136165481135975,1.081452506144078,-1.4997206924946433,-1.3593114251811729,2.629986006422342,1.657094827965464,1.873837721654303,1.8944406768916981,-2.7363905864422393,-2.813930781102295,1.5311215431418317,-1.1122652547772842,-1.289105860832099,1.7455965849181916,-0.3189034987311286,-0.24864161415137576,0.8294274299137597,1.531261714049501,1.4512860013688191,0.298774894187124
073e4592-b9c0-45b5-8bb9-c1fd9f87fd55,reestimation_v2,10,1,0.9766976357457412,0.925714808419505,1.175260383374756,11.65399170131245,11.886801535963789,1.903496653847737,10.996866012762943,11.689465095209938,1.8924705133450916,1.7302732439300372,2.1175196742038116,2.6576421593615245,2.2642747732213997,2.1273446865736445,1.6362279482905195,-0.3031914728569519,-0.01926906125533634,1.0767455326676463,1.4420566307142249,1.3207662110916891,0.3570806821140089
32363552-e7a0-46bc-9809-361c7b25fa96,reestimation_v2,10,1,2.395111556945227,1.8523669546870936,2.122340626823274,13.931471856995433,13.522236413930926,2.243062654624177,14.894299323894211,15.04779343161861,2.431376030577762,7.768828168444149,7.45521980473471,2.7495638908231026,-1.8767473658960196,-2.1466676270897125,1.5758061908287613,0.9796499016794525,0.8176393018396655,1.020648600274028,1.2380273358655522,1.2507158304562245,0.16020675789540434
71dee7fb-6544-4f75-ad86-288db9b987a5,reestimation_v2,10,1,0.5453390490879326,0.1765559527391135,1.0923869424456092,1.770572529606866,1.8066957969279431,1.1686839787742875,3.8540139419856425,3.1926455694303133,2.306566155329707,1.2078362985963336,0.6852512728254307,2.9153195144838744,-0.474379174229212,-0.47891499208772137,2.1333235112415974,-0.05268437859634371,-0.15887089965489803,0.8395770207522991,1.2766853240234337,1.181849076822684,0.2668036982374058
589e6d0f-ccb7-49ab-baec-0214a2a9875a,reestimation_v2,10,1,0.169244198360372,-0.20614979102959197,1.518796646085991,1.742220341244682,1.7065709436538596,1.933094858775453,3.6807767550631856,3.7657394024744555,2.694555266482065,-0.09854581021906265,-1.0201513228207202,3.154286535825545,-1.4248973087398191,-1.652906476386284,2.260131001577607,0.23458239719235374,0.23745529610853353,0.9771685279578114,1.1294970458703573,1.0880299521161856,0.1222664152132722
ad8febde-443c-4544-9c4c-a99349366736,reestimation_v2,10,1,-1.7242257113168136,-1.5029713419465613,1.6374651101942546,-2.188479099872232,-1.5884389896605167,3.0688597497575394,1.6604985406242536,1.1367254410699177,1.9894693338849954,0.26459618240337257,-0.21739467750486507,2.957735357321524,-1.7221204417656226,-1.7017026967008526,1.9165386760188663,0.20102359388035834,0.3140576384648286,1.0853885291514878,1.2955059073346544,1.242280909214856,0.24606234418798717
aebe298b-b85d-4cfa-8d46-99165e2b40ff,reestimation_v2,1,0,,,,,,,,,,,,,,,,,,,,,
f3ee6280-344e-4128-8001-2c14ded7375f,reestimation_v2,10,1,-0.11033284097524665,-0.09034216251363986,1.6316846803843756,11.501577696634673,11.712118308599312,1.6631615064094984,6.76895279747741,6.882118715203641,1.5673414548594646,1.1244739841735283,1.5516889253877126,2.725338391495233,0.7821742281949432,0.6746748255447951,1.694706836807415,-0.39535009682613426,-0.49103853465984093,1.1301389591770667,1.3739247190543784,1.3673920949512235,0.2882895844533646
04a2f170-8c2c-4e7e-884d-e24bad10ca52,reestimation_v2,10,1,1.0669528487586886,0.8804009513441282,1.1715365050164204,1.1264601514617323,1.1540161518230108,1.9325720264374706,-0.9793010497676756,-1.518972773991507,1.8849398314838983,1.250039176863222,1.465093928256962,3.0701020020435537,0.02044092227435833,0.3335283163064675,1.3867062217580561,0.25687486163479756,0.2429733173834352,0.9344298299821829,1.5236800009083782,1.578742964011554,0.2928437490396052
72f72048-a644-4110-b279-8f921b76f885,reestimation_v2,10,1,6.145151113384135,6.395497587713204,1.2146599851192497,1.0300101797172112,1.304436434535008,1.3964949473413761,5.551651118479042,5.294037504629813,2.1424904861901313,6.286869111838913,5.773064826376997,1.526212947870339,0.9962861090934321,1.3331828461910429,1.5964285945616083,1.2701065804035756,1.5997775568636503,0.9074895207085336,1.4443836352572823,1.4923146433972272,0.26330344452709314
dee01901-607f-40c6-9f4a-81ba2c579e2e,reestimation_v2,10,1,-1.4609338271666432,-1.473446367488444,1.0575306362734271,3.07433848639634,2.8988499639320455,1.6470509650971763,4.531689930259591,4.718987914664028,1.9235260813937636,-0.23954938298121334,-0.026451873671315518,3.3696862972254613,-1.5227280708509416,-1.52749405209144,1.861829958850244,-0.016288678572074684,0.055876908881779874,0.943395117375323,1.4843462976329578,1.4747271975242409,0.2879359622954468
488d5f06-0fc3-4497-9640-9ab77ba403c8,reestimation_v2,10,1,1.7919012260754419,1.7316958334349453,1.3754262969427165,-0.12962625475430936,-0.07316787454979218,1.9224425386682082,2.4182385214871225,2.780685223443629,1.7909413441562319,-1.2394223794315389,-1.0895759944357017,2.138763822281328,-0.9582890458700402,-0.9720572914677321,1.7849382793262498,0.5821703132823369,0.6416802624776003,0.8886414362847751,1.4567467953067348,1.4333474298120517,0.26751523252857623
4f73e120-610e-44db-bc0b-8a8ae11bc0b3,reestimation_v2,10,1,2.038755608667508,1.7272448234636966,1.4622323520375884,-2.038699614706386,-1.898245616308932,2.838040140427275,2.816445456370425,2.765094140661511,1.390569216174084,1.4683429302877922,1.4637491099193816,1.7428358666361723,-1.4608381652001594,-1.5184394028205597,1.6211921679481622,0.69030286457839,0.5250150445801215,0.9325863396099046,1.5246204385863504,1.466353046311467,0.27634957575924113
c07b2528-3cf5-475a-ae6c-05383b055562,reestimation_v2,10,1,1.3030572127437339,1.1662930438947314,1.7314179041580966,7.82741297456859,7.634462910580088,2.7282539347612236,6.171041103278598,6.1069131570948585,2.3515843386088275,-0.1464696872007434,-0.26291837548128105,2.957329261483291,-1.3161823685760554,-1.8842292882965086,2.0477049188370144,-0.117144462076097,0.038914434198469294,1.028651613651,1.1741941894772752,1.1042255430296704,0.17312165409945618
d49cd31d-3b57-43da-a26c-cc93dce04cbd,reestimation_v2,10,1,5.960232448284285,5.765146382980204,1.556061806574627,-0.8314565706997288,-0.158608175871091,2.762121913241505,11.376845598775162,11.590145682342989,2.579701212312778,4.441393187294275,3.996983995494492,2.1800561520841595,3.696287766167654,3.573333805287947,1.8652771937800687,-0.05907045849499048,0.04607922959670835,1.1567356748420983,1.3126342901831423,1.1769202273567698,0.2893103183722453
9b3c4d1c-a372-461b-97fe-cd570b5c2f63,reestimation_v2,10,1,0.9088470660842277,1.3024705367173433,1.2464820611111262,2.2173497195635115,2.203347731767885,1.243570966400953,3.165506460968211,3.4719386265143606,1.3261807231207945,0.48562517034090796,0.608807526121738,3.020318323569195,-0.8331810790041809,-0.7819466774896588,1.7337333044349204,-1.387952645559606,-1.515129859635021,0.8754837300334074,1.6083207180522048,1.578244421275707,0.3198737870916164
5aafcd3d-a0e7-4d1e-8217-2d8d9f6a59d4,reestimation_v2,10,1,3.640134043822041,3.740395328773945,1.6986020141418527,4.176471555144794,4.006661971697536,2.0602319844980332,8.019982157404293,7.736994451329439,2.3249163192574613,1.1227147314406913,1.0969298766444557,2.353099257817382,3.185707862366793,3.3620265943501293,1.6358488769258241,0.19109281206900472,0.08631025449906793,0.9773323591189702,1.4064639367831373,1.3810562985350932,0.28655170232328536
f31c781c-4c20-4844-8a93-adab79b2ebc1,reestimation_v2,10,1,-1.1022993287275935,-0.9385517227096365,1.246939145671654,-4.351268499334283,-3.9375114120924435,2.701722895732962,-1.8289643278913048,-1.8504940771578975,1.6122100090146465,0.8057318198207165,0.662765284822215,3.0686749018033446,-2.3257873255187222,-2.5601310301234204,1.563659800157278,0.8770858255141768,0.6941627743648229,1.021807931590794,1.4060727386652325,1.3417527574632162,0.2864596415215913
6fd142f3-7314-44b2-a209-b7cd5898bbb9,reestimation_v2,10,1,1.5689371042835438,1.5113468375264514,1.1482030839103365,3.3259681145316966,3.043984001969255,1.6008545197843589,4.063168659202397,4.185298659270395,1.9933679174607226,1.367181811997025,0.5487496532289389,1.8425256297726977,-1.920547248698752,-1.969106380165103,1.9828928539399218,0.18834531216297337,0.1557785352147929,0.9932078080824875,1.483131588713297,1.4601893354154738,0.25423306188077605
1eb5d2d2-e7ff-4cc2-aa0b-619639e7b460,reestimation_v2,10,1,-3.7547177046105027,-3.6766045545868837,1.5158983967622894,-4.281542154583088,-4.148284937365127,2.710634650945197,-1.2694483857191667,-1.4747301015725178,1.7190934318690285,-1.7811430029517141,-1.5948353420534165,1.981879592605347,-1.1121747514140574,-0.921792727819212,2.1186013608025585,-0.9455629640527472,-0.889575019967421,0.977126755187749,1.5117947163330685,1.4715633418463048,0.2615434981186955
69d813e8-956d-4bf7-bd80-ce4ac50ba3b6,reestimation_v2,10,1,7.9889179577465415,7.8083669572766965,1.7269183232820757,9.234142196912424,9.623549545135617,2.521903973351473,10.131759170023498,10.552683929884752,3.1859559718263157,10.606438958406537,10.188119883561608,1.9606264682671273,3.850606169100953,3.2961504900350316,2.7341324957296114,0.36154957356812717,0.36208480661351616,1.1917551898366172,1.308228450744532,1.2883299280969442,0.24324039328520716
7e9ff2e4-5802-4172-8009-cfbb5e1a936c,reestimation_v2,10,1,-0.0906503373294135,-0.5235502115933781,1.3693821039388785,3.2191333155096347,3.2387823153319104,1.643311286049862,3.535695134780384,3.4757794588354214,2.112065453161957,-0.3579047263332529,0.29752112282594856,2.5087886792658307,-2.354895170456714,-3.1075584424385063,2.300818133637375,0.020981526252834903,-0.06203042134441428,0.9453696982752982,1.2809427427827829,1.2280652334317026,0.25035011227000326
c0d10575-3b27-4584-b7dc-e5233d1f86b1,reestimation_v2,10,1,3.2883274224889245,3.560798802317962,1.6546113421842976,0.47256358345230604,0.9443102484169561,3.014764767854841,5.821665454900132,5.599944156732095,1.7638786472619326,3.084283148692628,3.320598190434902,2.608444622563666,0.9033298755083219,0.6199579131087827,2.0079204322262054,0.07812706850168338,-0.196062943468164,0.9017510136716497,1.5586430301242702,1.5890044933197711,0.27239889708643783
23947a6d-e1b8-4271-aaa6-04eebd6e4842,reestimation_v2,10,1,0.39868345574908154,0.26290404253384314,1.3510477277946522,2.7159779165476396,2.8211104849382753,1.9453113440906968,1.713366768063413,2.3257254259566653,1.7431623644570189,4.676874678324437,4.719564952336661,1.7058125614257131,-2.0274314041096813,-1.8734714494882305,1.4135586276926757,0.21727099928642016,0.3577427643155576,0.8003836525608559,1.3644189700247857,1.3370932278560996,0.24128135686257118
2ab1fc06-7d12-4582-8ec6-491216580b3e,reestimation_v2,10,1,1.8697658144619869,1.6929428467124175,1.5534458445821362,7.759792976478745,8.108836242308673,2.0265770898388498,9.105746279589395,8.546791072096505,1.8312191856022433,0.08638925466343744,-0.824624102585191,2.94771208600479,1.600952742795007,2.1670837844922484,1.5873697541330756,-0.29704094753149374,-0.11547967698011607,0.9423312904988272,1.2645547263855341,1.1345638391438946,0.25586906773118706
bae17e4e-1cf6-4947-a03b-b2c0aae0d36e,reestimation_v2,10,1,0.903180738427032,0.8160212222891687,1.2264557193379229,3.7055909734530803,3.06891708855374,2.9915435478476304,-1.249296322227319,-1.4557556504028621,2.4771173512401825,-0.5909842743324285,-0.06906634758756061,2.2058720985752873,-1.1976048286832113,-1.3160540974407584,1.3206716911166478,-0.05311354210873691,0.04252026736612491,0.8480538880855404,1.4224071225865322,1.4347907045755073,0.29083843858835706
db462982-79d0-4841-b267-ecb9f4e2f351,reestimation_v2,10,1,1.2932437631525031,1.0864072658460253,1.1992030115333099,-1.9047433046022915,-1.7632232457227595,2.737584317447655,2.0381220060295493,1.8213283780572698,1.9780433811628986,0.950613611754186,0.6964951220325482,2.9439867097996246,-1.063854939368828,-1.1385332144121478,1.9548465251227485,0.2175359528141612,0.1949946994668843,0.88499670263817,1.5501586723226926,1.5804504259145418,0.29435208966856813
da16b80c-33c6-405e-9b7c-9b859c8d1e57,reestimation_v2,10,1,-1.1141292246927785,-0.8219239841621073,1.2874467718055265,8.554383629046022,8.649335981527727,1.5503061596509309,8.811778097049414,8.69445179968218,1.8718378491033658,0.6202075533049985,0.5785532753783204,3.0283052367646284,-1.3695088860394125,-1.4532714183958573,1.928526850502609,0.07364933518352523,-0.07025160087707749,1.0560134593551367,1.2496324783470476,1.1991845850787657,0.22874308610810756
d8d09e96-358e-4e21-bde7-3a14aa54a795,reestimation_v2,10,1,-1.9063110813417392,-1.8672774178552283,1.3690619379737916,5.67035826649867,5.344249555379898,2.275844397083603,2.2863826849048112,2.3200960535047246,1.7810240770449874,-2.080893003328346,-1.8668390670133497,2.087179132838962,-1.0228653765833768,-1.1056533089665437,1.9120075638627285,-0.2632232702024937,-0.3392010406969215,0.9045467831386642,1.5125233372275622,1.4813498806632581,0.2945847159166577
d6a76ef5-00e1-4808-855f-688ee1f1bc7a,reestimation_v2,10,0,,,,,,,,,,,,,,,,,,,,,
3d6c8959-9212-4895-ab97-9a7c8baeefaa,reestimation_v2,10,1,3.601719012037517,3.5493039478520876,1.438961732349436,2.0358138097701466,2.106636545932894,1.542290786928527,3.7491018564450163,3.7290902479846313,1.485364637520426,0.6898773564072559,0.33433589373488104,3.4301598761220444,0.0175523677874035,0.1417938548838873,1.7379714130195658,0.003324059205490505,-0.0664402315669429,0.9989197128189411,1.5648731293121465,1.5983990772496164,0.31185362885271406
e75ba01a-36cd-434d-9340-b13ab8273afc,reestimation_v2,10,1,-2.5642796201453075,-2.658813467353081,1.7657727631215976,4.214028329125847,3.6684616884884287,2.3769906614000456,5.783059133151842,5.974483305277218,2.234002667014165,1.0737494271211312,1.2812297867128328,3.3218202579546086,-0.8256564412540134,-0.8410261281802214,2.118991639746641,-0.3223474178649838,-0.4120615889480739,1.0928599686427682,1.1347520376335885,1.0814964090784707,0.15020374374845993
77303ed5-a121-44f6-aca9-d38c39e358af,reestimation_v2,10,1,-0.5796802391009026,-0.7349173288541504,1.4000943190148112,2.592669316903619,2.4660766628857274,1.3804401493464549,2.1992166338535464,1.9180751374550646,0.998037429035198,6.671442451510685,5.756303616086062,2.2129652161933877,-1.2520443426719547,-0.28633192144569897,1.7740387162978186,0.6825846860961963,0.4015642771996915,1.2240343563000156,1.3298203104257478,1.128712789621,0.296071019864079
a98848a8-a744-4a2a-a886-7d5a9f6ce922,reestimation_v2,10,1,3.901993088467844,3.906625609609924,1.3925278256804827,7.427143880232873,7.633759442827523,2.0951964429766305,11.000631433373302,11.093617821068632,1.556822172880588,5.2033224516015935,5.960651788150627,2.5897683230543427,-1.8633775652937097,-2.0821251981485034,1.516898511766293,0.9148825018855917,0.9400120267407045,0.8715518357633181,1.197318532621917,1.1670880226636595,0.1693590533858559
06e2a653-0b2c-44b7-9a7a-f7e041e94f21,reestimation_v2,10,1,8.065483720740819,7.107333024897937,2.8837829666511596,11.513581602912012,11.831626689496783,2.028584839979282,14.069294526534172,15.196172591740648,2.583336464200225,5.32693295945679,5.814174973266639,2.609239311369141,2.008767137043174,2.457013400164061,2.3797572210698723,0.5354390846131204,0.20072858566262797,1.1158105186537037,1.3471686903716538,1.2107984336345392,0.3091449441381465
ed1f6b3e-efb3-462b-a432-005d1dbe923a,reestimation_v2,11,1,3.343803740611419,3.110296802232306,1.5548972355223063,3.7524605078043476,4.565044834796737,2.755122940507094,10.51036069475856,11.448421259526375,2.3953286729244265,6.853913925025484,6.925441632128848,2.033004753389541,-1.0157492071291094,-0.8914640742432274,2.437732480314192,1.2855244789271851,1.3983992355867156,0.9141846086075612,1.1061362699147799,1.0665363552524578,0.10437350924625331
e68926d7-b3db-4d5c-a1c4-cec29b453373,reestimation_v2,10,1,1.315911206760853,1.4608368607543076,1.3778272740433701,1.6140883742837697,1.1659393180911357,1.9550067205361692,1.2580440887636586,1.1758566561160106,1.8019818281567914,0.9606821039274237,0.8407002510578669,3.3264240590469747,-0.9922215656337532,-0.7346932348343858,1.9551415670719836,0.5370439317768935,0.4779060441418504,0.8674894621436069,1.3971957480440902,1.4337917441160117,0.258307962552555
b2753883-9b8e-42b7-8bed-58083fc2b720,reestimation_v2,10,1,0.9290149116211138,1.0888112889152486,1.0729478525477067,4.077923494986787,3.692226100360193,1.7674290203229337,0.7584765617251255,1.0069594574846463,1.7561181574242235,1.3046616098891968,1.2074547004693725,1.6386084765456967,-1.4359343145144559,-1.1214749815970426,2.2411037531127507,-0.014523347892557673,0.18233667938602077,0.9469305668987881,1.4875160051236112,1.4702207391683455,0.2897603451970868
a9c18197-3ef8-4562-ad70-3ddbdb26a9f1,reestimation_v2,10,1,0.09909351735561199,0.3252140365324832,1.479402546255275,0.793300321422319,0.35077460943729655,2.5215159731346404,0.7304585374340941,0.2613773124104788,2.3992047542071906,-3.7421592023494545,-3.977006007354042,2.0698115811311193,-1.227173317862962,-1.5767581163839568,1.9918244902660238,-0.5972884316156893,-0.7963328621645571,0.9273289016141129,1.3444939580863355,1.3055074651234437,0.2458332306684285
209879ab-7f14-4322-94ac-453c62906f6a,reestimation_v2,10,1,8.248328783994381,8.02478919466701,2.0661974146906212,10.791256873356849,11.88457611986879,3.3183366035848842,14.141305445531392,14.744128463804923,2.343369706473292,10.112647912406212,9.9683945152244,2.537478339086098,0.6075294173109712,0.9896744218064479,2.319749558707714,0.4726430928153146,0.6444315132809404,1.0955211662891884,1.2675089691511072,1.2510059210881463,0.1888416164471551
90a02fa6-6268-43ff-ab18-13f71d358cfe,reestimation_v2,10,1,2.1795508928794565,1.9513448030970237,1.5255162744308541,-0.428040334580626,0.07840402996500861,3.0680625808851767,7.133064666749657,7.18874639947161,1.683275931399791,1.2792794603675142,1.144680445239235,2.816416270192121,0.38489159677576956,0.4815462233673433,1.8647321513831474,-0.011868563727364608,0.008518780316862262,1.0638335208889038,1.5227220314640588,1.5642649101921113,0.3147645681179737
a3a3fc52-7181-4425-89f7-5900e8073645,reestimation_v2,10,1,0.6215868658246765,0.5436721580760436,1.1979866354312625,-1.5258678881601744,-1.5411931729110113,1.974083815504374,0.9010144029157419,0.6906913160586436,1.6383626809350647,1.6212071648972124,1.5623425214391968,2.7922803397939733,-1.5930214574943278,-1.925213694836216,2.085150130645585,-0.047649311472176416,0.0665457752220597,1.0389955637183566,1.5375486138607688,1.6024389086433728,0.30397770974237426
6c4c6a59-3b52-4648-bb35-b4091c83d4c2,reestimation_v2,11,1,-0.23505496676242124,-0.3269515762335419,1.4044059203980381,11.708243481334073,11.557393773349208,2.7309205874607274,3.9170984000519353,3.738145333017202,1.8928505295238065,1.2682110739335324,1.4072880305813253,2.5935482323229,1.8620511090925844,2.4435696453896565,1.7697721512653075,-0.31936838954163427,-0.20637660858598683,1.0064977107611222,1.1861170708390252,1.1762264365049628,0.16956879927654686
aff59cda-db89-4c68-88a1-797d3e5c54a2,reestimation_v2,10,1,3.593050240937283,3.862296381399028,1.470136153336217,5.999601091271684,7.011741578200991,2.2036421627403446,6.82514458585447,7.403647869637848,2.074942991803218,7.245565966887755,6.710091503919911,1.9962858921633524,-0.3874775850620489,-0.6411045403006729,2.4906530327778595,1.0603717600627205,1.2542265292414376,0.9643311809763756,1.127183724294802,1.0825450263046048,0.13950486142770377
1e88f829-8396-4065-a2bc-1a92c5de891b,reestimation_v2,10,1,-3.649736441754851,-3.0289115667792914,1.6962505580202833,-5.345749937201302,-5.31227222639743,2.3806010873097874,-2.6367821284615536,-2.3583635603156425,1.6994985507602713,1.0089005835813643,1.0651981611849775,2.940132656705711,0.4273449801477065,0.5560975848072913,1.7431670126001175,-0.08235650843730598,0.005673336462558076,1.0438685241502617,1.3834506022160922,1.3293135578667536,0.2597491941200092
ff6d8eb6-2311-4656-86ef-68c2d6326842,reestimation_v2,5,1,1.0167678301870209,0.9609856253712467,1.6105976648454614,0.8950716469414312,0.7841328198357371,3.894304303076067,11.28238279813466,11.646028466897516,2.2243400188778515,1.0142850097053502,1.6405989016810847,2.966069476227541,-0.8062253157807506,-0.6224532947813515,1.9328326123904773,-0.007747260909104847,-0.2322800863772312,1.0984980410672405,1.3309177542065271,1.2326154988883533,0.27698804515938424
cdfca1f0-c0f6-409a-9189-a411bdad38c8,reestimation_v2,10,1,-2.1891766035080473,-2.2052801179253794,1.3495579590448719,-1.6258600571827337,-1.6419497236369107,2.4012723198294306,1.7317022831328177,1.9480400237794253,2.251035566855706,-1.6138744639826395,-0.8886448578268,1.9969418986223884,-1.21067409901008,-1.1924909359392453,2.0070508771777953,0.00798304391384138,0.014726727692742636,1.003341610047107,1.482904101579503,1.460772872689803,0.30007858516545205
fbae2b3d-fee2-4eff-999a-901175ac2c1d,reestimation_v2,10,1,-0.702677045508563,-0.8443063887532856,1.2475843831893036,-3.9331435892289766,-4.125349043117774,2.177388661553209,-4.123279902515922,-4.053901229786096,1.4950432071448612,0.3601655108439801,0.6766005159168291,3.324630294018026,-1.0898053389108409,-1.0492568183854862,2.2198212244397055,-0.827464179814843,-0.9598698439608699,0.9606908145855441,1.3200169210913193,1.3102987419239858,0.22142268141769553
a9ea88eb-9c4c-4ed9-8a3f-b14a1bdf88dc,reestimation_v2,10,1,2.2927754442440316,2.3491010407478456,1.6507615641392654,8.46061715818717,8.12090435425813,1.8669484313584837,10.52655050801032,10.5126703444291,1.6595485757360648,0.9395043665241234,1.5396263166243442,2.8665286263364496,2.210860302451986,2.4779500528603835,2.178113334939046,0.2703715325970182,0.2524012332968607,0.8713159017086342,1.130373620229387,1.1065373024209793,0.10227083881653377
65703678-4fe2-45d3-893f-64e0ce9a85db,reestimation_v2,10,1,3.5313846746448174,3.893382208550477,1.4105320271058839,-0.14374391699247768,-0.16291401158268126,2.2834944389945693,2.9111567530065017,2.834990860122778,1.322909050379935,1.7066201331027897,1.851334899797578,2.1408302346192483,-2.314412318316413,-2.483077585922156,1.599690534006873,0.016505743511581857,-0.13484597580622432,0.9866710809028241,1.4884188335915711,1.5495932184967152,0.24632612118830555
a6de55e4-1106-4b3e-ba8b-55aef20f664b,reestimation_v2,10,1,-0.7064899103590522,-0.060408865436890835,1.2236839799163373,1.5166307756597146,1.3092829254181386,1.536714308850487,0.1395989243168779,0.4763672578850641,1.2525692696057151,-0.11415680720069595,-0.46019802720291914,2.3953958416771783,0.9132697304520901,-0.050740021943126656,1.8055774183654432,-0.4022453481155518,-0.9371890462734547,0.9757358700632819,1.4811631337113336,1.4582729901461824,0.2953945874892674
95b8eec0-6ad0-4355-9b2d-fedca84ffa42,reestimation_v2,10,1,1.1507509019691602,1.1012892188182226,1.3525637303817646,0.7865545837232444,1.116143582028639,2.416092781329834,0.4903425634842588,0.6140899755375457,2.1217688799158005,0.6185425185571976,0.5443341232516223,3.107533835878548,-1.182344675412878,-1.068188588732991,2.20632642607692,0.23565037549142817,0.27902580952578065,1.0752550513431476,1.440338565247611,1.327092700316228,0.30387566318108766
a30adab2-f110-4ed0-81a2-af529824fda7,reestimation_v2,10,1,1.0769008100565898,1.2531355580219228,0.9550332261143077,1.8328593850073376,1.8937792809003924,1.506256669943044,5.5549124728065085,5.1334710433899104,1.9061308529640908,-1.2681349730543916,-1.1887071662374136,2.0747102242484865,-0.39189305530183244,-0.4479954640911963,1.9024639488453703,-0.2065201698759423,-0.4489110269236504,1.3017092536096864,1.4130622471162464,1.3002457406666414,0.3358706569971447
b19e4d24-d3b3-477f-add0-92251e2ce694,reestimation_v2,10,1,0.2191297598129865,0.3314567718797508,1.0451698402260705,-1.076706345953028,-0.9806036564938517,2.50730413750333,2.0788405350747294,2.100461535663203,2.0911808596932606,-0.7666785163201016,-1.0022005492901174,2.2402799208464215,-0.681315356945588,-0.6500461511904144,1.8686436096511765,-0.6450617692808195,-0.6101738959253828,0.8358152707132733,1.4871850103161512,1.5333919533961267,0.3098711660808294
684c9bf2-89ad-4ba2-b979-a542b06dc223,reestimation_v2,10,1,2.896649996526815,2.3628470113817603,1.5304989937201123,4.594768253054698,4.522105304143085,2.5690720988155613,11.877611028875005,11.74806851930119,1.6809850714361612,6.943760270142732,6.739235667837528,2.402114811153208,-0.41909348978210126,-0.17467069425008153,1.7939175508357994,0.42816373639218464,0.412968020795617,1.144915167241566,1.3106844963819722,1.239233307331543,0.2527151100576275
956bfa97-08c1-4389-b8f6-f6ccea3514a9,reestimation_v2,11,1,1.5198244636560667,1.6111610423005913,1.3656547021024708,8.277906435746644,7.505288016691072,1.7414482958256512,7.183645798524587,7.285151846836087,1.9160065813155873,3.2849681019395676,3.1708667603117404,2.432246426843878,1.0719295366820096,0.1527090394232275,1.749331135242174,-0.07620004953704569,0.08019645470490566,0.9694151851294758,1.0728683780238575,1.052190589935467,0.0807209768250818
73d120d7-ffe8-4e88-ae38-8bad72b27b11,reestimation_v2,11,1,4.526674443588748,4.193727028370144,1.240750311659016,1.3782875805195887,1.7541527739229403,1.6791354708643333,6.1324275920191775,6.279916607635659,2.03447851041269,3.296137728929361,3.1572939874476917,1.5259109793889702,-3.48712008728349,-3.836483472453228,2.122560987312775,0.040438462766724706,0.23115202620008585,1.0401324576116429,1.2128193811141148,1.191242610387761,0.18478079916530654
8da215e7-046a-41ad-b215-1539704eaa43,reestimation_v2,10,1,1.4482834822006336,1.3019837343308223,1.3708199905710432,5.449571032801759,5.936524414445331,1.8752495357539885,9.946193572085894,9.401841725570982,1.9366501647545198,1.1149211179736351,1.098606072081377,2.5234350002728796,-2.016536185740742,-2.0251011340396987,1.8033175778205381,-1.5289887536587647,-1.7884072192819176,1.005780765384362,1.0787897216568212,1.0694304256502698,0.06026181222363982
7dc0ded6-8991-4c80-b028-c5c15a6f4aad,reestimation_v2,10,1,1.863008649120796,1.6140809274690395,1.5370039648477705,2.6662222204570383,2.7435275212444794,1.9240914257286825,6.5520419651177155,6.374442760784808,2.1313422730760117,1.4838143597835582,1.4692390231630443,2.5868132482650825,2.495240317078788,2.619753119686621,1.7582457942598675,0.32706619982759055,0.23014398699805583,1.0822982488035315,1.156647405240555,1.153052762238818,0.12333539285611003
d103f352-7be7-4829-a542-f55db6bbe26f,reestimation_v2,10,1,2.1030486492568343,2.4658342986006785,1.3444461127335734,1.6874981938573625,1.3368920550382302,2.0304834843060746,-4.699504311106434,-4.260439809704535,2.054915760112163,5.998097834240615,6.220007611505226,2.164858231884244,-0.9868954185551795,-0.9660350592082001,2.323533102363893,0.20895817593401944,0.04769622204822033,0.9267557425308587,1.0915530880565363,1.0711833420598946,0.08589454004199053
225d15d9-d3d1-4ec7-ac29-acb9dba5bd9d,reestimation_v2,11,1,1.6354855483379138,1.3143875122447954,1.2956049771207017,5.623760542312114,5.923315274658038,2.4602362981120263,6.354265961101568,6.349916700824778,1.9081444006764865,3.1917229941584186,3.113683895991748,2.355649542487277,-1.56867624200695,-1.3877175524061567,2.313177850998749,0.2476934603089487,0.13634081853784918,0.8561531239178528,1.1612481678380626,1.0851359464919799,0.1852353186496785
c124e562-257a-4bd4-8ed4-6dd70ffe06c5,reestimation_v2,2,1,1.4827156947022164,1.5541136155809234,1.693500220809793,0.6696279438896414,0.6884595352877607,3.520730733555492,6.308545156751422,6.7527770862194,2.0972906416670085,1.0262075115367144,0.7392331418452274,2.7115859127693116,0.8135185196496095,0.5519211441528258,1.6625990080951547,0.01654883010317599,0.03506069682947244,1.0091376781256656,1.4789210232576457,1.4745312564260618,0.26759791215842704
be129775-c770-40a7-af87-124a667d61d8,reestimation_v2,10,1,-0.235118695713146,-0.27721953094642426,0.8676944217244226,3.4550910993527877,3.284304156830408,1.6070211375432033,4.473985959883685,3.904782949523778,1.6699119737479617,0.1389332510527204,0.10795689138019515,2.5467196097111318,-2.2108492706820018,-2.0453215849013153,1.522018103311983,-0.07296240414466305,-0.10967641096281255,1.01614907040268,1.36434293250234,1.2920698294334865,0.30478850801708157
37dee9dc-19cd-4d86-9c23-8a4fc8eee913,reestimation_v2,10,1,-0.656019282545271,-0.6385540038691826,1.1294616289613755,2.109078174703587,2.451107419420056,1.6400295408340873,1.2313523321824984,1.4184045742795466,1.4643717988140634,0.592478062203068,-0.07643683802554291,2.8754237450561093,-1.5046380080847175,-1.2792989040198117,1.6024306399037622,0.07427015521835076,0.07015496388562403,0.99985560390257,1.4722213321419286,1.3898072805912072,0.3320705981067643
477c6e9d-cd58-470a-81f7-a4d733abd7fe,reestimation_v2,10,1,-1.5278118892378516,-1.5693726965352612,1.3771453697534584,-2.7848034606153824,-2.7975036252500636,2.8002369631794513,1.3329810523970536,1.0359801714401664,1.4754182380968535,0.7500700904352604,1.3652746080452416,3.0470958461113113,-1.4829898064476479,-1.4423665961982934,1.7143498763135696,0.30007389214165137,0.026373048182397038,1.0203794779136235,1.5695098432658925,1.629592097221713,0.2826290927878493
943eb25d-c561-48bf-b884-b8ac4c9f939c,reestimation_v2,10,1,1.8150178607546765,1.7269416502657353,1.4309656204768448,0.3530959142932062,0.5164588500115848,2.0866728034002073,2.761408583165268,2.787260632140891,1.9360237055273177,1.304472494591658,1.8189399348951083,2.641533014817818,-1.922307277186229,-1.939965392215676,2.117137672260089,0.5242822453686818,0.4951778877583898,1.0659803080402737,1.4634103233764373,1.4270783707383228,0.272865479023242
9d8b7419-d154-469f-b0ee-6cbdef5db7f7,reestimation_v2,10,1,0.5777892747909096,0.7831858759160812,1.032650306806476,-1.6662465172936471,-1.0259570087116212,2.820053273009153,2.8674834887188,3.001813741232714,2.3349146710178865,2.438634106173081,2.149266466619312,2.002366098276007,-0.45330847406966884,-0.250785724471023,2.059798468616894,-0.6442337282322559,-0.6126840141293552,0.979377714741769,1.4800120894346287,1.475608549994623,0.2753767072195441
22897105-967c-425f-8cd4-57829edd7a42,reestimation_v2,10,1,8.533933487171964,8.875757689947017,1.2148255691777368,10.429908145189529,10.487611826597654,1.9439410756582582,12.354148935742261,11.684249456468955,2.0931522299688172,5.523169498762655,6.949353211936009,5.343481582051386,3.2417668385407588,3.608794656684074,2.3004011066732386,0.49276334279264694,0.2738645705012541,1.1710443862766213,1.077005896931781,1.0503316989235914,0.05786168253657127
7293a454-6a98-4385-bafa-53ad20dd65ca,reestimation_v2,10,1,4.722461123982779,4.73782896274801,1.3163484408980524,0.30937897648482154,0.5283471991968555,1.4738887435177357,3.2743387160087747,3.450527214993161,2.257301066920647,1.8973796306455901,1.8458031620123505,1.3407606882567566,-1.1641711147763723,-1.0313043047161354,1.9650922566452897,0.5219741223568843,0.4193339996488934,0.9599063016467891,1.4278312693324937,1.4193940550492714,0.25624712981087355
f4049720-1de0-451f-afe9-b43e9a827d19,reestimation_v2,10,1,1.0489821707412084,0.5176495309116755,1.1563297508232258,0.36587234680953634,0.6613993711691997,2.1489236237318523,0.7808053487500296,0.982023417726507,1.8914838174074282,-1.1688557040763428,0.01785004730434636,2.1736040820660696,-0.8048187752578008,-1.1204536222443147,2.130403349636061,-0.2931618395025918,-0.26262512735104854,0.9484243462686862,1.3919044884700358,1.402706001839389,0.2666376956766208
8c609a15-ad9c-4e2c-8cac-0253d0749c6e,reestimation_v2,10,1,8.785765677714968,8.629609079994475,1.2972681598763616,13.065209778881627,12.929905001783135,2.051426052462503,12.86781716957847,12.795018525362467,1.4476259580344129,9.895113768076143,9.129749220483731,3.119576691089682,3.8124919132916015,4.045119990062418,1.6256240211204396,0.42170360980202803,0.6833711468503043,1.0592990927522032,1.3301989668047365,1.3176002499836232,0.24527254543992102
b019d828-c09e-43e6-8202-2ac7f1d2dfd9,reestimation_v2,10,1,-1.0878183550984772,-0.8229249145213479,1.462994849485727,-0.1803264318661948,-0.10810787801434518,1.545128690967113,-0.20247711038017774,-0.4025636911121979,1.8482580171075558,1.44728154270979,1.8797576128890974,1.901534463990551,-0.3392330611966248,-0.8155213383201694,2.6251752056962063,0.6005471397271781,0.8730141572362273,1.1939294450922835,1.2753727920746074,1.1793944213529077,0.21175131586565507
82770534-5827-4ed6-a771-9d9dfb6e497d,reestimation_v2,10,1,4.340519587285123,4.370911260714726,1.488222931475853,-1.677064040247746,-1.299780235390049,2.6602224037687594,4.310187386976474,3.9121053102821506,2.3285987845172573,2.0936732077604034,2.1955047519494553,1.4196683605359601,0.7052158091899668,0.5737606060833822,1.820825288680656,0.7754169967189182,0.8149212694936248,1.0073733362710828,1.4484896682585613,1.4716584883284627,0.28359131648431046
b32d94a5-6f80-453d-b765-d7ba81f0e215,reestimation_v2,11,1,0.44868057444915604,0.2862605689882881,1.215616531430366,-2.7041023093570264,-2.407031722439415,2.4789674565130904,0.281599609282837,0.05656125050288996,1.4873854485983964,1.6826933364719059,1.3025424030480726,3.285307192747854,-0.7679713817576465,-0.49307633958624963,1.6802465468219057,-0.9193327150425186,-0.9170699216663867,0.8619985172041921,1.5708636711739887,1.6521802615321923,0.3054619783540202
e2465f2f-152c-4546-aa07-9d4a17d42fbe,reestimation_v2,10,1,3.6949344087457763,4.094507384260325,1.6232401993156653,7.758742153658589,7.496121702701199,3.0414488747920525,10.844497613924272,10.412937658879144,2.0086794036457234,5.774529452701335,5.732640405016329,2.3745535598108303,-2.1993628495847943,-2.0215950938990472,2.1180428939701246,1.827763955524304,2.0341001713193196,1.2206940744812431,1.2092450186621926,1.1559158120945214,0.18734535398650634
93fbee80-32a2-4905-b7c5-51158cc02704,reestimation_v2,10,1,2.093930747386907,2.0940523917820695,1.487609463860928,-0.46446844993628367,0.2620403803655969,3.523503608483949,6.022505868254906,6.043205898652612,1.9920741298611992,0.9989113937228405,0.7895799234848484,3.10026655577193,1.0884321494690385,0.8807860005971717,1.846861232195174,-0.11929883848761767,-0.059665629669381604,0.9563694386499831,1.501266762976053,1.4904099919685916,0.2906102525308781
12517b71-7fec-49ba-9baf-96617e807edb,reestimation_v2,10,1,-4.362634727050169,-4.398752945592976,1.8137307127758084,-4.8520724558817,-4.436425983575753,2.3347656804236445,-2.410386594107001,-2.7016536262547683,1.9310907626289997,1.0801746797742477,1.4395751686820406,3.0048170470715827,-2.274815906568997,-1.8369305864574532,1.8575613045381913,-0.47253997022550104,-0.5489143607650506,0.8542988571811613,1.420956281265346,1.4185839529490218,0.2399031489418332
7489bbbb-84f7-43d2-9a7f-041d90e4346c,reestimation_v2,10,1,4.717350983611435,4.754661154714949,1.9620472169863374,-0.3556023235437975,0.4340705785787766,3.1866954250319903,5.454376472616196,5.453580512308913,1.8389982950621124,8.049807071640988,8.541264413500766,2.0093108790774488,3.3110800676238155,2.8880769688536345,1.8849275963100134,0.03333155201054194,0.02317713487773143,1.032378322630265,1.4796123511214878,1.4423851839359352,0.2805409387482065
de920f04-a1ca-444c-92c8-cc3edd4eb03b,reestimation_v2,2,1,1.1414538349465144,1.2932609687996135,1.6817242801810206,0.9538869199488008,0.5820564772942252,4.003007312459402,2.288414212198893,1.9730390065415113,2.5060109041063967,1.9817742564367988,1.9048235391734902,2.754728477624197,-0.40604305037333066,-0.42504144889980977,1.8036288354863694,-0.03876549158311228,-0.056972933032882755,1.0073950801706477,1.5081147076290804,1.5116229125909246,0.2824712189926722
133ee09f-974c-4e71-93a6-fa327911347b,reestimation_v2,10,1,1.7797234622868106,1.6687774685095935,1.2678143055629363,0.5142114738407465,0.9574193461148585,1.787136628346983,4.4936090306851835,4.185279329105099,1.7727340761210066,0.06311616008463602,0.20894898100832693,2.1928631508284426,-0.9537562371946696,-0.780602719063069,1.6315352486341803,0.605136473509878,0.8961982206857848,0.9679629757825744,1.452221796093903,1.4200217245071263,0.2060723521018102
25ceabfb-a514-4ac8-8f0c-0d225ae1745f,reestimation_v2,1,1,1.3102880577532814,1.2248277736508317,1.470486935233602,1.1408087932109465,1.1901511309846544,4.124661298702638,0.7789938476386068,0.7974271190067558,3.1206050358076167,1.1233693335235704,0.9280291482515226,2.966465057826091,-0.9989894498508016,-0.843839016915175,2.0808853647391925,0.0229278940366819,0.06567262893123887,1.0097880969560324,1.5189829897343319,1.522963609134948,0.30327979020777746
4e1b99bf-1ea8-4903-9f10-f2588350a087,reestimation_v2,10,1,4.499962691939717,4.696905180222125,1.5544334436157679,8.546650473558017,8.771006294498132,1.94732775618001,10.192308276409214,10.376282587730575,2.0555521972381583,5.421646569835395,4.908615261663693,2.6758236866568486,0.0038949012070160537,0.09250461664087994,1.515536869143388,1.09365934935389,1.1137588325105248,1.1080295243472371,1.2645165172893893,1.1884859742518519,0.2721029388708764
7d67a1f3-c334-42a5-94bf-2c21dfd2401d,reestimation_v2,10,1,0.4386047049230461,0.9004212482118041,1.611617979080251,3.748931844378615,3.946232597814998,2.2682115589350818,4.690956277390175,4.988127984054059,2.0209671762316423,-0.16846887291643453,-0.07331435660578123,2.918005411973656,-1.074959276888031,-0.9732122391849249,2.2212764442440283,-0.3149719256432822,-0.22414943669053067,1.0484064193565714,1.1199185095725086,1.0603602918397075,0.14798888299483076
9928f489-5959-4b26-ad50-71c15332d98e,reestimation_v2,10,1,-0.46302058724901435,-1.073319283261719,1.609086234229107,10.480962428543652,10.807500586925556,1.8504374863048911,9.86792202522187,10.197611684314747,1.7163507730569163,0.16830810648251318,0.8322766220522064,3.67342583769406,-2.378813041799327,-2.7069209897691353,1.831271646499075,1.2545630633880225,1.4757372393331618,1.027175059539258,1.35567439431914,1.2401603355901019,0.2646773650714792
ca2cd527-a841-4a9e-8a2a-192f53968b12,reestimation_v2,10,1,0.48565911737506223,0.6411507054186543,1.335790581490956,2.546229174458923,2.3685901838467123,1.6496932910350646,3.081718890882386,3.469809618822546,1.8731402115992197,1.0965253158725448,1.4363686812953467,2.064135140030895,-1.891635845559845,-2.0157910268932566,1.8842153890671915,-0.5779187527904722,-0.7444538652348489,1.0314390965173659,1.3577901968952202,1.2532009666790862,0.2777897004929539
58a7bff3-d175-479c-8ff1-f6ba95e5248e,reestimation_v2,11,0,,,,,,,,,,,,,,,,,,,,,
c9a858bd-2fb6-4d3a-ab0a-cf608e6d5a7f,reestimation_v2,10,1,0.7774657794474622,0.673432843295996,1.4076747912663186,-2.7433623230800013,-2.9177491981682717,2.6201605138779915,1.2061259313698145,1.2878023277877724,1.8101399881594402,0.46052019972423397,0.18662195852870678,3.2253402766595793,-1.167050856021954,-0.9922835855069578,2.07140592129655,-0.3574837408708458,-0.48907613044211357,0.8844069570619288,1.5071845026550228,1.5721010525559127,0.2574093397011868
f04ec9c6-0300-4e8d-84a4-04b375a83346,reestimation_v2,10,1,1.9714767358228205,1.6719314858034675,1.3290953469258064,2.1080110268065053,2.2407719113373634,1.5738742819947276,0.03887324946994537,0.3669605029685409,1.1244736444525425,1.9826060545247988,2.9979238811606073,3.234035871102275,-0.7086508287352514,-0.6183276165855802,1.7185642909329524,0.41431990953211245,0.43934230129977986,1.0081390925319036,1.4484512348011527,1.4007042229405755,0.30301628652612594
279703e0-6151-43ec-b539-413a6a633fb6,reestimation_v2,10,1,-0.050430173796651115,-0.10625014200468086,1.1921222169323875,3.568254148071393,3.3500397019226487,1.7140550110735875,3.6551074652829354,3.68351053713533,1.4123695296840446,3.642535571436945,3.2355381422660026,1.9083050161369992,-2.5635548475108783,-2.456769502472507,1.6369570552545232,-0.10254410937868966,-0.09514394084936661,0.9509340258773945,1.3696077705657563,1.2517819282237173,0.31931779061891363
2ec61c68-b3f4-43d2-8f05-beec21b3b9b5,reestimation_v2,10,1,-3.0925270590453455,-2.9313364513834816,1.6681097299454384,-3.8616612891067335,-3.802880515964068,2.4725411587446118,0.07247130062944415,0.23185598217639974,1.9528472558586272,0.07669489621286411,0.3482125129749103,2.6644891857528994,-1.5367870607045833,-1.5720994435064344,2.2684533043048845,-0.45791294523663145,-0.4820031303105125,0.9254717325841039,1.4603495395285666,1.5139540729715337,0.292989643575431
60873f5a-e832-48e9-8a42-a18b0cd0dc52,reestimation_v2,10,1,1.480955966310048,1.0551478084894013,1.327033585455363,-0.477609857500536,-0.24126608094918822,1.7775670326505488,0.8107629830157477,0.6189730651287912,1.6016076953272091,1.48237919780001,1.3977690104833917,2.956153626256927,-1.3292927618508052,-1.2651278867981681,1.6733459865372082,0.11247998960184481,0.13826573415140658,1.0099846717793666,1.2874265047977587,1.2122474444040527,0.24758281520073286
b79be6c5-40b0-4de8-8bc7-40f4cca15c83,reestimation_v2,10,1,0.6040910645676786,0.8550745750824696,0.9984692902767496,1.734816181566882,1.9567541583242747,1.534681277904399,1.0137954540177176,1.1738770363393831,0.9781982807051929,-0.39975917785707343,-0.11061308955606286,2.754505399876163,-0.8620384609603119,-0.040176303805938174,2.6472296794232277,-0.44884892578598645,-0.5108971326104507,0.7818880613473492,1.4010678957307703,1.331468992474211,0.24096708299861358
94ca3220-df55-43ed-93d0-5dfc2d5bb098,reestimation_v2,10,1,5.058845144082703,5.477688788309491,1.7718214438866633,10.07674640943503,10.44362758711316,1.705808593123131,12.604035778030104,12.33691471437918,1.4727846261087847,7.873623676629758,7.511862140839815,1.9226132576768193,-0.5635913196995267,0.171013258385043,1.969879686769934,0.22065367191272345,0.33402193915658335,0.8754836220831956,1.2756082552229546,1.1813249843821916,0.24169927127114144
3e8feb58-2f59-4b7d-abc7-cb03ca3f912d,reestimation_v2,10,1,1.3069913942583762,1.6226703703242942,1.1935404366028874,0.9643717747991819,1.364016544174187,1.9246818995843185,-1.3970074715917449,-1.7444512246262427,1.7929868640898388,-2.5009347984204964,-1.9949418116550803,2.025897090106688,-0.5747864930192854,-0.7560759586257146,1.403524781506628,0.06343875465024822,0.21195773673299034,0.8182613908529289,1.5411510490744007,1.644713889839337,0.2649698818595712
9e063e06-503d-4c17-8153-dd5be18561b7,reestimation_v2,10,1,1.0978936911223165,1.1810703305092596,1.3384194754877916,-2.9861327465051852,-2.844254493295411,2.517407466637037,0.8552568875460671,0.9939333003234885,0.9279259862478134,1.1399192681608448,0.7876740785736032,3.2396086561018924,-1.5243740100062786,-1.4007877545017675,1.970349819151212,-0.014670412056020564,0.18953225415715597,1.1160481081065954,1.505724292265547,1.5871614009835238,0.27974390031140334
68b700b7-f3c1-4813-8410-c82c281fce21,reestimation_v2,10,1,5.345485649689913,5.17660852628558,1.546569169023467,2.195739873593725,2.615060008113079,1.7999953906701711,7.13557250980892,6.725009470840262,1.7810238335959,3.0715841485328013,1.9553737438311383,3.8028998990461034,0.9704562391777701,1.1506949514406273,1.7106374566901343,1.1812134563398553,1.3567756279912353,0.8149567313748408,1.569330898698124,1.6694068979137737,0.28300731024505754
cc1eb8e7-97c1-4cb1-895e-9a1d3625a6d9,reestimation_v2,10,1,0.474083656147318,0.6290773949209795,1.2934931333532287,5.747121239257639,5.9833148922336825,2.1664525373537558,3.2821020607857005,3.6446380545914447,1.8608433202976824,0.28338082993490243,-0.025023015950610183,2.8613077290185696,-2.335151750679331,-2.4637403694563202,1.6254559792079775,0.07263483072847121,0.2670762769829097,1.049290419305014,1.1031856316712378,1.0770532263499224,0.10486987105653964
d4101c7e-9f97-4491-b990-5a3d3479970d,reestimation_v2,10,1,1.7097119779245116,1.5214947277157511,1.4512322347876685,-0.5028743793087056,0.12354563119047302,3.411742318420949,4.346151589908066,4.3130606778951455,1.8562965382169974,2.1626196907134334,2.1227061140430274,2.4001995016797393,-0.06809696098221098,-0.0566226083092678,1.70487391976797,0.10837699502077291,0.18056093302718243,1.0358983758007525,1.3705067768898687,1.313611519432207,0.29380955394350783
695eb992-7fca-4122-94a2-1e98b4b2768a,reestimation_v2,10,1,-1.532591144219207,-1.7129954271357746,1.3764900260321737,1.6985130792373795,1.471038691714532,1.6321521131613883,-4.8678113172286,-4.8333609524712315,1.4937670246528045,0.3177912865191357,0.2721891473579956,1.4804955101708641,-1.0654889237378609,-0.5300186930179733,2.972619111616332,0.041267711714888355,-0.06241264899478691,0.8569268212254088,1.3569181874947727,1.356225382541145,0.2555838398950783
f7ca90ef-7de9-45e0-a20f-1f117c2ed1aa,reestimation_v2,6,0,,,,,,,,,,,,,,,,,,,,,
c635bfdb-659d-424e-8f1c-b7bd8743d875,reestimation_v2,10,1,0.5049452449685415,0.5823938862086212,0.9264587366137488,1.555564534328453,1.1202591037053082,1.3740280860848313,0.38089654687128577,0.15778373424844883,1.471551310379536,1.0320994964337034,0.918108107502408,2.1468187649561528,1.1437384971529359,0.865916804217828,1.0932212915998218,-0.07565118386311735,-0.07627875381860266,0.8384792903260005,1.3927838407082942,1.3649416843718323,0.2401492180966721
de843471-7c6c-4049-9cf5-de1cbc4640c6,reestimation_v2,11,1,1.2383460238064574,0.986840380827406,1.1828331225337663,1.1610297696043712,1.4448359067412548,1.9351562454585853,-0.06787507909562945,-0.2997205520651549,1.4776293834137728,-0.11855970908056294,-0.4506045925934099,2.490327581365242,-0.498279074575158,-0.42507975795004604,1.4285879199272609,-0.13052554555861326,-0.03217761518988211,0.833152910828328,1.4045138653087141,1.4151984161763367,0.28916270457808335
c95f9a6f-86dc-4674-a9f2-34475e7e35c0,reestimation_v2,10,1,5.671417240348448,5.6883820877356905,1.4138682532575026,3.6644120637464375,3.582951217964756,2.202856151104665,4.8008319785183895,4.51509763106681,2.306231746266779,9.267623098957221,9.251185204306687,1.6494441553378851,-1.4574120401598434,-2.387619476726717,2.3891884595577952,1.0446181565323298,0.9907115266893729,0.9359579006654282,1.206050988877795,1.0924655377566133,0.24198977093230398
bddff5ad-bb95-4271-b5f2-f80e9ffa3974,reestimation_v2,10,1,1.8735576312431135,1.8761115299411224,1.3327063527678327,3.2680361661219,3.27781276385286,1.4968616115399414,3.5428057990061106,3.1198840463276367,1.6853251487834275,4.308446290014372,4.20626400148529,1.650050863385479,-1.2443191064776675,-1.0569430503197226,1.9384825597271553,0.18407876061923606,0.27122387356486444,0.9971309706224748,1.2958089388262262,1.1761249879568578,0.23987616170679257
96b6ab21-2453-4749-86e9-527fcdd9f02f,reestimation_v2,10,1,-0.23036485207158222,-0.3082084020977339,0.831616070801229,1.9778707012942651,1.9547151601023969,2.6805835821042026,-1.5754979641116824,-1.2337708787451986,2.0506753553975128,1.3478437917353059,1.4258751552882682,3.218253022335734,-0.8496920506348499,-0.8176818759908593,2.0495680836153816,0.061274888847470364,0.10533500097851844,1.0332687588890839,1.3652569905381449,1.3260700726177497,0.2812202298797088
6d969b64-d155-46d6-bb39-3898573437af,reestimation_v2,3,0,,,,,,,,,,,,,,,,,,,,,
4ba6d10b-b1da-4fcc-a2cd-00e2d58caffc,reestimation_v2,10,1,3.076258062680998,2.8174397037477457,1.5052418522686701,4.343846935576861,4.162431297722196,1.4975997492996285,3.4904348117253385,3.7640048203022007,1.399450101372837,0.48202774944592147,0.31371861036229065,2.971281699508873,-0.49647114154959743,-0.5121053267129079,2.3760596404669347,0.11562680051294946,0.28158754129711305,1.0077850379582554,1.3600985293143382,1.2963904835451254,0.28787291486525124
e18a8bad-1bf5-4aa1-8ac4-3edcbd5d15a3,reestimation_v2,10,1,4.455229010808655,4.022772916739644,1.8284254595052014,7.5949710181696455,7.382828838664987,2.0063133799284274,8.126308372406713,7.735279738728173,2.1550809075340664,1.7394857561477457,2.1810487126596554,3.1166571121067768,-1.077357710770691,-0.7653825357560039,1.7813662167170212,1.3945785301674822,1.1819221803619406,1.0858740119168078,1.3943392292276977,1.3227890638801674,0.2814522200771538
754a20b4-a814-4112-aba9-0c17321c165e,reestimation_v2,10,1,0.5804311898299548,0.5454062200132537,1.0117342571693202,0.1200714492033263,0.001501943309592968,1.5101666562565175,-0.06619602736561005,0.1828684340311364,1.233428394150252,-0.19011167356180814,-0.1688618768660739,2.5032840807975574,-0.8464769124099312,-1.0584621928282365,1.2044769810258185,-0.48924294596129986,-0.8770648120013771,0.9368925967877807,1.4451561860314195,1.3549924030583371,0.27956597869744976
db281e5a-3a69-4d57-825f-8e1513018ae2,reestimation_v2,10,1,0.2648255986848977,0.6027279929267844,0.990147716256218,-1.2443930076195096,-1.1427855393191444,1.418657265192347,0.011543318151018844,0.4101361483272281,1.3810235389265997,-1.4688429199475108,-2.183044871522827,1.939330864119724,-1.470465695812017,-1.958554130679555,2.3310005367520823,-0.49035987343000687,-0.4714762065876086,0.8043629120194603,1.4514904923541825,1.4485533972709743,0.3151021858253868
3559e1f3-2f91-45a6-8f95-4d41702995ef,reestimation_v2,10,1,2.691024177429361,2.403615782651343,1.6437208134694274,10.649934921181881,11.127300311374725,1.9816469832371366,10.791424862214706,11.73914322255106,2.3669550408322584,0.5977984279151125,0.3360690963282842,3.3500078314666024,2.2279760731802782,2.512265528384299,1.7156089823926721,-0.10378163525962689,-0.30963495817414205,0.9424569223019416,1.363097594363496,1.2796269286697965,0.24257862115743825
4a2d8f41-1b5d-496d-85d2-ab20847e4a50,reestimation_v2,10,1,2.584389886677923,2.4904341436244315,1.3464837001669703,-0.05655910091804591,0.21369692720512878,1.8498871129430228,5.5598276543154075,5.467014224946893,1.8501727646167883,2.13475748873989,1.8821080843125286,2.12001044378107,-2.2324222725747758,-2.7485235921598283,1.8369067527186322,0.2238805553358899,0.07932703010370618,0.9305218614353714,1.4517997052208738,1.441239459492985,0.2491513296878791
48283d43-e8c4-45db-9283-1703f5c41c68,reestimation_v2,10,1,-1.624955330723448,-1.3250834735312762,1.282797934729485,1.6417755972587005,1.620504555268731,1.4277993009376928,-1.4210769591136116,-1.4445690863392455,1.3704784801828103,-0.3471446761686071,-0.2611659253576084,2.534092407204754,-1.557638179336035,-1.4867154260928808,2.223939009997161,-0.5889580682519265,-0.8285956624807336,0.9589562999756385,1.6164849942949733,1.7268277488082617,0.28408437375099743
8337ecf4-acf2-4ad8-987e-c8176a4b4712,reestimation_v2,10,1,0.03887356647579598,-0.23991709522397509,1.3964175008302875,9.430582373091786,9.572772630628561,1.7458581961634398,6.24004119483652,6.599514584248137,1.7962951490230623,7.860049310336753,7.664150277139095,2.087614133419079,0.7909377655996068,1.0915565811073589,1.65159496460641,-0.201129992863944,-0.09523567263404384,1.316554574207344,1.275367030084373,1.1773513488221998,0.280818150368777
8aa93645-278b-49a2-b70a-d7df59ea51d5,reestimation_v2,10,1,0.3565659132798702,-0.07546216685055462,0.9605072060637708,-3.191577406362236,-2.58898508060728,2.348209978012715,-1.4906242075468847,-1.6262259041909548,0.9487445288788849,-3.3690804561020733,-3.0327506875110597,1.9127954248248418,1.1382146295300837,1.118472294156871,1.3273732554124034,0.03198048737307941,0.07637324533652762,1.0489469522748962,1.4890569105212803,1.4973600845767425,0.2347011069951579
a5a49d15-15dd-4c38-b825-68542ebd4e81,reestimation_v2,10,1,2.488735420278895,1.9305780013668241,1.634478887409474,8.245911696242215,8.223274876041206,1.222453137627758,7.7504699045347225,7.854863763714325,1.713545337324407,0.9155662947810862,1.2120889273972568,2.7428155793950446,0.3133740221104939,0.11799310423060305,1.4981811968144534,0.02059576306831666,0.05013762109687603,1.0103888903556393,1.3768217282219772,1.3180857489717295,0.2662664136510983
e21921b6-c2f3-48a9-978a-95b523facdbe,reestimation_v2,10,1,-0.9414400351393105,-0.9625330230640136,1.1044571601200845,3.105591321092178,3.166536396968427,1.1355255620279687,1.4236811014088755,1.4175286659019235,1.0703269145847405,1.286022407295923,1.0645444439015357,2.8250243950411345,-1.6790908830774351,-2.102223186214423,1.6182820544080794,0.47493127477992914,0.6379129844082428,0.8886089984446267,1.3159062162911315,1.2321046457417624,0.22654727851411055
43603537-9bbb-4ab5-93d8-208e8a19a32c,reestimation_v2,2,1,1.2250285693590475,0.9925690404474808,1.6018550105665161,12.381210042032999,12.555522615818653,2.066143073860982,1.3182078673517335,1.6928317197535647,3.2917020751961124,0.8660715218277539,0.5506953519402622,3.1687622433927505,-0.6969533240929275,-0.8475144996037782,2.071241164217848,-0.009921367758443682,-0.13682895521464078,1.103913888787441,1.490931771781341,1.488043963948966,0.3140655261942776
3e057411-9b17-429f-a543-84ff98973252,reestimation_v2,10,1,0.42957635437288116,0.20878743982172776,1.300696653118674,-0.5583948152353934,-0.3524567589661054,2.3373531231164804,10.238664227561285,10.644069893963028,1.8251473881966735,0.19369155186357348,0.3654705352495782,2.5264166308405023,-1.2421384369395858,-1.8337108038511394,1.9413309564333299,-0.2314917357510467,-0.32327366559208953,1.0766774769131289,1.4402103914914888,1.3477199500708157,0.30599950275413074
5598507a-9b5e-4c5c-95fd-aefda135fb85,reestimation_v2,10,1,-2.2128853208712504,-2.3870765892784798,1.6554494670610818,2.521520476372722,2.861796095384107,1.481968726283368,1.5202517352741414,1.9657929654871182,1.2093699370223314,-0.6790755999109587,-1.5595286290933792,2.321620695721874,-0.6175377140398158,-0.12098878640934796,2.111469594677827,0.05784110615828334,0.11577381567087514,1.0312434825808707,1.4154589071884516,1.3651433479516768,0.23063790856718097
fbb0320a-3a15-4dfa-baad-e8f63cf8bc8e,reestimation_v2,10,1,3.361601530871064,3.4114120349742265,1.4591104880557355,2.897274888104345,2.9041948616473636,1.830055195017199,6.132560701913485,6.694117489454178,1.9060457216975888,2.3098329894092973,2.0211729238586726,2.143738892359064,-0.30478413289742906,-0.5204385372436049,1.930911988585803,-0.5127313659877017,-0.814423046991974,0.9547561946511732,1.4157894555771537,1.3627864039516269,0.248837998475344
6d5db3aa-a966-4242-90e9-af8196986149,reestimation_v2,10,0,,,,,,,,,,,,,,,,,,,,,
adcf213a-30fa-49b7-a469-542be919fa43,reestimation_v2,10,1,2.9582434754514204,2.730655327553238,1.4463711894412483,-0.8623957443179796,-0.23443030982853685,2.8369036816121618,5.938814970821503,5.78070487126546,1.7461174998044175,3.3865162203429833,3.4110072164668854,2.301665164489859,-1.4276127041850555,-1.3916883428023237,1.9950239704026875,0.7527519354668535,0.6982474605250165,0.9672558668090746,1.450331564897647,1.3982925813983527,0.2717762107890485
17da130b-d2f0-4a83-a83d-10b7a9bf8915,reestimation_v2,10,1,-1.603179588621772,-1.2259760345984994,1.645538677421974,5.58246715043116,5.820674018187969,2.2295418119010915,6.263404605687666,6.476953487612916,1.6258083339050806,0.7819596988297847,0.6061324029196589,3.467705661623236,-1.8339750294418846,-1.7596376095575765,2.041012966676824,0.2870936625658949,0.6033501140911773,1.1582640276081446,1.2252197321770406,1.2053178584987534,0.1673274782538464
1fc62751-1a08-4e32-a77e-7adc311a1970,reestimation_v2,10,1,1.9541876057492777,2.1721292977961824,1.384422431558852,-2.2560245743250418,-1.814681991871323,2.969012201252106,4.479270537775493,4.299321929675445,1.38668940617553,4.173374380574533,3.8122020648899717,1.9948770105003621,-1.4151732551589973,-1.36233704648027,1.7623046604043837,0.470377305834852,0.6493112172948724,0.9100748915528472,1.5333544342221748,1.5784923918283325,0.2922354784464809
79ab2a14-9c26-47d1-9813-6c8865e77282,reestimation_v2,10,0,,,,,,,,,,,,,,,,,,,,,
6c3568a4-6422-4e09-a393-0f1c283bb34d,reestimation_v2,10,1,-2.9862803501529163,-2.880377356996573,1.473224367300541,-4.454041729742969,-4.541109846431214,2.45703610328181,-1.2919881434190228,-1.3634228085026936,1.746591866653594,0.8592701630232543,1.0206698381015284,3.233780155193844,-1.5004686112499224,-1.21186376842858,1.8947381871901856,-0.5270744539576019,-0.7163241539201665,1.0269061012847776,1.4844109999703556,1.4492406440249785,0.296952632184865
cfe68ba4-78a1-4602-ac85-d0648411763e,reestimation_v2,10,1,8.546503202565468,8.4741991460975,1.7441120075493666,4.636196796227372,5.245106301976553,2.073322367989163,11.134161374650384,11.024417515966505,2.9934702857027435,8.734815918459184,8.929650535744269,2.298491156336566,3.3448492645797088,3.129879356984795,1.3250388738467873,0.2804313119835718,0.17100680680376612,1.0209720152481303,1.3373417404465535,1.2890518665351467,0.25291107707118055
09b2ba6f-4e81-4d48-a159-fa0ade654451,reestimation_v2,10,1,-2.7474134558337266,-2.3885225798173115,1.4293089519315838,1.8476671468536205,1.6795814940967402,1.8253701581112083,1.484378620515453,1.2302762645697647,1.7946099298747948,-0.38342894662445454,-0.4554484427498342,2.9851292979486943,0.7267373397516299,0.778513234587088,1.7248440931132676,-0.7418368713773823,-0.5862386405442251,1.16741345876026,1.3287753494159953,1.2298034506228959,0.2622265033287111
8fe51c2f-b65e-4e4c-afb9-6d82ede615cf,reestimation_v2,10,1,1.1987409956509016,1.4230199852560927,1.2027581146940363,-3.6706936269934434,-3.5796528364427598,2.076021008133668,3.8362475556163496,3.3339800808993987,1.8165734568910463,1.046644638847622,0.3699347373383626,2.660264348840893,-0.0007103633658352066,0.1983029102456083,1.46728551043351,-0.25668007975911916,-0.22011320281388924,0.909878668854898,1.4910716068575465,1.4255819165215,0.2983327793664007
604170bc-e3cd-424f-bfa2-f7dbe6dcacfa,reestimation_v2,10,1,7.070030177893111,7.183005117617242,1.3624264193350073,8.279716187971237,8.858613446422597,3.489078114428225,11.600967928561138,12.097367219042729,2.133830567843299,6.083784115739106,6.4275402039541945,3.4251245605373186,5.147139093472546,4.983507007408193,1.4748792090734335,-0.2997970282897522,-0.6409391752561111,1.2144719480969142,1.208331657327241,1.116738873143514,0.2348181847310732
d7ebfd59-1488-4edd-af9f-d395a721a14c,reestimation_v2,10,1,-1.8045118386705548,-2.016169678649238,1.7571025683894153,11.613036242222105,12.275579722447373,2.807309805216021,6.540676047950551,7.35171429871558,2.229359798811252,10.679706359376443,10.759400234312821,1.9238267301598582,-1.2349490558525569,-0.7521981787787424,1.932703662360903,0.22341412486733012,0.18367877435194865,0.9517525769361754,1.2628219485306014,1.1594676404969513,0.28172047531345995
afa8e7e0-fcb5-4c00-9c7f-2ecbdecff417,reestimation_v2,10,1,0.9885476686559271,0.7975220706905914,1.01014556835769,-2.758319109679087,-2.749039451517065,2.586227043176222,0.7214370474667149,0.7513756040265016,1.959119750740114,-0.5694508123013499,-0.33337442030144004,1.5960825700524353,-2.3970167704652487,-2.317911912251046,1.7490375810383127,0.3040882609442988,-0.006920485389326991,0.9282059629538632,1.4117457451044715,1.3444908576014305,0.2770231611168226
c08cbc43-5ee1-42fa-bd23-cabc241782bc,reestimation_v2,10,1,0.0621885704857066,0.1254234271028557,1.1070747213810497,4.742436178919433,4.555493980817441,1.6254633775998217,6.802542698435177,6.87906990572476,1.3148991929857372,4.597014738700907,4.628258248740114,0.9743561172864865,-0.4305555499939623,-0.3348295379433732,1.9595972125038184,0.1379933895963237,-0.11977664918716502,0.8556241727580731,1.4492563575720283,1.4638659205576854,0.27979780901347173
2c55a073-4703-410d-8f43-89935278e654,reestimation_v2,1,0,,,,,,,,,,,,,,,,,,,,,
f1c0f57d-208f-4c15-ad96-85b300db96d9,reestimation_v2,11,1,0.1672304419163001,0.19996319660541806,1.4102567310104699,1.1054831592566163,0.8541353698079794,1.7155351987422678,8.03765740456814,8.36607782192003,1.7720663625380646,-0.7774471165520949,0.15075335505857645,2.9202714714132605,-0.9326827724792486,-1.0185954485218542,2.3173289383240046,-0.3720249193745156,-0.32220813782652236,0.9524326481032277,1.3583454950700813,1.3261402415895895,0.2712849787563939
2976d8f2-f444-4c03-ad8e-9573f3fcc280,reestimation_v2,10,1,7.239907602552107,7.300626300284932,1.731591594246944,1.7825801951372993,1.9894618387672254,1.9358162963414107,1.1973046069333895,0.9060700969401307,2.116215027335896,8.968353074320948,9.051456792805563,2.302890911023235,0.6326521074069358,0.47663167176605925,2.005988502600309,-0.0012925561548915994,0.18829457226162333,0.9675907460391595,1.3472334354196789,1.3405135445249545,0.28785262481524865
c259fb96-4be5-43eb-bbb4-f34bd31f9ff1,reestimation_v2,10,1,0.9631103276640388,0.9240959772642063,1.4327317830683826,6.632247058307167,7.172418804220787,2.437871385217775,7.7244801730173185,7.966483287699187,2.341615145458496,1.3339233039720715,1.7083706222465078,3.015745034402637,-1.7008925868256417,-1.570243015560151,1.8915673155256114,-0.14712527549662235,-0.11715567893819137,0.9694510535281146,1.191692452212732,1.1050161700558085,0.19721133335873997
497fa3d1-87f7-47de-8dbb-0e58be2b22f8,reestimation_v2,10,1,3.4413067024932156,3.4825245944079173,1.7269231978827124,7.146038354848235,7.315073598249367,1.5550104428364255,6.653136994466412,6.714873341214741,2.2336539053046294,8.273010684443298,9.019331624586549,2.396377417515202,-0.668228773170847,-0.44860637369168976,1.3950420696790886,-0.04700423689965146,-0.34234331436541954,1.1319598436345018,1.2550552841991884,1.1655107654300672,0.22577411928422975
41e091d9-aa7d-4938-b6c3-4021560466d3,reestimation_v2,10,1,1.405059526017749,1.9471300968822487,1.5366847890792084,5.789145415638885,5.4272552061262385,2.470855280973299,7.1064691505490085,7.196757906283958,2.4555825155636146,0.9186290495728212,1.102910401635258,2.7195809294535,-1.5239661894562395,-1.4672026509530949,2.034820444517344,-0.8958543309378804,-0.8323398384089322,0.9935612948128573,1.1378787639047527,1.1000698807572284,0.1500934980796357
67e48722-ce70-4481-adab-dcf77e605dad,reestimation_v2,10,1,-3.80052820870509,-3.7249606108516744,1.759481265498065,-4.94412208495939,-4.395785570332519,2.6658682889701804,-2.7076780862363403,-2.9820629787109367,2.2261236939201967,-0.2759527285153982,0.17471380240205336,2.7180694457406824,-1.1379047308304573,-1.017285443221845,2.358163386379605,-0.8768240907928444,-0.8960009233632247,0.9688194240440102,1.5485623597991875,1.6118744352337797,0.29224847349632466
892b8ca0-3350-4c2f-8ec4-d5f67e2c476c,reestimation_v2,10,1,-2.0866397849632397,-1.9286332011714178,1.2463560685100679,4.552587662782538,5.155859244704628,2.522580069236483,5.45199997676701,5.633273083318358,2.13658517801662,1.502768342939106,2.195363768257704,3.313684175581164,-0.17501358944154444,-0.42662833656960203,1.8252741182731587,-0.2802380490672814,-0.33941963314313983,1.052841745770208,1.1693705753841546,1.104952151770227,0.16493697556300435
732a140f-d05d-43d4-92ac-bc14eda1c6e0,reestimation_v2,10,1,-0.7670886924425692,-0.7859308029273853,1.1088118881623834,3.303951640795249,3.4613000389200166,1.818808172218377,1.1090084512871399,1.0496670400944157,1.2054720246640047,0.7084495422628458,1.2046599316831625,3.1622549353504645,-1.6478564422571766,-1.8160037194884007,2.030128543093199,-0.35155799454304176,-0.32854069215224535,1.0148707280653846,1.4309880133919946,1.3382778714781272,0.2684560817034901
3fdbf508-e60a-4055-b6a7-03d04876a2b0,reestimation_v2,10,1,1.4744579657559858,1.3166462775044319,1.2767783694679995,-0.418575952358675,-0.38987428028191573,2.958489631938373,3.5360643381155663,3.3558703023009437,1.4068622603016019,0.7678579212314544,0.5722617423099816,3.1893729261496437,-1.0144466680016695,-0.8525891971608833,2.0780683438379524,-0.04116311241839754,-0.181786659659001,1.2027632325267312,1.4374453665246445,1.4104329526999932,0.2627599474480723
baa63ba9-2875-4bd1-b507-5fecdb803afa,reestimation_v2,10,1,1.354653725687533,1.5084010328022275,1.396335470248838,1.4020133917368138,1.3889184786854383,1.9105322409683843,-0.27611927179739504,-0.6028693267661331,1.6940773932353408,-0.08133873409034757,-0.3910037241416598,1.9508271175518799,-0.37646785081359674,-0.3746197556479127,2.067142782457564,0.339272351715203,0.20650817354310647,1.0190686473872819,1.4137839802648258,1.3082158113793843,0.26217120339919925
5bfd44b7-c3b8-4f49-ab2d-831f5c860905,reestimation_v2,10,1,-1.1214369697438364,-0.8882293260493179,1.4153283094704265,5.958262741466938,6.055773610817306,2.3502847874327224,3.172624499553819,2.9679052503876826,1.6792519605238876,0.7760700816265657,0.8433671795512592,2.3378859849776505,-0.6142806139550786,-0.6073460097351109,1.6178885363650974,-0.09806302634143943,0.0011003532126937499,0.9169595301077547,1.4316891630705475,1.370259822449301,0.26435931259131873
894857eb-068c-4803-ba6e-7c86e6bc9014,reestimation_v2,10,1,0.40321017116431884,0.34788360473806246,0.8332219957638316,-2.1504564229325753,-2.0150110981236344,1.8362640642273893,-0.7263464270443337,-0.7615230801175401,1.2631358979173006,1.675555200933421,2.1739090933762215,2.4809125142346153,-1.2428719308203942,-0.5880987468844178,1.9865182967557742,0.375900535715129,0.17075435600835237,1.004358120186259,1.4576747819330815,1.4699525872491055,0.2380003527050084
7efa8a55-a73f-41a7-9be3-96af71b1a437,reestimation_v2,10,1,-0.4535492448520269,-0.36685657284972284,1.2148677438541668,1.4693727050859968,1.6583922954761638,1.3897969855510859,2.5069184849931054,2.4069480524491835,1.5177630917528364,2.3032259299680184,2.607060743688127,2.868798094074148,1.0135244648175983,0.7985438361795265,1.7556668496082606,0.28952121110806767,0.20738921373813995,0.9538026705737422,1.3800147587549854,1.3015717154079944,0.2572394337874681
08728671-694b-4b7c-8bb1-570fabe47f4a,reestimation_v2,10,1,2.7944800030834522,2.6852117080366904,1.4628696496995832,10.446393182101106,10.149954567485246,2.03478978658732,6.023911078365357,5.5901252590886505,1.7594973846678612,9.603159655495363,9.719455503942356,2.5380352746381876,1.6558187782676859,1.926971314516431,1.6639570631695646,-0.21294425957487584,-0.12423052575377058,1.105428231600115,1.120280062638448,1.0411613801843214,0.1570468384095624
1b11c922-608f-4b61-8fbd-7008c38ee194,reestimation_v2,11,1,1.6173512398901992,1.4936429665734967,1.238209610376645,2.953567516659484,2.811401758858839,1.603504114631591,2.5468925339612483,2.806432866394602,1.961562895618232,-0.06199307138344893,-1.1228487400532856,3.711309901592049,1.4066127403212894,1.4606419513168034,2.045272973439888,-1.0444701410827,-1.0785028511595118,0.7274500118793422,1.1524335928864555,1.0878794493459003,0.15750162768124945
8963e43e-a44b-4e7e-94eb-c799b2d3a465,reestimation_v2,10,1,2.059280336671821,2.492415462966047,1.6146794732036955,6.886698846081869,6.590535898754937,2.545741674416826,8.546757157530836,8.697957060854696,2.1347826396738867,1.1140335154389869,1.166914758021068,3.5559750658618228,0.013637340448589885,-0.08682752046931541,1.76379686344414,-0.3230648697950952,-0.3614050124167174,1.093729351093173,1.2617157129807464,1.2268251669224692,0.2003967027916404
f50b5d34-06db-4ba6-bbcf-3f0503ec7e46,reestimation_v2,10,1,-4.101820808161708,-4.2648424576855755,1.430849263737302,6.491953849104043,6.4437904930873815,2.277475503485067,7.104035378613251,7.038467345182045,2.4884052271130264,1.2000052876454221,2.0089922394305493,3.484788192580032,-1.7427966463767057,-1.9135264633157312,2.0167629020733324,0.1559374594961112,0.18349231209093253,1.0802767818699084,1.1982032468549664,1.1140770236425324,0.2253562136679622
7c235021-9cc1-4447-a8ac-7489257fd562,reestimation_v2,10,1,1.625513031170324,1.7027099208343994,1.3382082512882483,3.4771038887825445,3.558280529274681,1.9785857094701491,5.485050523649098,5.529500890799684,1.3834936961531183,-1.8335316206815324,-1.8753329917869779,1.8669419452581162,0.6084539697965616,0.2963696456334983,1.9233734741368047,-0.041197004218407246,0.21566954615023604,1.1162790347994505,1.39082041603451,1.3420695691408684,0.2460288026897864
6f4be60d-68c2-4074-bb2b-ebd974ea367b,reestimation_v2,10,1,-2.6095480364650436,-2.538608178690179,1.3672372337055527,-1.2557835872412926,-0.7099315145360654,2.95808102370245,2.6861071031361337,2.4842929172405457,1.3010491959972998,3.139163287943007,2.953115889161354,2.285328299618157,-1.0849981667374724,-1.240349782242155,2.084416257704322,-0.6854490229347295,-0.8296739583926525,1.0821253806598123,1.4599453348829028,1.5231875891242164,0.2535545223187489
93c25356-7871-4ba0-b85b-961697dd45e5,reestimation_v2,10,1,1.6656507131582403,1.5976612519331137,1.274886184656479,-0.19471709890540007,-0.197640884302122,1.2928917071965187,1.525096897430916,1.711223868841611,1.529238313005472,-0.8977800185555233,-1.198518464618914,2.485349554500859,-0.9446287501055145,-1.3457986919069769,1.9190466419525236,-0.06025076535942251,0.10956281355719287,0.9678823395805122,1.3527499713680489,1.350374332242171,0.25494054202131883
13c6cf3d-4d08-4362-93c4-196433182fb9,reestimation_v2,10,1,5.351088758097886,5.480041886690894,2.1630611486269795,13.346983017806552,13.152045299434551,2.012302134063251,12.444211396685311,12.646109791906156,2.139297342000778,0.6284296241464166,0.8504423745270411,3.4762114818091985,-0.2329971006724169,-0.35245949898100415,1.5678252137271074,0.17459050855814562,0.2633692362859537,1.082942918778499,1.2990923519922213,1.351224342287729,0.21654795776083516
c386c543-dc45-490a-8215-e5778dfd4839,reestimation_v2,10,1,-2.4408320936742838,-2.477221161454629,1.3232352357798565,7.4260594044797585,7.070287899889639,2.173948835986422,8.46380139299496,8.24726289520779,2.339160181134308,-0.8311960679362914,-0.45363216387174066,2.160603631964169,-0.3999981481614026,-0.21379159409984982,1.919506231188617,0.1918652861839266,0.22680319489288114,0.878529428373381,1.2399212192143678,1.1905754323543123,0.17364959530133445
ac7957f1-7b1f-44f9-a7d6-7ed5fc45a574,reestimation_v2,10,1,-0.33726374438136747,-0.10188557352442973,1.0015463888439,-2.4939125184367725,-1.9741035432767076,3.0647319632280543,2.541667434104382,2.7435984899695116,2.3017537703493383,2.1718767446048974,2.222769061020086,1.7959463731895133,-0.734783566490543,-0.2421410312400991,1.7956787846237912,-0.8613945235402436,-0.948542586290914,0.9341215173066832,1.445901814463986,1.395653196175538,0.28035528794017284
cd6e8cea-64b1-4636-8fea-d57fa5b55b80,reestimation_v2,10,1,2.0595463820889655,1.8973958424881003,1.1948794300419632,0.0056284174656919955,-0.23003328261635225,3.195291341130687,8.054084416779602,8.265437797459686,1.4748242648820953,0.745871853601972,0.8450643147577726,2.836757197904609,-3.3999512422006717,-3.1069307278281157,1.6008752588263486,0.2566924107475102,0.5306635315056698,0.9855852678506847,1.265813367257202,1.2301329592860415,0.22385105395096985
f2214a82-6a46-4029-aa8c-e13116412cb5,reestimation_v2,10,1,2.0837806382285855,2.0603594155809803,1.5500088850711147,3.605127600552053,3.3879988591864465,2.036428017443304,5.830707728953988,6.114878461186893,1.8494387092922164,5.135330151405555,4.8656352220214245,1.6110495673664722,0.18180406788051914,0.5384344611573049,2.0986544228040453,0.22190859924979503,0.19328314377912648,1.1887529272816193,1.2986707239836996,1.1942297757805342,0.2836783348498914
fedb18b2-c596-4b1a-99cf-a53eb9aec7a8,reestimation_v2,10,1,0.8968100484820094,0.8521916065503602,0.7982309266370727,2.03408916585528,2.2109597511477483,1.0916629500144706,2.5396473607018364,2.4316751094414015,1.6764862842957702,3.3858991641903877,2.9440249856151195,1.7428839219813614,-2.0763603110101534,-1.8872278667676317,1.4798506176360566,0.39933447276368633,0.5951063805222488,1.0010440080554397,1.4692518101624583,1.5134826329950448,0.29473443220739765
447942ed-ddbc-42f9-aa2f-68c6e51b3c39,reestimation_v2,10,1,1.6578401993188505,1.49040635400846,1.146394616180367,4.384945227185009,4.073400050389408,2.506717512060852,0.5440399690709733,0.590701439471248,1.7482716157276534,0.8449497275955687,1.2368829180724163,3.359097393355738,0.9398073492651935,0.6904605974827593,1.586914664786167,-0.1330805143929489,-0.2853231161240415,1.0424537205293787,1.5138921681448525,1.4989116622753347,0.27316685671497165
ac49a930-3608-4909-a30e-2e3a456cae9d,reestimation_v2,10,1,-0.4868261527919126,-0.37044849937058233,1.1491967931516094,-3.2071624600266784,-3.5876929414404586,2.7928610389861674,1.9281846574365689,2.6220784582950447,1.2736487563570829,0.04635941516990151,1.059031127065508,2.8117640963993784,-0.5934176775995714,-0.190417013364873,2.2613444629583404,-0.7904711330348977,-0.8668587959798171,0.9845385669990429,1.1288175189247431,1.0914693812816094,0.14088654375920892
b6b07cad-5144-49bd-8d4b-daff82568464,reestimation_v2,10,1,3.3219397635738996,3.1391853709106265,1.7348121083614572,9.95843717206341,10.408210184334541,2.950660639558222,16.498833060928167,16.67900593063435,2.4506756918269716,-0.026378265598193344,-0.40220985784730034,2.5722002905823227,1.7517769760811193,2.283995005742288,2.469560570215261,0.21668063560784231,0.3374939085043117,1.04683341188601,1.2408116781245488,1.111800064713489,0.24948036179753014
4a66beb7-b3a8-4e36-8cd4-8bf98299f606,reestimation_v2,10,1,1.7935395549338236,1.8991495205297242,1.429093440906246,2.1742325093984056,2.365965214411121,1.3228044770633405,3.384526625126276,3.199450048744511,1.2773823278746932,-0.6904008961388738,-0.1511833463976746,2.7557956873048775,-2.937471194845763,-2.93972166622542,1.540543688016756,0.3635105768825122,0.28383787756669343,0.9236792568837695,1.447313815433684,1.494883976188556,0.27109167532517964
1cee8d3d-3eba-428a-8c46-e12aea9c8645,reestimation_v2,10,1,-2.336161456479968,-2.408805457752138,1.4647936958807601,4.531420844324335,4.471488736822833,2.228592528153079,5.6991731855806425,5.274889207149039,1.916716838935027,1.3546524034142153,1.3288201936177062,2.6409732800854173,-0.8281530214486511,-0.6002062881374934,1.8058200260510329,-0.38214118143281667,-0.2597254830799638,0.9066630475344697,1.121914470737981,1.0747197244059916,0.12755511633465244
0b54147e-d457-4055-b0ea-4c6962e44fbb,reestimation_v2,10,1,-1.458494574868761,-1.1533707134275,1.33223482781775,-3.022688469634878,-2.318199059999854,2.5157884793142298,1.5328457290946405,1.4274141877138318,1.29676862007434,0.9832148801604828,1.0927274779214446,2.5698824200642254,-0.6658252473791944,-0.2952514906643513,2.397036120107618,-0.18119011525308867,-0.26963823259403585,0.9238490798821125,1.551135983082018,1.5750250240465689,0.280727862307272
bb159ae9-f8da-422d-b043-955de669b4f2,reestimation_v2,10,1,-1.2277526925693252,-1.335804839149386,1.1094951491921636,-2.959553776261836,-2.8928905602213355,3.1774041641406687,0.3725826244613993,0.24635733535471926,1.711273959702668,-0.47410731851687543,-0.6796483655275842,1.3133511026729432,0.0610038822630856,0.25111801228068537,1.5532720754141576,0.12258342985960749,0.25704946910111515,0.8839616030291305,1.4523099956225263,1.5389067900789102,0.2578991414821455
b775866c-8709-43c9-805c-ac4b274fc0b2,reestimation_v2,10,1,-0.4273101320365329,-0.2690380484130891,1.257327942807824,5.136982245302499,4.964905422694837,1.8559350021083632,4.022687665870635,3.813238955463923,1.4366920795042222,0.9684835381306303,0.9211679412864613,3.226136093653538,-1.5528344409760837,-0.9512499869035298,1.7428382842867256,0.44366793011109423,0.5089556203528129,0.8938993108894661,1.3113726682706948,1.2838520241401739,0.19436903831915717
13c4035a-86db-4cd4-a181-51f27169829a,reestimation_v2,10,1,7.211085013202997,7.28536379081236,1.707400498035759,9.589112244915576,9.545341950882339,1.8791973687713563,7.926853084826662,8.104615826757868,1.6198633962952722,11.371114495243,12.034717501958365,3.2459416312052944,1.3476329956730944,1.0795044639275884,1.7626540311335492,1.7296387081097893,1.95895064366096,1.0270799503874566,1.1597829078948998,1.1566552999627224,0.12191639487588672
8d6f2376-e748-4c56-a15c-ad9179ce2d29,reestimation_v2,10,1,0.251278105472206,0.4497105255161996,1.0356437780390002,-2.7353171004477206,-2.5199559855607867,3.1194914867365866,2.1421136389617503,2.2418323629844803,1.8942793579012245,-3.2388000283456253,-3.5131310547789756,1.8672458829155907,-1.1807000785578348,-0.9006953653088385,1.756838000560643,-0.5065291867810725,-0.7167368811868744,0.8508355501414088,1.4815909228316255,1.4517206251904136,0.2944985702236058
bc2f520f-76b4-41dc-8c43-7e9ee77db82b,reestimation_v2,10,1,-1.6970419252968219,-1.5270614754597447,1.2276768788830907,3.4392944000208567,2.921798342830201,1.5211461055838844,4.9422155830429055,4.745467276693018,1.4791195307269491,-0.7703764412859903,-1.0556491694840937,2.6189987706965336,-0.22094939366499658,0.02591787328001338,1.2797811313458738,0.3346266393807065,0.2958487800638141,0.9863815549746148,1.5528557542508137,1.6312878413479357,0.24938666837605003
e7fddfce-f85d-456f-977f-07952d0a4317,reestimation_v2,10,1,5.55147991723889,5.527182973545724,1.4825742073908124,10.05662699264965,10.418304959669339,3.0696441943191752,16.440561259006696,16.718718900883694,1.8777435997017065,9.55238515867789,9.839788500094137,2.544941370122272,2.826039404680101,3.042294433514707,2.04852968061242,-0.08397511556607119,0.1617393421362595,1.3279052011541927,1.2482467563567632,1.1291816761566809,0.22865491137049115
fe1f57fb-97b8-43f9-81f3-509bffc33928,reestimation_v2,10,1,-0.7181365322333193,-0.7915186079949521,1.3402503779080113,-5.876450578961677,-5.947083749084283,2.235077179271412,-0.16944149044759418,-0.17895433240246184,2.627596801761178,-2.642711911706357,-2.683643614268799,2.019402017105566,-0.4648653005002048,-0.31585643110675865,1.7877474448840258,-0.8271727152947674,-0.9492472372469285,0.9352714830053123,1.3938646919773985,1.4048266792891253,0.2600652172886049
5560597e-4f0a-4041-8e43-a6a05ed4f01b,reestimation_v2,10,1,-0.039273454565963734,0.0401575253861024,1.1654982581213045,-1.9465947973442133,-1.753584629059624,2.766018362923166,2.210721378078201,2.411037625280535,1.7667767762053987,0.7707592713211626,0.7421889722217963,3.136699174087709,-0.8890837477056212,-0.7486261178013467,1.5879454170475693,-0.6308963866547468,-0.5496428240077299,0.9253416354748966,1.5225813297101778,1.5393195931654557,0.2796162770310037
94462488-369d-4e26-9db7-9dc9a85e6bcd,reestimation_v2,10,1,2.0096568057492346,1.914073525236613,1.3511493046150878,4.5746939036710055,4.086622426620209,2.5218407828555467,2.0822676223834233,2.129963906007112,1.9589836749381735,1.712635186531879,1.551856841904717,3.201739602529924,-0.2143188505289391,0.20802041554328365,1.6820397596432897,0.06957647062958859,0.2094481617896029,0.92839923492247,1.4227104248734894,1.3469845050571223,0.28623036066447066
3dc1c2ab-2a68-4f2f-8de2-c7f208a74995,reestimation_v2,10,1,-1.6884407581659113,-1.5169233583527784,1.4934229327044533,3.329420471533842,3.1963686913524287,1.4241671511543623,4.146306910775,4.11250679994421,1.7383314206914884,0.3981766525390147,0.8337831367378385,2.5722941068386933,-0.9552404574041622,-1.1641967805926567,1.8972476248034444,-0.18977198818620003,-0.11894322114218914,0.9233507185800202,1.5383527028872497,1.536036436437894,0.22772127732721406
e52c8eb4-e423-4e72-904d-8bbab94232dd,reestimation_v2,10,1,6.072269056292507,6.119141096341315,1.401806117592127,8.00893066712624,7.206787248821309,2.9625610926860535,5.613161922312336,5.575666970819283,1.6844414927786715,6.91115784025352,7.459183282410336,1.8898571386654688,1.9862402105563517,2.032077109902298,1.691179608778457,0.7863201994685028,0.7448808348198926,1.0079286709484987,1.2863263171807113,1.2726903918678383,0.19410581461018772
e1dd8920-9fa9-4b1e-9782-d8fa2ab47db8,reestimation_v2,11,1,-2.011576649970832,-2.1093735863285694,1.5936415477509387,10.688018270871892,10.582483941658445,1.3784222726062885,8.058865515579773,8.12831656672842,1.2105481866884722,0.9135884549310591,0.7119685121390433,2.8504209601762334,-1.040199137474426,-1.2372526573899187,1.829167307576977,-0.41712300209475145,-0.6524070651217296,1.0897854846811719,1.1083464787482011,1.070103864903196,0.09593209618199426
3e20f7cf-7325-404a-b726-23545033be2a,reestimation_v2,10,1,1.3699952424115003,1.2492344066075107,1.3329602013771913,-2.809041700329174,-2.700725183588078,3.014160641181979,0.08007047492177426,0.41594472872467403,1.6191978892536216,2.4137496090994914,2.103638351496385,2.4370156727419823,0.7504997763406318,0.5544193443103301,1.3933300567522422,-0.14275391506157897,-0.38378476634729397,0.7747114807513191,1.4776201911359188,1.4399974728921852,0.3172945755132635
b60a4fb9-1f94-4035-b16f-5325d129aa34,reestimation_v2,1,1,1.1913359479271637,1.0372209954411893,1.4427615633438045,0.7732013575285289,0.8843284146490031,3.8991751653374993,0.7458583234882407,0.5671731777986133,2.987086849212431,0.7487615597077482,0.8278403929421714,3.0057735926971416,-0.928615038568887,-0.9822130761270893,1.9819417780073425,-0.04142530270742321,-0.03807192436820678,1.0131930108976863,1.5037980596662233,1.500272914311267,0.2969559874219033
3b077d8a-af59-4ab1-b1a2-8b5168ec5ac3,reestimation_v2,10,1,5.171202330143955,5.068630320711156,1.6941382342530207,7.646024191145151,8.153105086371715,3.9450350649938093,9.181762767609278,9.745518845200282,2.6465140990969838,9.787480041180537,9.648221304772873,2.15368165371223,1.0102453630342472,0.5959733326474019,1.9114439545509045,1.0789262016607304,0.903376327214657,0.9036453599168457,1.358273719587196,1.1963035401614914,0.32112712548131234
fcb7a3aa-30b8-414b-b08d-998c35aef644,reestimation_v2,10,1,-1.2394908297618132,-1.365312316971178,1.2184183242015603,-1.725261219748802,-1.7934620030147186,2.911500315157964,3.432911089803383,3.480724752388826,1.9681190736309384,0.692566617258405,0.44769887091753535,3.003554269596549,-2.17671636266422,-2.510931065339688,1.9778245644372447,0.3410105752452572,0.4690788394325162,1.0116728462346771,1.5715466480820741,1.5806973686441088,0.29428837017265036
84d4e907-bf64-4e55-b191-1a5da5e6baf7,reestimation_v2,10,1,-2.8901334238137757,-3.1566894865243658,1.2870778790620925,2.9333908399219495,3.0243326142852167,1.17059698340003,2.726588089327157,2.1950424177612207,1.5814968732823749,-0.0462354149345289,-0.2808838140492381,2.6697448318693073,-1.3081372107749634,-1.404695778029011,1.815895291961099,-0.09573936468922457,-0.221479559204231,1.0078110934736297,1.3645504792541123,1.275806250046959,0.238135448005988
d35427a9-de93-48f1-9bb9-b1d56b16a0e8,reestimation_v2,10,1,4.47407714032227,4.274287922934909,1.3655652168904655,9.88063419902715,10.042474565264447,1.8275683626513073,13.383469691792145,13.052352141152708,1.7822185620290483,2.4432328523389066,1.8862766880651627,4.83283208696797,3.5455127967232576,4.057046076542259,1.5698067812580596,0.14066104381388805,0.3243396288543553,0.9411035782926268,1.2061027337051415,1.1656290761695858,0.18260470079872623
3422a14e-ad96-40aa-9ee0-65c34b6ba89c,reestimation_v2,10,1,-2.389956367305163,-2.5957858614712532,1.4791533489615407,6.219756113577706,6.368148951688555,3.026445149587401,7.73101185534244,7.653530443172275,2.64952245794485,7.682803702283025,7.20987039079991,2.193083813101249,-0.8896837559064348,-1.1229207327916206,1.8403303540113707,-0.40848859570931656,-0.43224427067353116,0.9444165037513882,1.1588649004015366,1.1338870629499054,0.14510474441406912
402a1b63-fdda-4eac-b611-265e0304b901,reestimation_v2,10,1,2.0300895339112404,1.8077429060501884,1.4622781278854082,-1.1407948219428012,-1.0751804528401134,2.5203158115974027,3.1064739197195435,3.1607074593844047,1.4655924963611464,5.961511110576655,6.111155333901694,1.99254607526658,-1.4263831430712053,-0.9140736440517399,1.9264804177024706,0.3602914242135972,0.39596009479153427,1.125575244735216,1.5219031887108085,1.5103593200460057,0.3070436561009338
434af993-247a-499a-82d6-6342f9b3b53a,reestimation_v2,10,1,1.0398648356260203,0.6765381161631616,1.8302313000962027,-0.7898604325734735,-0.9655426031675889,3.1974865379373925,3.4770229112006317,3.120019178431898,1.8386423648307415,7.761934936929468,9.016426168369831,3.044256414690677,1.5427370560232754,1.5977221758761309,1.8567909892088372,0.9965425901745381,0.9289568571044163,0.9486069277437655,1.1583745706158148,1.1122250843764554,0.15029304514110348
72f63b23-a4a6-44e7-907b-660038564259,reestimation_v2,10,1,-1.8855433538143973,-1.5909029579437641,1.591081900712115,-3.455067569447438,-3.2001896376845353,2.738631496974029,-0.009497325235788345,-0.3096354071712115,2.005019089582715,-0.05231423885914856,-0.3153591159886848,1.336740555479698,-1.450900394167653,-1.7162688353407063,2.3905865259280916,-0.45388756343196757,-0.4552301731623821,0.986973439102635,1.5765551204208852,1.625432868613648,0.2705639797056287
be853e21-80cb-4e12-87dd-56839ed82fdb,reestimation_v2,10,1,0.8733075084138873,0.6477177921786104,1.2685791490186555,2.3240900046318353,2.3301939044822655,1.3792295791165476,3.0415159754181578,3.100976936917227,1.4628318153087958,0.34543033250647576,0.13098813064307524,3.292531320622399,-1.0658698299873868,-0.6880617239558484,2.0902634332865597,-0.5341708599723526,-0.6203973482623217,1.205359953465314,1.4521663897673434,1.4606069423371517,0.2641010865822707
37c6b6f2-d784-4af1-b054-6a9bec22e74b,reestimation_v2,10,1,-0.46294046612845124,-0.029622222332164938,0.9948139925433029,0.5718284799620227,0.4648792760761446,1.3065765090400916,2.2547199223930137,2.041853187893336,1.7337678196919508,0.312162415366102,0.5405930552943015,1.8320309826159389,-1.5027066017935276,-2.0073919400173748,1.5797003132793233,0.45006438395961806,0.3900009618324678,0.910213946851958,1.4768976252556858,1.427817610690747,0.2640259876791098
12a00d0a-6068-4312-841d-7155103ce94f,reestimation_v2,10,1,2.770337574945248,2.145745589494128,1.8070543178250909,9.007591321580666,9.257962846494685,2.0057914819959763,10.064024456856707,10.665520047130727,1.7683945513353907,5.057670345921655,5.186118453980632,2.4219086912068386,3.651388062712061,3.085895377968814,1.6272209622647262,-0.20558348903530332,-0.30639646221353034,1.1286141238299465,1.2758022350952525,1.2391992568479882,0.21569114787090016
a71445e9-4180-4152-ad10-80ac4dda51ec,reestimation_v2,10,1,2.194659650648586,2.3043003130553203,1.2615875173877749,-0.43276483082623834,-0.15120016692467697,3.585026798471527,4.6387935360479995,4.715310239914755,1.7446292400985972,0.40865056688626583,0.35092982188923694,2.953849532999957,0.06325731713616514,-0.10514308256111293,1.5931144626757034,0.21616304675126424,0.2780591096613141,1.021082234932165,1.5711509814333335,1.6199953213545488,0.28551085594826975
219f1f5c-b66b-4078-b317-a1b0149b063c,reestimation_v2,10,1,-1.8503371289673742,-1.9545552181909953,1.0836793490433865,2.701250183438675,2.3279769044552765,1.3552706122655966,2.963335021614372,2.9799689912304927,1.366289535403267,2.2328173135892793,2.2939261271236226,2.1326823937916877,0.1803031574105042,0.19785138108297695,1.2927708404859988,-0.5279013482370689,-0.38447916974084784,1.0528170470743161,1.501444406313654,1.4099360905567737,0.3041057543270004
d3908df2-247a-4b7c-a0c9-9d188708faa2,reestimation_v2,10,1,0.9080681081249556,0.7922239305114342,1.1847598282534721,-3.0957159517944057,-3.0583042898916686,2.3256561537807525,0.2276186511083839,-0.05663137519053896,1.764143193101197,2.566895169561158,2.4956659727194235,2.2636420519784086,-1.0905030062021375,-1.200003975224374,1.9849741157425247,-0.1395632008343827,-0.08102078572084688,0.8910076473268591,1.5191106314084057,1.500111729433677,0.2959179797664347
045c668a-57c3-4b2c-9b53-08f5fe170d2a,reestimation_v2,10,1,-1.4393346654629258,-1.4717343277600472,1.2854568383975016,-1.9725744258364808,-1.7257501484572169,2.9167890867077917,2.502323433035476,2.6709674549552243,1.7441510983896993,3.566406469732305,3.6657267433634795,2.1271298468297117,-1.1940702712520233,-0.9796139530670036,1.5018069455746228,-0.16343513196384582,-0.12560034797682118,1.0337406632066315,1.5576030855375234,1.605100647496191,0.28613829758450215
ac62e174-c431-4610-b643-014c76a433d3,reestimation_v2,1,1,-1.4659170215949047,-1.4234431823686187,1.5114416081550317,0.8419684989352818,0.5789696884236849,4.227840691897893,0.8751107159770763,0.6271950012063897,2.9191819262437355,1.045451270382915,1.2142811732922807,3.11412063878808,-0.9849363508671447,-0.8213933204017281,1.9565766479299682,0.0860277256986012,0.049257466388003324,1.066013698373426,1.53589219946206,1.5412908184721636,0.27317581833190724
8b702bbe-cba4-4ba1-bd32-0003c285482b,reestimation_v2,10,1,2.7748190790713405,2.8936556987772173,1.7690377032727627,2.311485326866872,2.656139081318181,1.7004511649318754,1.4766154106674942,1.961946093204487,1.895330938179957,0.287336738904203,0.6769940223928721,2.760436828545883,0.06733695820470653,-0.07886688991105972,1.666330426124499,0.5350850410837452,0.5013685172207798,0.9890640165804493,1.4568922286382826,1.462717810868986,0.29152219023474557
4825f900-c717-4d79-b432-49495a45b539,reestimation_v2,10,1,1.762238507006361,2.0197398680859098,1.302845311000376,-0.7039061956718845,-0.6874830432573185,1.4296977784846174,-0.9511472609737215,-1.1775812717931111,1.4510210634216985,1.5953581855029406,0.9855561434505705,3.3901619416237136,-0.6298267595584963,-0.06407397642994717,2.251352422118174,0.2239851292968875,0.1458618501733585,0.8808519475061101,1.433078659951418,1.4729404926218543,0.28834502588458
3fa0c5c1-5b52-4f53-97ed-71e56ab20f45,reestimation_v2,10,1,1.809501818842925,1.7510087277869646,1.6008324389424538,11.07602184630883,10.7498239954755,1.952620316902197,9.147861728770966,9.696026273716686,1.9111496982285867,1.9420754994888354,1.6386402861248213,2.9237153779452294,0.7484043082129752,0.5299877932517594,1.6269812563959911,0.5599160346229974,0.594667352977563,1.0334958371660024,1.4354679605579208,1.4127011898562283,0.2538222650337505
069e4a65-0ac4-46b5-8aa5-51232b4512a7,reestimation_v2,11,1,0.3415997305864375,0.27582114537562435,1.158388873761026,12.373083215066998,12.21338759537053,2.1083694231099566,9.809612862085682,9.864740787025315,1.219015891688209,8.587359492959914,7.970437064706869,1.6787260701245612,1.6666952170659592,1.6438088006785405,1.2243758101072366,-0.11630195881786845,-0.24043327430357808,0.9980898514191919,1.304575677893947,1.206271997668907,0.1897826527006564
ecb36bdd-19c7-4545-973d-bd8289710df9,reestimation_v2,12,1,1.689262492494789,1.3831317801490552,1.1253328593318859,6.763696109864213,6.645119804055294,1.4834524056933165,7.65102433679222,7.514408100549277,1.1849894772863376,1.0344902103926374,0.8678194086269357,3.067396644840758,-1.4364666821552645,-1.420781316422465,2.015229007599583,-1.1935352725094233,-1.022847405811218,0.9021958209076121,1.4077605637089636,1.3212459970892607,0.3098952673469195
1e20a035-328a-49f9-8e01-e52b6815944a,reestimation_v2,10,1,7.527477849949208,7.454400551253496,1.9583578387892948,7.687830021378231,7.431286004637293,3.0357013106765347,7.171834589387852,7.1063058613832135,2.289920966087877,10.29213730018085,10.276376275274627,2.8687456882190085,2.877791381712321,2.914216501941862,1.713104923861444,0.40144346462283664,0.5810742952278057,0.9972739375555211,1.343546288238965,1.2383218095915631,0.3047356052163079
6ffbc38c-8ea0-40ec-aedf-b6fea8315e33,reestimation_v2,10,1,1.8623025198112089,1.8648410931387962,1.2315412354432924,-2.442691838600042,-2.3886227511500406,3.0376166926272163,2.1396895637006934,1.9786408914052849,2.460074538473838,1.4336115171451838,1.2367320592997841,1.9827589633126954,-1.421660264852865,-2.1233605141553458,2.2921266306324477,0.3531699023510904,0.3276338450241173,0.9617749010187849,1.4766699985101865,1.4090387442422114,0.26818307357816656
a4530fb6-4c0a-45a0-b959-4deb4aa6f446,reestimation_v2,4,1,1.0433822397388186,0.902457408470704,1.4490832206231803,6.616256877364504,6.418412945658998,2.642970805862166,7.721904984580797,7.527544153781163,2.8800144540496957,0.7421737054782782,-0.029117077337856345,3.2985969917508196,-1.1031241207132467,-0.9255985319772897,1.9541522508850353,0.21111672262111197,0.17313806989860536,1.2562258794589953,1.1999236264084105,1.1603641735912182,0.2300995407223012
87448d8a-3c7a-4cf7-8958-67c656aa4035,reestimation_v2,10,1,5.327272324763897,5.8457192241861655,2.3394149146389713,9.930784129220998,10.813178951022849,2.1251947135845506,9.660100030923521,9.249852278344372,1.9153574067678647,16.30951961657052,16.801679540242688,1.7109994722616513,0.09178759002674935,0.5657726570500365,2.0374363077566717,0.5732482467864031,0.44514873088781415,0.8818570549047013,1.4678720426552816,1.419833981779747,0.310311355341654
566e8f1e-4de6-4ace-9738-2d85fc080701,reestimation_v2,10,1,1.204725076341742,1.241079018382759,1.0423019789462642,1.0259640942392696,1.111931304323882,1.305136778443234,-0.05003612749191634,-0.14388952996523943,1.4520275272022154,-0.2590550228366038,0.27900431528232206,2.302268752810347,-1.0690167881265538,-1.6833681563826166,2.150589954714811,0.3061745181037437,0.18806060612792874,1.0181298663613962,1.4779555134382325,1.4708027311825969,0.3109263688274023
189e5a6f-63a1-4c9b-b881-74d51400d588,reestimation_v2,10,1,3.937540985234936,3.7781012317363065,1.411733195100278,3.715018796858163,2.8785825166988674,1.8845035529813878,8.437053756928858,7.890818094749868,1.9114811746874394,7.799812036646588,7.834362109612825,1.3136665913611296,-0.661618693145181,-1.2473515934679675,1.4516909154703734,0.9476426959384873,1.1947802135248724,0.9967284278038744,1.4298667128279063,1.4765087176892022,0.34145342251342686
51cc9f85-f9df-4d1e-8d7b-530fba58fbe9,reestimation_v2,11,1,0.488588909247044,0.6613337919306371,1.3408179356562357,2.6611975157236527,2.157045462372232,2.3010023735287493,5.069607396070897,4.767214499535159,2.422718809789159,7.681304029758289,8.503533989343708,4.1095144400894945,1.666158200213365,1.9724727304182954,1.822705477500711,-0.1970573660851873,-0.03350895218998917,1.0930801426443009,1.072084967572383,1.0558032485734938,0.049754990292665585
223f51ec-3725-4cc7-9cd3-3eef91efa9fe,reestimation_v2,10,1,-4.119633502283941,-4.03972316542785,1.401530596902001,-4.250401857958126,-4.677355331134694,1.8746195826887548,-3.3635956529472213,-3.157820267300836,1.490234889992496,1.5626584645627184,1.092448170916815,2.93857059324746,-0.7575283410889935,-0.7805216422290192,2.2823249578618183,-1.1464507627008067,-0.958822126576683,0.7946404923258766,1.561497034558103,1.5798038716262255,0.27559110043063945
f2f83fad-7a18-4e6c-8f5f-0dbdf3286497,reestimation_v2,10,1,1.1442469992972393,1.2349519094779522,1.337833800647992,0.6862825748224993,0.5931064917431677,1.6927293680064548,1.0554817583249292,1.0193807258177539,1.7654803831243517,-0.6939984728678787,-1.0808117686385281,2.0253231478248477,0.3268741800553091,0.059762083010142186,1.5552562024293155,-0.36577181441909984,-0.5565554088751101,1.1818690200730009,1.3038351030885682,1.181846944349474,0.2755850755871593
ff057483-5213-4fbf-a259-97107ca21044,reestimation_v2,10,1,-5.89140076455258,-5.849922806262131,1.6021886195009134,-7.6315697351098,-7.179879677516172,2.2322698975146507,-7.11309721649767,-7.599017023598794,1.9420526642947382,-0.020275035484942146,0.35217712344942753,3.2633939834538883,-1.0888967118748756,-0.9589567033194837,2.1930305005407282,-1.4196011853609214,-1.514462183113933,1.0665590423175493,1.2892602787431766,1.2426272311951228,0.25468062230175237
21d58654-9686-4c41-b98e-8898fae3fbea,reestimation_v2,10,1,-2.4207029107023796,-2.6587600771958058,1.2497357812883796,5.312338180906361,5.637244681909684,2.172955500261982,5.580334372624452,5.413358366723164,1.797291041141436,-0.34660311592888,-0.4884906210354535,2.5663438869770467,-1.227197670538728,-1.5207664925606124,1.851728338056954,-0.0007229483777293922,-0.04255031031081155,0.9453661863708753,1.1781884580743287,1.1313762281788782,0.1556892931478294
8958d9f0-c4bd-43cc-b8e8-03d8602668a3,reestimation_v2,10,1,-3.3436533232818197,-3.167019449460042,1.30343914702684,1.4590112177682448,2.002935342056605,2.4966898351647457,-3.592233961754921,-3.5587683289898506,1.6269998877629057,0.14936055616751842,0.12068658370594199,1.6395124867410935,-0.638807872670726,-0.4679230582230618,2.21508919565837,-0.14391595521932024,-0.2705253863972341,0.9544800190411635,1.4342029680874258,1.4521535797470126,0.2688545801878991
f5a28721-bc25-4a82-90ee-fc54f1c7a1cd,reestimation_v2,1,1,-1.6998225414710595,-1.6633526073646263,1.5571891805822635,1.0932889383864095,1.582976182088407,4.081804256891907,1.0562309210830756,1.3047079647940256,3.1920979144277175,0.9692876064228018,0.8315211852398838,3.127588433486243,-1.1811192173336222,-1.1929817588067988,2.1698196154954847,-0.017839007221680414,-0.04235944817037551,0.9598201572734757,1.5034212693432316,1.5306726090771732,0.3003702524784587
960e74ac-0c32-4900-a42f-6f4e8c6a2832,reestimation_v2,10,1,-1.8700095015707408,-2.1393378659592757,1.4355186963970656,2.7570921896003435,2.6858422220557876,1.3802343093302831,2.471698718682994,2.5782947554525126,1.1729736871177046,-1.0260494684753012,-1.191877545450388,2.625080768698095,-1.8325952602076978,-2.091086642182332,1.6937444072989583,-0.4968999155067632,-0.5312358297706059,0.9661775800968956,1.3766309229690528,1.2722968331602487,0.2715222842161294
267ed9ad-7879-41a9-b86d-f0a3f20d0c57,reestimation_v2,10,1,4.423998549665658,4.104036528625485,1.2561259156564395,8.714410878380042,8.563545790502696,1.6349997385923616,9.322281509271738,8.938560318374721,1.7401753995941915,8.002110710571698,7.985393475069621,2.3709307398813664,2.3680773791651584,2.5113619611074025,1.8531693143790333,0.05108494427665666,0.3963063290823573,1.1436274558427322,1.2000715424719635,1.108423540903942,0.22160067442723616
66b4fabd-9112-4774-99a6-1e2202da3ed5,reestimation_v2,10,1,-0.9570669559853195,-1.1556433945321007,1.1474279050868146,-2.040248009996939,-2.1078510870407405,2.855387718432111,2.117534246066854,2.0783104088212943,1.5866676553685015,3.40504395275,3.583407405010796,2.0308059939754552,-0.17799912091910092,-0.028129986844404375,1.739429985956632,0.33476686013804735,0.4316283515787579,0.8153091523949962,1.5115587433049409,1.58453414704657,0.27000532796064747
bca8c807-79f7-4d52-ba84-f29f9b0222c2,reestimation_v2,10,1,-2.5898217290862653,-2.669538571029653,1.419493883585411,2.8301852351567005,3.0022282947843277,1.6762911248406362,3.2410951909640784,2.857959707137038,1.8757588154713318,-0.06727635009085134,0.20978063746376474,2.648723087327047,-1.5912895028699454,-1.1421969410697417,2.106653461535339,0.2726898222715704,0.3918532403569976,1.032812600283331,1.3922683487023428,1.4282532917333461,0.2544666795116567
