profile_id,estimation_version,n_designs,reestimation_successful,beta_satellite.mean,beta_satellite.median,beta_satellite.std,m0.mean,m0.median,m0.std,m1.mean,m1.median,m1.std,mu.mean,mu.median,mu.std
842320ce-b20c-477d-b5c5-0c7a474d1390,reestimation_v1,6,1,1.7597200028873994,1.7051454951492833,1.475816098238927,2.2213049153521074,2.174145683839056,1.985248786901388,-4.129069126102832,-3.5576671339385704,3.1920841124433865,1.1223396710952493,1.114750966335266,0.27133453256026435
5549d81a-da50-4fce-b40d-f3de0df48385,reestimation_v1,11,1,1.850125397134828,1.8667082598034996,1.405036695803383,14.650867563938183,14.504998731355961,2.131780595425747,-4.520803259751931,-4.029077400794562,3.2961225378668693,1.1868815299868654,1.2156528124130819,0.27519419375356685
9bba1308-e4cc-4062-956c-0f50dbbafb16,reestimation_v1,10,1,-2.650765955183726,-2.50134308178768,1.4533545737726914,2.069561133997738,2.1162605103230145,1.7702625603939004,0.9371893479258179,0.735776182389716,1.740413275319266,1.0239237509762762,0.9979312896268293,0.25383669435465994
9bbe4d77-a18e-4058-b6f1-fada3387d1e9,reestimation_v1,10,1,0.4298864447967473,0.40157067417060727,1.0096324235336904,3.1662528037207234,3.327803136473571,1.3787807309148126,-1.3891137372491078,-1.3334939403289792,1.9930678879629586,1.131693563873844,1.1410076184618838,0.28531186639085543
53ec9287-f911-4f37-b1ad-e72dbfa2c32e,reestimation_v1,10,1,1.4258637408043313,1.2786358449105386,1.32611269458998,-0.7792545908528388,-0.6578058450191215,1.5823283447232248,-1.8672494931068118,-1.8180307206150466,2.0949482268710296,1.1636564060377361,1.1610766690845944,0.255465446795823
b89a6120-3d13-48e1-b87d-39d8f455444b,reestimation_v1,10,1,1.2236772764545631,1.1069271404613983,1.0727575694570939,4.041757226956014,4.2891625397884425,1.2035247328732601,-5.890614261874632,-6.203882690300851,2.5910013679621264,1.1111692543256606,1.0768515349146557,0.2542055460942118
92fae2c8-b637-4faa-9354-fa2feb5ed614,reestimation_v1,2,1,-0.06000798736466605,-0.18404286457653418,1.904967662402586,5.6979779442060146,5.727976083126532,3.6899934478043366,-1.1445245877054553,-1.299850299488333,3.674604088261102,1.141941582418233,1.1465981343864458,0.2838185380305022
d0fd2764-f1fb-4b64-be7c-4c4cb6f6bd32,reestimation_v1,10,1,0.8989675863544929,0.9458549329720645,1.3035553267259947,3.715810625486145,3.6214999120772626,1.6000079339220754,-1.2890933730742218,-1.1483079689704558,1.860066124464702,1.0000572954310265,0.978179591218236,0.24407002991921656
2dc3a7ce-3216-4a37-97f0-2e4cbdace983,reestimation_v1,6,0,,,,,,,,,,,,
912d1e98-5350-4c04-872b-a8ce3bb9a252,reestimation_v1,10,1,-3.965001946333608,-3.847326990504475,1.747788196529366,5.5613970632730885,5.575796964840559,1.7857501917531557,-1.4428273156458165,-1.4495483470882085,2.1771277957979476,0.9027331584825355,0.8086117815466566,0.2376873645990152
585f6ceb-8085-4209-8561-68e685713c67,reestimation_v1,10,1,1.18655363010286,1.0755060137484236,1.7005137055403834,2.8212066021667597,3.3269853467380335,2.1463510358975766,1.5410776198914473,1.1219733699699308,1.7626457639687712,0.820904856444236,0.7393891589818852,0.18595515754773745
ccabc30f-cd16-4540-9548-7045b222557f,reestimation_v1,12,1,-1.880549372788373,-1.880962659928306,1.292737590546524,3.984494453304779,3.9712118602020343,1.5050394043292046,-0.7963533232690907,-0.9894953670021414,1.697763398213142,1.1142920650527808,1.0680047712315277,0.31644826248314256
e61a2acc-ce31-4788-996e-ffb21e394f87,reestimation_v1,10,0,,,,,,,,,,,,
9bf85736-0edb-46ad-81b0-c09bae30998b,reestimation_v1,11,1,-2.8938494411253632,-2.7067579401265425,1.3446857954647078,2.7549977369254606,2.6144452386426846,1.4734414340808184,3.010081791584765,3.0075053140224677,1.7553629225456155,1.0560377856437122,1.0316086145495444,0.3010623980030102
5b0625a1-3f0c-4081-9c03-78f81f42cd1c,reestimation_v1,10,1,1.5251477765085732,1.5165708009499563,1.3005368250280311,0.09931976994344557,0.37625095130358854,1.8799589146494864,-4.168829754983883,-3.6572910905917224,2.4717079812696263,1.128582752562849,1.1143600528673934,0.26113063129500774
d1e09b9a-5db6-4e36-8fa6-8f59748a9fc4,reestimation_v1,10,1,-0.5138633469713488,-0.44976059200197716,1.253294146093992,0.34105460010516675,0.2724025639996941,1.9169307170599765,-1.79805001856681,-1.4584619523956328,2.0507879765248274,1.2122576049270326,1.195661815579645,0.2792628620028171
0cc4537d-b204-4498-963a-743ea7c04c51,reestimation_v1,10,1,-0.06258875758224416,-0.1235519557230963,1.391352023673475,3.1238076941705333,3.086772464641994,1.9126903236696002,-1.036942361341652,-1.2250108307275207,2.255516031382559,0.8289118087209648,0.7962040239940079,0.16797250857689947
b8cc1b98-19e1-4920-923c-4c11f9e8d45f,reestimation_v1,10,1,-0.004035977132886321,-0.0629287287678455,1.1541854769401685,6.008442844455889,6.17623238684858,1.7702877984979266,-1.5452986142802307,-1.7607491778216542,1.8106971482573622,0.9998681310277169,0.9601711949792168,0.26126219300938525
3ed5cf71-c962-4b81-99e1-449e08f8c388,reestimation_v1,11,1,-0.17623746085394465,-0.17147173293612755,1.3172149916478009,3.526451281715324,3.593480674518386,1.5173933864593208,-1.0444572890684292,-0.7539218253994452,2.06184478378892,1.030252432029143,1.0011679777309845,0.2638556638270372
1a0c7d8c-dfad-4b55-87e1-c7df5010ca46,reestimation_v1,10,1,0.4784392370847886,0.4081661468610597,1.3124012259715654,-0.24573796849797128,-0.2977959076059489,1.618905723364059,-1.914854310151917,-1.6288341606869639,2.2424467591619432,1.2150881473830617,1.2837469489497568,0.278717122234316
fc8a6052-b792-4923-a152-1ef2d9c4f20d,reestimation_v1,10,1,-1.7533279420470018,-1.5889553620385448,1.5300899995580999,-0.9299800171547359,-1.0162827801526804,2.163121840537111,-2.1958467996561404,-2.14921958168092,1.8111824222883564,1.177782100538657,1.239048534266791,0.2787169723433637
0bbebffc-2279-4da3-9efc-8173cf0cf68d,reestimation_v1,6,0,,,,,,,,,,,,
db944349-3193-4be0-89ba-441058ce4886,reestimation_v1,10,1,2.3458562573071764,2.1292887661030298,1.4000229960932813,0.30878765975207223,0.26810643570034776,1.6305169096580103,2.0400760032785414,1.894273965420602,1.8260070147417562,1.0437973233229008,0.9906974527339621,0.28351246856012513
13221477-8b47-4719-879b-610e1b7c9974,reestimation_v1,10,1,2.8835411807163975,2.546494707494621,1.4661717948789224,20.395453107799767,20.365182330139078,2.1635073747872284,-5.447628158860352,-4.827831507789442,2.905326538506988,1.2050138159375403,1.2490449816208766,0.2582932348242724
bd6b89d5-ddbf-4045-982a-60d4a533ccc9,reestimation_v1,10,1,-2.9468904204608677,-2.7987618436875317,1.4942349630830485,3.903132014413867,3.938966255367653,1.9551280235617514,1.0595515019296986,0.9316189796759005,1.9315355157896377,0.8775299047395876,0.8114199816301064,0.19627383075220253
78cfb40d-bb36-471c-a96a-41d8439bdcfc,reestimation_v1,10,1,0.5855737026801514,0.7091127739738512,1.1983102303892557,2.6015651503328074,2.62973822617369,1.3999427615542341,1.4118478479800585,1.303582080335683,2.279830831272581,1.0013224391240998,0.9493993829331548,0.298030034837085
2f24226f-72fc-4e15-8182-be7c6c72004b,reestimation_v1,10,1,-3.155756043315201,-3.3890650103001776,1.325321245217019,0.29446104456813643,0.5171893124348781,1.2608437544730655,-5.19729070275229,-5.333486388263406,2.0773016553370187,1.2579585261967605,1.297719149189136,0.26593660037473943
c18d95b1-9a65-4038-ab13-54fc2f190d34,reestimation_v1,10,1,-1.4098073212289122,-1.3015879064564126,1.508396497963147,1.071468465324131,0.9635819874922131,1.6601106403931565,-2.6166011211447295,-2.504085966607407,1.8817985288159527,1.1403422507365744,1.1699350812053892,0.29062569482400635
a3de69e9-4d92-411c-bd69-9c1cbce743db,reestimation_v1,10,1,0.9853223140320139,1.0522427062129185,1.3959509138104114,6.032740298523807,6.037213917921287,1.7449705911774693,-2.5900114458720314,-2.763317519914172,1.866648734048492,1.183046152732803,1.245354634178075,0.27159149673219674
26a3654f-b332-4b09-add0-711d9511b8fd,reestimation_v1,11,1,-1.0912560108192801,-1.175675766312441,1.4198162272729171,1.2037182498740193,1.38270079413926,1.7574178087946475,-1.699351848566518,-1.5217554196186072,2.347517324610954,1.0167759963289118,0.9450836290071013,0.2847975637374147
cd4ee6b5-e984-4a8d-b64d-acdc677707e8,reestimation_v1,10,1,2.664193506365098,2.835073652116236,1.569619184392827,6.611174348938841,6.623501522063152,1.6226347313521503,2.3381029459187412,2.3666923883308555,2.0602686883701837,0.9966407895421089,0.9572907210327263,0.24220637775431647
33d16079-38cf-46f8-a37a-8c3d2f35605d,reestimation_v1,10,1,1.7109207735460004,1.5813281000854835,1.4855811331288444,3.7624117221384688,3.8951388871952988,1.8828731788799666,-7.6490172481477465,-7.552903321045017,3.891442430985929,0.7642387850812582,0.7350953729278445,0.11173540002922656
40278b06-2d69-491b-bd5d-f9dfbdc249fd,reestimation_v1,11,1,-0.47954123225792794,-0.4651117694714608,1.1891161335273097,0.4855686951829216,0.577240909782833,1.5397289364806759,3.932916704189205,3.4593757728003274,2.429316190964101,1.179712431145845,1.2472168201427807,0.31408277542364216
bfb4efcd-cf6c-4f64-98fc-391f921d02d3,reestimation_v1,11,1,2.4133305800249807,2.3519703449448435,1.7124889493583906,18.033947378440857,17.876391362512674,1.9360079396085483,-5.116148415980635,-4.824041539166056,3.1120643117834685,0.979382132141448,0.913222084789704,0.2387914925458848
fb0619b4-f217-4f6b-901a-8e7a1cef5b6e,reestimation_v1,10,1,1.496997229125077,1.3149703766838359,1.5329410301417827,7.602764508566297,7.655969382360608,1.8830578845604007,-2.430436180072246,-2.2322869907598055,2.865635461449344,1.0442502162179341,1.0093465457416473,0.2648329793261366
4ebf35d4-570f-49c9-a2ff-ed756f011cd2,reestimation_v1,9,1,1.401902108903796,1.5303936730441343,1.4361347879965425,-0.16128934463014258,0.14395616024723434,1.7992200912951055,-1.3286697256902789,-1.129655376572994,2.060472923641404,1.1352315355969398,1.1224468370486214,0.28666833176585643
b80cfd5a-1c99-4fc0-8203-a3399e7ef4a0,reestimation_v1,10,1,-0.3878643566769143,-0.38051436830495167,1.233448970501078,4.52566062973074,4.446413294984098,1.7532710794962836,2.900788350187733,2.669382278486211,2.090114570850241,1.077845842316577,1.0700231024132745,0.2617420796558868
71e4de6a-af85-411a-a739-76b6b071e264,reestimation_v1,2,1,-1.0513167518842919,-1.0834131372792855,1.8732035157558773,0.5009105393522795,0.8301760075307427,3.3558229531970247,0.883195012314964,0.6543716625838505,4.529273511670779,1.1350436309715894,1.1385663633213383,0.2916058503089739
7ff47169-f193-4456-9b48-356640720f69,reestimation_v1,10,1,-0.45517119257583216,-0.3454650273098645,1.249202274297745,-0.9508144707340047,-0.9208917560373946,1.9069462142815832,-2.994314267812299,-2.6938775845798637,2.294644547837868,1.031151395376626,0.9837108025356386,0.26869088363308374
2d96637d-ae53-45e8-aea5-0be3f2b8de34,reestimation_v1,10,1,0.5702954986791455,0.7250104137114366,1.3285604156395623,1.6907412014585472,1.5782166422933037,1.7107470962976636,0.91411019665634,0.7473848307305571,2.221565088293168,0.8825804389635381,0.8312242279917879,0.20204128647292396
7b739d90-eb21-429b-849b-633cc47281f1,reestimation_v1,6,0,,,,,,,,,,,,
29a4aeca-70e1-4236-a986-9d81fab2b520,reestimation_v1,10,1,0.35709718745890584,0.1578989326104155,1.2970521739279708,-0.6509219009312431,-0.6614531464990152,1.7568467119093467,-4.2683099516464065,-3.9113310225013187,3.118006312933934,1.1582920155121696,1.1324242982713464,0.29406482668225514
c13cd43d-dff7-4eed-965f-39c79e0d7c85,reestimation_v1,10,1,0.4660078373227656,0.501406839560794,1.393829379277001,15.525155666925793,15.426744835997614,1.3585798279901582,-2.8391835212706127,-2.9917121654842784,2.449480973493966,1.145489558167897,1.1319510081078523,0.2773714514550807
76aba6e2-40e7-41fd-bd7a-b60c6f27e66b,reestimation_v1,10,1,1.1329209170216097,0.9963498993866602,1.623778465337353,6.591198095232927,6.418587007587093,1.7697807561091345,-3.0220502443971036,-2.8830769460151853,1.7376743179502276,1.0790276510445136,1.07520995305361,0.2800349807085745
e7011460-4a54-4c90-8c5d-74d933065de0,reestimation_v1,10,1,-0.428366607725243,-0.43624851167262957,1.301647994698476,1.8027835481748355,1.8101504120811729,1.6105936449823128,-1.894606162077074,-1.7642031966335854,1.9823743640553835,1.0281465365184872,0.9567852953020544,0.2969339252150436
d2d8f8ea-d615-4ac3-9d5b-83b0262cdf5f,reestimation_v1,3,1,1.1102758916542141,0.9780546826653885,1.568675306367928,7.7101998822792925,7.08464940215338,3.5323114851274795,-3.8541149170929874,-3.2902136925539565,3.413440319223207,1.1395229471587267,1.1347355624319198,0.2830314774141287
6ab7a2cc-7e38-4dd7-8258-5588d8d82737,reestimation_v1,10,1,0.6525553509165481,0.5678087123786221,1.3007087153877372,10.31991135832504,10.145684858346403,1.6765432937683884,11.862568212311915,11.907881484814274,2.611582354767231,1.1250491848592172,1.1158447291055298,0.28718321913172834
1bf68a8c-6726-4b60-afc8-dbda28bc1b73,reestimation_v1,1,1,-0.8139617185714241,-0.8899345446104956,1.9775238932928128,1.0403036908466423,1.2442901303929192,3.4454623784713267,-0.20600714153726576,-0.26265558202343486,5.105609129482541,1.1515887987398175,1.1418672716472642,0.2887918505271251
adc11f6f-a2b1-49df-8aec-7e4d4a073fa8,reestimation_v1,10,1,-0.965980112867519,-1.0651650526036593,1.5022759612958536,8.824877086797299,8.811296990020438,1.8826523042336194,-1.5945662917481347,-1.4236959629835235,2.3605753286657882,1.032984021554953,1.011012489738682,0.271739331155261
4052905b-e4c0-4fdb-80ac-40bcf1492c86,reestimation_v1,10,1,-3.7213539088291787,-3.6765059632663832,1.5094085172768839,4.158484250729679,4.244611332328262,1.3398129715387193,-0.9911340904587751,-0.985993724950757,2.0185842884217062,1.1954514034556691,1.2494587142633422,0.2649102889001516
f1c8151d-e363-46f8-920c-2dcec7a6e35b,reestimation_v1,10,1,-0.8017576583568925,-0.684896372999154,0.9787779564000663,-1.6274018627634281,-1.579802621595793,2.2176296937878752,-3.026436610567336,-2.8085322023397277,2.4339313464156755,1.1644294341174954,1.1682225016496546,0.28203921400967413
203aea3b-e98e-4fc0-adb0-01a02cd91745,reestimation_v1,2,1,-0.9736897587938198,-0.942734372903187,1.9120804926797896,0.13468637573118308,0.24181248090045315,3.1733197876732118,-0.1406026731792183,-0.13449611742798107,5.086131994627874,1.1272267217091292,1.1155388922220908,0.29113246593507497
6355be17-e073-4e1d-bcb4-00e1cbb9eea8,reestimation_v1,10,1,1.2498527236783095,1.3394742848953567,1.3749238254935927,6.4322244551135865,6.354141324064644,1.6300785916185858,-2.637519894544313,-2.5120428014839513,2.4827944693089674,1.166185747942054,1.1798357210074764,0.27281268280255105
b9e25c50-0d56-4f78-a288-10cb0aaf14d0,reestimation_v1,10,1,-1.542400475841397,-1.6396968894270292,1.425563891194441,6.012635643358441,5.952410899981656,1.8643466435762623,-3.9867853117003005,-3.4194009677724697,2.355052064457934,1.0989345946623807,1.0888202317370077,0.2902771920332639
7acb6741-c1da-4627-882e-6697d1112ef5,reestimation_v1,10,1,-2.097209493695411,-2.183392292534599,1.4075072554808956,1.4218145043096557,1.126107101750831,1.8635334250621298,0.2926612861476886,0.18672474967213382,1.5211832274990795,1.1423793742653627,1.0955301565597075,0.2891777825836611
681cab6e-8c94-416b-b288-8f9b6b6dd44d,reestimation_v1,10,1,-2.9219666247816662,-3.0227267377431506,1.629204758452887,7.088402670675243,7.050700478645812,2.4969268006174596,3.5138277129992006,3.612051249971609,2.30032706741344,0.7890594822687846,0.7473822262749629,0.13697967937364944
8e1c518c-88d0-4f74-8a69-b076675a09d1,reestimation_v1,10,0,,,,,,,,,,,,
d144bdb9-4e83-4e58-9f56-49275ba2aeb0,reestimation_v1,10,1,1.0214997054834138,1.088232835501025,1.3746624574300539,-1.0746338013918035,-0.643777686025901,2.1662628601245433,-2.17963054144844,-1.8586769373807854,2.544070144004635,0.9010380065020851,0.8133527912710353,0.2394595676719705
9fad2399-6532-48d3-ae27-f31bb8b29858,reestimation_v1,10,1,-2.1449404656465973,-1.996886987043822,1.5127628257496357,6.245934945439432,6.407280041387292,1.4350247453951268,-1.3049922256497604,-1.3017926897079382,2.199019781584195,1.0085180256454573,0.9371549961629593,0.26003359510453433
a09c2eb6-ccf5-437a-99e6-69ddec2f4b18,reestimation_v1,10,1,-0.5054458107027756,-0.4636602044870979,1.2123047626353674,-3.9774993988723026,-3.722742578196458,2.6038302085347245,-3.578399417343801,-3.3709129795798294,2.6348263300800343,1.127253283133966,1.1056642202558296,0.2757808381650241
02256753-f303-4db2-ac37-e5ab1f714468,reestimation_v1,10,1,1.1070958708160739,1.2704851049545118,1.4278160723959132,5.842601752921468,5.830932579785662,1.708031050651108,-0.5770034376127745,-0.8422040813407473,1.6742399107676262,1.1006974670607474,1.0644302740087863,0.2504317197710995
acf5f5f3-48cc-461a-9a05-08b4593455c4,reestimation_v1,10,1,-1.6327373752564203,-1.7035098767286412,1.2227345197728259,0.9698477867320696,0.8859964366571136,1.4242244316318233,0.02250029361647722,0.07815853742177281,1.6120693684480873,1.1158756952122013,1.098676124408405,0.2669972738800037
881a6b8a-c35d-4113-a523-155662f4e717,reestimation_v1,10,1,-0.6505630935374555,-0.5767224946065101,1.539419892264715,10.257212620346092,10.363016478622688,2.0348722367790075,0.9392206676343249,0.854724803169283,1.960742593651196,1.0139527631471321,0.9683640210329078,0.2640606873569465
9eb3c04e-8fb4-4f81-bae5-de4141595207,reestimation_v1,11,1,0.16365140205083575,0.25803832511162117,1.482926892177665,20.05389536232054,19.994262008412974,2.0369395887139055,-2.9706419654624314,-2.8804990665836807,2.390504218996861,1.0239794033186884,0.9368014449856432,0.2842327409420896
1b19216b-ee85-4cc9-b439-525d0792702c,reestimation_v1,11,1,-2.577739788372122,-2.6505051267832744,1.4443912213688328,10.306566074339937,10.358005226035573,1.988552689059463,-0.5271714127937457,-0.6567911673811728,1.6992084102262925,0.806196765947432,0.7577445789071642,0.14847708403621707
b2615f16-93c2-40c7-90f3-41e0c9786797,reestimation_v1,10,1,0.5457487589820005,0.5211968853413119,1.5173142852808592,-0.5250780551498534,-0.4555053460127585,2.3139291770792285,-6.415816363745482,-6.378504829800907,2.0838651855854664,1.1122273333973913,1.0972437293641586,0.29688342762900144
732bc137-c863-4d58-8651-7955af2811a5,reestimation_v1,10,1,-2.4115966420248327,-2.19763310732019,1.3276537018333532,1.8829877163140067,1.9690870881138607,1.3381535141030343,-0.5755089825995667,-0.6511753261143784,2.2714071081124576,1.0057333598358145,0.9467335662722918,0.26734306992091017
38b0a22d-cec6-4786-9a2e-349e5d19375f,reestimation_v1,12,1,-1.1668575147158426,-0.9566851116105661,1.3303059914465354,1.6293525582784418,1.5814475496446647,1.4303257803737401,0.9818956384951665,0.8827496545277064,1.5522335324261674,1.1688804732959506,1.1416679767935265,0.268500905102419
739015d5-7bd5-4290-9843-08586d04f783,reestimation_v1,10,1,-1.5875305327253064,-1.560616968704325,1.5472903946341126,5.936379824026805,5.78744091770925,1.8576756608787701,0.5110639804795349,0.4590115084651103,1.5650111938035414,1.1310775124066328,1.1359944846578747,0.2850224958116558
bc8bc671-71b1-43c9-ba5b-50510f6d41f4,reestimation_v1,15,0,,,,,,,,,,,,
d6694458-0360-4388-99a9-4b0c679df135,reestimation_v1,10,1,-0.8948332050533778,-0.9197473969147029,1.3213739066976025,8.42689662793698,8.38202181052785,1.7846686591377192,0.47539087198343905,0.24499462040104802,1.8730425055581719,1.1030847094073946,1.0871133958060026,0.28540696817058436
a6273ae3-f540-4f49-9a36-09bcfa330ab7,reestimation_v1,4,1,1.1593935876678019,1.1159382179119017,1.5565765827448028,7.778503496456132,7.417116494459455,3.5495598076709887,3.4962700894791023,3.3630499255157336,2.7883295679983657,1.1548756090838979,1.1530874062467573,0.2785552534948387
7c3e9897-a64a-4b05-b2b5-0407a1a4b511,reestimation_v1,6,1,1.2900348905186942,1.2974430141436317,1.5206217702761575,7.694782479443758,7.696375785558542,2.2458129508265783,-2.8171147664291043,-2.337787816206492,2.9518000480727378,1.143471594984817,1.1443260216835975,0.2885926600564859
36f2c416-97f3-43ce-9f74-10c4aff2638d,reestimation_v1,10,1,2.6973412393929452,2.4273066915289148,1.5096630807794578,4.514966241917284,4.292224280391971,1.941348207266062,-1.0709545774126665,-0.7928498888486895,1.8085704567947203,1.0302733382221634,0.9309332279407719,0.2925433601343698
5b2ecb06-d545-40b7-afc5-e19d0bafec6f,reestimation_v1,10,1,-0.9570775656677968,-0.9542236336479419,1.3447117686843804,1.2204192316052846,1.3444471326909448,1.6343235228901483,-0.7767430615730679,-0.687581717858543,1.9396480291029115,0.9702850301505328,0.9383969571093235,0.23404315582718452
4968fec7-5f65-4783-8d00-e37b8d644477,reestimation_v1,10,1,-1.0617919384605734,-1.0493733830894871,1.2300760626731175,2.7550829600213858,2.879095343812257,1.5791470994806889,-6.560460878501952,-6.598502840637895,2.9222919937613945,1.0215766412799847,0.9620845060273888,0.2650123562998893
9a3536cd-0991-460d-ae38-5f1700e8419d,reestimation_v1,10,1,1.8602964408703804,1.7423057309431453,1.242277991060156,7.113726465777235,7.195869238971941,1.8334333439002999,-1.057266991835011,-0.9354327760715446,1.9331162601258074,1.1576186866694056,1.1942662693949455,0.27333333756677475
a2bb6583-bd35-414b-9c1b-a63e4070aff3,reestimation_v1,10,1,-1.3378628168291415,-1.1930876529299936,1.3945075679806664,1.1765784898120764,1.258358438132891,2.150734022964449,0.04942088166976058,0.056804905104745895,1.51341068957524,1.0742002436320024,1.0427691493061477,0.2691228511082662
2c3c21db-2029-4748-9137-e43ed628d34a,reestimation_v1,10,1,-2.9155815247698165,-3.0546032870036353,1.4623172557507598,3.0853688411534246,3.0232892268671145,1.5444705234168403,-2.775016133627077,-2.425756429843316,2.490831261738974,1.148263772096807,1.1765668806504406,0.27537922903285517
8da787e6-20cd-46af-8a24-4f13de5b0805,reestimation_v1,10,1,1.3551080730832783,1.1846800936504067,1.2420831618164443,0.5276587630322247,0.5470691570224744,1.9766336719676108,-2.426495506122339,-2.2887930257075983,1.957372857844996,1.0910612464473806,1.0870191982613198,0.2584227749215116
cf65b8bf-cfe7-46ed-9e0c-aae3b358f8b4,reestimation_v1,10,1,1.2416775233256492,1.2078173024562215,1.2630309419167427,-0.4745479889538855,-0.39884758612243454,2.9857668329509015,0.11966346272873266,0.3758721466205548,2.8901590959962777,1.1592490926811239,1.1532155735941734,0.29662708406159716
a1c40593-e9e8-4c31-9baf-29f5386fb0ad,reestimation_v1,10,1,5.836787614809849,5.915415358397419,1.2140963054285554,3.6812950908593463,3.461433422623802,1.6025879915966934,-2.2626040501183233,-2.0961953786296514,2.146089894981042,1.0568014185093773,1.0777299059537788,0.27906794524169204
61d0c688-8bbc-4ba7-a499-fee19a00e801,reestimation_v1,2,1,0.35195660158375447,0.4648563055346111,1.9382611934448724,8.57532003203669,8.488457659323222,3.6300195577358285,-0.8885722646110393,-0.6228499496722151,4.3759147842838795,1.1561792950709886,1.1594653174938117,0.28881652472723096
f1b419ea-1011-4ae0-8947-7abb6d735758,reestimation_v1,10,1,-0.6810868139242953,-0.7196192656658312,1.4135311824947498,2.243402896279714,2.1827100194901563,1.6410207064632343,-2.1276673682859606,-2.064973886517848,2.3209242846905123,1.0889140792366907,1.0594653908219305,0.28016172042871584
0fb1e54c-5ee4-4cab-bd63-ef836c68bd9f,reestimation_v1,10,1,-3.442606033241109,-3.434608188926997,1.4146898786382651,3.0869766074160854,3.2322267997189362,1.5291899972237855,-2.9207203245564815,-2.3746528498017385,2.372504147048343,1.1939893169234919,1.2027079753881842,0.28029639057353894
d71bd607-848b-4737-8dbb-52aaea55369e,reestimation_v1,10,1,-3.2162954352395814,-3.1742204282975943,1.6449292690747879,0.9727698400009481,0.9452235105772093,1.747656488022711,-1.0657907127204034,-0.8707627400689415,2.2756201258703874,0.9755281178073819,0.9265599268782131,0.2592915104487378
c600c83a-3223-4522-984b-099a119db732,reestimation_v1,1,0,,,,,,,,,,,,
d769137f-0dd9-4f7e-821c-5ea4c9c7be5e,reestimation_v1,10,1,3.257913972528252,3.2444746237631237,1.5435240898366342,6.554927027850193,6.282046279754536,2.0299811065958604,-6.487158431832604,-6.334089066306038,3.0399839390195345,0.9682749213992516,0.8931169227215079,0.2464556771052262
d29b484e-12ba-4f6d-ac67-645a660ee3a0,reestimation_v1,10,1,-0.6306256834465105,-0.5247623028740687,1.3462878041573423,2.280925882330196,2.4834991349224276,1.8041143140907547,-0.6885682919089892,-0.5198049303291449,1.962732595088174,1.0257614357068325,1.0021920926417036,0.2597557023768089
28e43c68-743b-49b6-98cf-5f6cb0389402,reestimation_v1,10,1,-2.890854212443626,-2.910397985003156,1.5321247356876644,2.8552193774864656,2.821109822255304,1.6629740056430882,-3.281382779109895,-3.350097330915027,2.7880333333042655,1.1409694023821313,1.138927612864993,0.2844213143356852
a87ab0c8-4545-4224-9eff-bcb10f058b97,reestimation_v1,10,1,-3.3786631789201333,-3.294260327656306,1.644831671032975,1.9415448939786242,2.2486093051856972,2.0944544658011397,0.8230229836934444,0.5889490383781022,2.3041607918251397,0.9137296126064463,0.8293537234494832,0.24188736662681362
e6629890-c487-4d60-9e6a-504bc7f1662b,reestimation_v1,10,1,-1.6370662938737859,-1.6627339807141746,1.5308271871473949,5.841586305009821,5.549674680497958,1.8276435795293593,0.6857521685095003,0.8043550008631444,2.2457516961643087,0.9208221411791172,0.8247480977759665,0.2332790577315306
cd0e6816-5a8b-444f-88d2-1a1709b2a77f,reestimation_v1,10,1,-2.96383415527027,-3.000971005590621,1.6946364956826765,10.267329925322128,10.483976171544231,2.018522874630752,-1.9574086979086158,-1.925222605841885,1.8699830340523986,1.0741854479822532,1.0526155177238505,0.278599599093065
e286b4dd-cc11-480a-b969-6cd4421e96cd,reestimation_v1,2,1,0.1759231276869159,0.2021136385545188,1.8187042922975856,6.909445449709033,7.007598935608105,2.8040975482215726,-4.058409840941485,-4.005090186187576,4.096985573137215,1.1365707302256567,1.1123025801664541,0.2998425523008321
23afba47-44cd-475a-8c52-3038d78b2987,reestimation_v1,10,1,1.0477324533620345,0.9424998887750256,1.3804057341033489,0.23397875108226454,0.07060238891659676,1.6638394795548863,2.0281245493879356,1.7590506377183832,2.0624820488540734,1.2055221799373272,1.1594087631558045,0.301505351449122
b86e91b7-0238-4fdd-8a47-4bd9cf0c678c,reestimation_v1,10,1,-0.8362412894328152,-0.9358231756331808,1.364647973877724,1.854567466303705,1.9200937087567445,1.7664450454843068,1.4410068700484433,1.4069481396319155,2.0094067364853734,1.158281171065897,1.1471505368385986,0.2825129878351954
44e48846-a44a-474e-b77f-792dc08b5c7c,reestimation_v1,10,1,-2.401731451756027,-2.51870477597054,1.3550871191277178,4.187953565487836,4.137653763169713,1.4629242058891778,-0.8330422336164928,-0.712089880963352,1.846618249118973,1.170922924591483,1.1539833116152456,0.2997769683859816
08efa9c4-7c51-40d6-80e6-ae77a3660eb1,reestimation_v1,10,1,-1.1060232065955005,-1.0405331148402768,1.3258479644831618,0.7743670928416078,0.7835350319514189,1.508551268514662,-3.3560985117747966,-2.8254751663196256,2.3045179558264692,1.1621295202488582,1.2077770441883755,0.2947300864926601
ba0f2d5e-06bd-4c15-90ec-385174370dc5,reestimation_v1,10,1,-0.25986397445473486,-0.4500343838096106,1.4089436760235259,-3.7447805978862205,-3.527667295672072,2.462045137758129,-0.9846177613106174,-1.19962719829537,2.23938708457156,1.0220859945020158,0.9930116283391097,0.22972680144168162
06cc7c61-a56d-474e-8574-4625c6da06ce,reestimation_v1,10,1,2.9784041532993957,2.9972823186004414,1.536018549248651,4.60620715030251,4.508854816412535,1.7473868899745042,-6.960843345376269,-7.109956904357581,3.316679998621304,0.9767341678032004,0.8972327929140851,0.26198103913956616
18b9f91f-92c2-4e59-8a41-31103c77fbf7,reestimation_v1,10,1,-0.668548137241044,-0.46174583415228043,1.2401264327435417,0.8507179294028759,0.7809939562125159,1.3391200398993424,-1.454109772837652,-1.189955766998498,1.8094544444799574,1.239426847813562,1.2625789999408195,0.2828187977481176
8c932cc9-cfee-4fe9-9438-4a4554c5dbbb,reestimation_v1,11,1,-1.8885609362123368,-2.0030230505856803,1.2750315131741234,0.5072767856774549,0.6314260085537635,1.5103922570312975,-2.059271297530104,-1.7077403534938922,1.6290606265345249,1.1972290207701815,1.2026564207923545,0.2920493281268785
4ae69919-ba3f-4bdb-bc0d-09b2676d52b1,reestimation_v1,1,0,,,,,,,,,,,,
9bc7ba19-05d5-44aa-84bc-211ebeac1ea9,reestimation_v1,10,1,-3.2637214805373653,-3.304702708679425,1.457317550987579,2.7886048361228446,2.876303836019975,1.6337344190068839,-1.354505579699515,-1.4339799542245082,2.329703381306449,1.1238370824935415,1.0963425525502362,0.310176907464688
1a2dce05-50b5-4aaa-bd7a-ed53937718ea,reestimation_v1,10,1,0.4027961784086191,0.35652101059544183,1.446537284318056,-1.2522576466075372,-1.0601105357280447,1.9441168410410967,-0.17532323110533007,-0.16245684571055552,1.717181207668277,1.1185171119951833,1.1056602427841327,0.28461414870230667
18f172e0-0483-4b01-b1b3-d1be019a94ef,reestimation_v1,10,1,-0.8918005401432924,-0.8260998627756793,1.422215479520076,1.8282150906184547,1.8932168582502884,1.8346766713304083,-0.4799187125871347,-0.3441620882220071,2.184008560659813,0.9896268392672221,0.9073786800480629,0.26831175115060774
049f8254-8ae8-4f22-9c1b-cef570a83dd4,reestimation_v1,10,1,0.4352818758501871,0.5991319276961824,1.4250078529817938,6.860019741750567,6.923897879429884,2.166073544545226,4.9579728271515755,4.9313387680671426,2.95563767688223,0.8208038568005759,0.7538159015014445,0.16290123909285073
c226506d-e40e-4162-a7b3-6783b1e0e696,reestimation_v1,11,0,,,,,,,,,,,,
1f910e46-1e33-463a-85fb-55f5344ed981,reestimation_v1,10,1,0.283371473678139,0.2532815616490874,1.3301962690798643,3.986838004827872,3.962877898279027,1.575782941340119,-0.18482767825297175,-0.020882352028983142,2.046602897845231,1.0508839211855183,1.0035536845013087,0.2643187197335578
a7d4b3cd-2d63-436e-a20c-9af08d3cfb26,reestimation_v1,10,1,-3.055552982761716,-2.6845185995645546,1.6048148435135383,12.25687441672116,12.240478218563368,1.5749986062074237,-2.03654887058526,-1.8436864932459618,2.1937556958965474,0.9303824435423077,0.8498359617161264,0.2643012694636335
843358a3-c20a-4b56-ad1a-fdd2df94c8a0,reestimation_v1,10,1,2.740046144515859,2.755668389693209,1.57279172611775,4.405097045446249,4.220020613868231,1.7564619270105817,-3.5896577296681396,-3.3661570299444876,1.967573116516009,0.9727003229394923,0.9079349080546312,0.25494468563468536
c4dfeaf4-b05b-4ed3-8187-af96c22c931d,reestimation_v1,10,1,0.3910984619653116,0.27742080466170593,1.1741411095045318,2.5395513181406515,2.5583068739015076,1.7004204524120798,-3.4815166747155715,-3.167736417502464,2.7106938048573395,1.0047653884466772,0.9374937053832656,0.2583642926255923
15f7049a-da3c-4f5e-834c-c1adb00f9f37,reestimation_v1,10,1,-0.4902586719061039,-0.4782878353044051,1.096927307948135,1.3205456995290858,1.2266299484395937,1.711196275128703,1.666300758264125,1.6437894779179536,2.341154585304388,1.129867908591883,1.1262348203459065,0.27378069179402253
9b6d32fd-5088-4ca1-ba9b-76844fd515a4,reestimation_v1,10,1,1.3333913885502533,1.23551626688192,1.484930070359625,16.28767891053864,16.14540008259201,1.6645154283218715,-8.699678432051169,-8.596928067431538,3.051157675004853,1.0380699398096,0.9760370300674563,0.27185776400381734
f593b5b2-4a5f-4124-a864-172c0f17766a,reestimation_v1,10,1,-2.890473062303589,-2.9215599445950624,1.4924289758654972,2.5038971224090383,2.682929903990296,1.4508137194101884,-1.2965713224048645,-1.170332869761764,2.133702432121248,1.138654660495629,1.1110753778353766,0.28831905539936287
75df447f-b7a2-4c7f-a8cd-59825120e401,reestimation_v1,10,1,-2.7516039562121475,-2.782285569420704,1.6481196499712536,-7.910600390754658,-7.92864167667022,2.8154070405760208,7.590820281767595,7.208821165324988,3.8676310145388384,1.2116582515126955,1.2647374396911535,0.28429768603916555
2459a05c-14a2-49f3-a875-7e9998b4c4d8,reestimation_v1,10,1,1.6931287837340663,1.5629050100520836,1.085915912830623,0.6453307244367384,0.6757025659049842,1.5335143880591333,2.5433345355097066,2.163042525212763,2.143300603067562,1.281764022110566,1.3759422284231932,0.28112749415564126
8b905afb-f3f9-4e94-8d66-5cf0d636baf2,reestimation_v1,12,1,0.33131133946927055,0.325244061500372,1.3190720798127837,1.1340840891055681,0.8913716010663921,1.4202844593380042,1.0062189069325107,1.0570262748452945,1.7776182195755932,1.0334588315892101,1.0030418309913869,0.26485950021268634
d89251fd-fd5c-4194-82e2-99c607a97557,reestimation_v1,10,1,1.2933241581456631,1.156853612838249,1.4783009640800169,8.575992427005993,8.556614066101412,1.7110414329299675,-4.8092280504502,-4.623887647439243,3.147472293240922,1.1822767546079183,1.2034297934918843,0.27559973299762225
777898fe-3406-4520-aed2-8a81d2ba1bb6,reestimation_v1,10,1,1.42701269502897,1.3213005742980415,1.553228055750984,7.670695919795786,7.808923417144248,2.3134688051227976,-3.2458025581805985,-2.9205306958304083,2.255914028753397,0.9759439928288586,0.9286477194153199,0.2572650888174548
af6c2654-fbe9-4655-8f45-7d9f35427b8c,reestimation_v1,10,1,1.2215145060930093,1.1265018268060174,1.1714029232653598,4.8589931472147425,4.918708934879172,1.2012736625498757,-2.7974848029940396,-2.778342205757869,2.309119054529754,1.1909330309093065,1.1832427441215672,0.26964885546919626
29ab267f-9f99-4311-8d85-d89595eb3934,reestimation_v1,10,1,1.672057602090919,1.6319016853199277,1.600942892252055,11.156850860533224,11.189710390093138,2.194105361266931,-2.2967483917261022,-1.9838338835323681,2.273613838099971,1.1078961852698668,1.0903175472743267,0.2731389740746126
58c19917-aadb-41a6-a82c-1b4eb3096390,reestimation_v1,10,1,-0.8997162173783907,-0.8337676234818074,1.4765124977136999,2.09408144774137,2.2441629201619904,1.6922860468026653,1.1024168884577383,0.6640983859648424,1.497263201320195,1.138083810996395,1.1276146564893377,0.29443872463752746
8af3fe61-0c87-4725-8de3-82584623232e,reestimation_v1,10,1,0.7308873974769502,0.7070890809587729,1.7364325159178542,12.246027852265913,12.051963967515004,2.0172317703632814,11.39086058076634,11.457162625571959,3.5066020203495536,1.065574857728576,1.0188952640338522,0.28981997301424123
3e7a45e9-201b-4c4f-8018-3dc27053dde5,reestimation_v1,10,1,0.20071686324243132,0.22910336364404627,1.1666352099480135,1.841902934092766,1.9007044077853852,1.7105255094245597,-2.144508554427881,-1.9795460326784484,2.2636636540028556,1.0464673042035941,1.0368100408336458,0.2680377641260727
8814664e-d7d8-4be7-9f36-863cb9d39adf,reestimation_v1,10,1,0.41562569935074833,0.37929779561946003,1.1373647397333808,-0.46405724731564524,-1.0363711091912935,1.9269902156109364,0.20707974019584705,0.15441156975408,1.6316094216497834,1.1579140018348997,1.1655332113173347,0.307435152099417
c83508b6-c53f-44b4-b8b3-5c089ed5e26d,reestimation_v1,10,1,0.7133409443308399,0.48559765261705745,1.4645317429155162,-1.1898522521503325,-1.2358361575622863,1.9131282410188146,-2.872910789257441,-2.8894088548187478,2.643603237356123,1.1679173129521248,1.169382374092285,0.2773587468181603
a0cc77f3-c360-4d9a-a374-dc00e11495c7,reestimation_v1,10,1,-0.1704319814033633,-0.23900262182144605,1.3909386828477286,10.588628834045117,10.558814890810144,1.6254050051657245,-0.11957152124276028,0.010793197453224105,1.6709344491500753,0.9345611362553543,0.8330565852420404,0.2514454124733395
b08eb01a-89ac-4b0c-a645-e441ecc605e7,reestimation_v1,10,1,-1.1453750913143852,-1.1908610023675599,1.4498138413595232,1.0509059508328664,1.2883632749461378,1.9810037639483666,2.2635247208570917,2.113549483067364,2.3895754037334904,1.1799406541154867,1.19648088538002,0.2980655277892551
bbf9cfb2-9796-4deb-a721-7fd526e0bc2a,reestimation_v1,11,0,,,,,,,,,,,,
130ce3a3-adb5-447b-9765-5c53ebbbf764,reestimation_v1,10,1,0.2578010567691914,0.23142287030998207,1.403042499224883,-1.4281538338394058,-1.5431648142815435,2.1772663038961313,-0.4250338078900823,-0.3960874163134811,1.979254578684128,1.1308611842826277,1.1329607782206854,0.2977291513736815
93ced812-7655-48b2-b968-ae8994ad103c,reestimation_v1,10,1,-0.43914059559772867,-0.37347800319796987,1.4224645559801166,20.616524905032392,20.53380079383286,1.9656871859928746,3.725695638223652,3.1987489759662378,3.2389251429774157,1.1518309297557054,1.1415867279556184,0.3056430419924874
8d6110ff-64f5-45df-9ac7-ba1dcba547a6,reestimation_v1,10,1,-0.507848670797251,-0.39355324181391094,1.5400910023322365,-1.3835543184322396,-1.4739233301034629,2.317958115619554,-11.334477022847999,-11.25114478497553,3.180981219028242,1.0453429610818061,1.0010858106827258,0.2708574450902677
388cbd6b-2b67-4471-b09e-b7006503f779,reestimation_v1,10,1,-0.28673877249283003,-0.22248102911167528,1.3614547365468663,3.0877153501317784,3.1191293433574465,1.7125183391569851,-2.386462593258218,-2.564470645334014,2.3824805713323713,0.9285931202873138,0.8502833718068632,0.22873720438117404
1c5dbf36-91ab-44e5-a61a-ca6042507cba,reestimation_v1,10,1,0.4386992352436082,0.35612800523515764,1.2485367077665757,2.8648015450954603,3.121570425947252,1.3177836542707957,-6.486606785075151,-6.256727544167366,2.051968082494448,1.2497499360519169,1.3271937211204126,0.2894392114643473
e8899b4b-f8f0-41a5-915b-d36519d3e571,reestimation_v1,10,1,-2.4869832536266325,-2.5599706508988276,1.3162292882336017,11.540532781080865,11.508750247398511,1.5935252009539558,-3.5073703795918556,-3.4563574007796025,2.474749736457223,1.1558706646958319,1.1372698481750394,0.27563635494748684
085ec00b-7b3b-48a9-bfd8-b79bf599c709,reestimation_v1,10,1,0.696380838525672,0.834613750197466,1.4554099125769255,4.651664640485666,4.467757660788206,1.7750144690331082,-4.877783922645386,-4.615576111397625,2.0638321688686183,1.074515809155789,1.033819504944037,0.28515710295173324
5e8dfdf8-4fdc-4a50-a8cf-d2a97d38594b,reestimation_v1,1,1,-1.414299827827185,-1.2800012940720094,1.5541495519684594,5.246927779013814,5.318513369012729,5.162776128951002,-0.2749539509763661,-0.3721405425105603,4.92983810363466,1.1530949384040154,1.1460083437353838,0.2937665465176797
8e6b2883-78d4-481c-bbe4-d413c9dada78,reestimation_v1,10,1,-0.35256114291450696,-0.5083608924568765,1.178817806186901,2.9995272682542216,3.070245963561012,1.4698719005382832,-0.726743332400343,-0.5109664025624211,1.7513043584903232,1.1053448418087173,1.1154397335212571,0.2753530764478163
05082aea-c5df-4826-893f-931a38154257,reestimation_v1,10,1,-0.671384497747742,-0.5873739518423513,0.9281661341615035,2.2313158437069642,2.360149857679218,1.3612090483153476,3.8722228486235863,3.695107920326191,3.21799207046687,1.1451883427023872,1.141418365550837,0.29198673244618284
78870d13-af6f-4b90-bdd1-e2dd535b7fe2,reestimation_v1,10,1,-0.5248453064665143,-0.511813747031423,1.3410517919482772,2.4716420715681453,2.66219659846883,1.58914967924727,-1.6863750706318907,-1.4261136427230439,2.0213669797669125,1.0455467775046814,0.9721470639520128,0.27708261611414775
b21eb87d-b5ee-456d-8fa6-aa632582e779,reestimation_v1,2,1,1.1673391470763297,1.1224039179438858,1.55033415591472,7.839203958129219,7.49756400834145,3.5883796104058754,-0.23930818348056138,-0.8209379923890217,5.0180861618058845,1.1660853439912302,1.1856653411666869,0.29391266877353894
f4853d33-7cfd-4634-a1db-0a42d61c850e,reestimation_v1,10,1,-1.9381568178752204,-2.0274969682214734,1.4272205370172508,-2.3104142171310476,-2.4381122266978963,2.0390921535828084,-2.2948015917689486,-2.192008755027301,2.369259236613364,1.1715370211182967,1.1778133181364323,0.27019775187815004
63920769-ac49-4c1f-8058-de3e68b69e73,reestimation_v1,10,1,0.6709817540932738,0.7378821887978273,1.0729834126780615,1.0732496196594292,1.1411808973087574,1.7180232581061485,0.0032625718474969517,-0.2552484483316295,1.9623481460018104,1.0316835668605084,0.9823796680394263,0.2602499342302019
f40a4bfd-2202-4352-a30f-c2f225f81817,reestimation_v1,10,1,-2.0172039822777443,-1.7211161879490067,1.3494797327740216,5.497921754127366,5.480920292139779,1.8301657907825721,3.309597627289062,3.389048736966643,1.900090931728338,1.0893661378213977,1.068570358901838,0.27800064895896126
5fd0590d-9625-4c67-8bfa-5668de6ccf1d,reestimation_v1,10,1,-5.076698555130208,-5.298530782985302,1.7995686246682983,4.82672269143433,4.891887771055415,1.828447585675656,-1.7721100057076917,-1.8943892976544832,2.412831465424491,0.9847301959792483,0.9186388758229785,0.265701028703635
f7fc58bf-3903-4f38-b066-c92462bd977d,reestimation_v1,10,1,-1.2464547187980324,-1.1851444379028684,1.3656018272138348,0.6860628718648024,0.5722898652649879,1.513447146681148,-1.6363300624236603,-1.3226895634378053,2.1147202394053215,1.2029863461321926,1.206317635730688,0.26039459204428667
45d6ad82-be9f-44c2-83a4-d6f5c5d63166,reestimation_v1,10,1,2.4303131220309697,2.2953715059608233,1.4468631950924267,13.475392710259591,13.172552912800585,2.0719773830648243,-7.500560990217379,-7.655801272582199,3.135566108953676,1.1103250479181082,1.1178684615205978,0.28180878468597437
ee291c3e-1b7e-4388-a35c-8ae6b5695ab4,reestimation_v1,10,1,0.7461004243176267,0.47429455236925444,1.453607224849344,5.661705822760889,5.356788893638042,1.9411476046040306,-2.9859489845142733,-2.799301309762688,2.4401410881891796,1.2068054342991326,1.1865897916772898,0.28022206869027827
f198cd0d-97b4-4fb6-9cf1-2dd1e932ccce,reestimation_v1,4,1,0.7126190759907081,0.6795550701369647,1.4183443587497353,-1.6853974611418925,-1.509687836167112,2.961005497698062,4.952002276688014,4.579454125573493,3.2175280830699897,1.1433624800555249,1.1321215919076848,0.28683363226222536
ce0e61c6-a7d8-42ee-8059-405e50b44d23,reestimation_v1,10,1,1.382429555879678,1.20461830671998,1.2947551836451698,0.5984745850415617,0.6155361671357475,2.077456728820978,-1.3012604256028817,-1.4724523046027334,1.8479968127250104,1.1827652493402936,1.2099259656641423,0.25819294138638904
7d1f3e77-db22-4b33-9ecc-cf7a780f5d9e,reestimation_v1,10,1,-0.662154061362788,-0.6836523278390829,1.298722481791453,1.838787314677791,1.6647352827305597,1.751718287883241,0.03972009107086563,-0.039859799544990665,1.9248228627201616,1.1557690617951755,1.155152751065893,0.3106376591936252
a2e7570e-5bb8-4472-a8c9-4c67d2bc1801,reestimation_v1,10,1,-3.69228428955846,-3.5541664944774674,1.5789645952370956,1.1374612908015134,1.2056016975559758,1.633811596053389,-0.9634511611213642,-1.2148464998545807,2.4339378808890295,1.0126362628062797,0.9808083902507932,0.27841411385794085
f756ea3b-579b-43aa-a63e-ad71ac10ca9d,reestimation_v1,10,1,0.7517872705677134,0.602607713007191,1.4018385613598499,0.6577922227604652,0.8341017327922641,1.6959475570512341,-2.9838085659980877,-2.8519900613620868,2.317761064433858,1.0419298707680065,0.986614218242834,0.26899545833854444
b3979ba5-00e1-4882-b308-31e54a265a11,reestimation_v1,10,1,-3.496971135790335,-3.460250179143401,1.425520961857483,4.012791348462808,4.037726202115925,1.7316421045996453,-7.174986092937171,-7.1127538119354305,2.747009355545051,1.1519977936503019,1.1805800694736213,0.29338771156487686
2837466c-c36b-4295-bbaf-ef46efca28fd,reestimation_v1,10,1,1.1708459815327246,1.0343803285685653,1.3793787013494883,6.337833047761358,6.29000841332557,1.4792089995502542,-2.00193415712964,-2.240327809445304,2.443195041140307,1.0309674393339632,0.9716361557314062,0.27726118259580795
21d58164-1c17-4bb2-88f6-0681f9bec5bd,reestimation_v1,10,1,4.178240654937488,4.277842004069996,1.463965907003973,3.9908905964043617,3.9744295752550283,1.365749438750903,-6.154846685910193,-6.226927336752884,2.822078822494273,1.0915938265788154,1.068323107418919,0.2767109937800029
81104806-78ca-45a3-8f1d-79f622e61498,reestimation_v1,10,1,1.843109618290572,1.6119195537692526,1.451480693391219,13.878727239357971,14.243882384478272,1.9935420985027688,-3.7152728479646013,-3.366879319640094,2.4874605456602072,1.2205773099708852,1.238696833678761,0.303333637432238
c877f37a-2ffc-46d7-8faf-991faf3ab20f,reestimation_v1,10,1,0.657829440221724,0.39003554231657456,1.4629326708495813,-0.08374165225123097,-0.08446797968005637,1.7801541010992332,-1.613727572478613,-1.3530934340037717,1.9628412086197518,1.0719984785299772,1.0128118647125237,0.28665242494776805
305eb303-5028-45e1-abf9-5eba34a786c3,reestimation_v1,10,1,1.079940267184382,1.037210820813467,1.339853154541181,0.29335139554432754,0.2899135895433833,1.5796327071787548,2.3745794082391387,2.188383538798298,1.7500636980490618,1.2336275213398558,1.3167975960050446,0.2702007969799174
9292241e-c0bc-4120-be00-6d461d95d82e,reestimation_v1,10,1,3.3481548976989854,3.4644599670485228,1.5967761544106258,23.26396280704666,23.294329433527782,2.2625353797687833,-3.7411519223018628,-2.953772116605621,3.350903237432282,1.167705184383637,1.17012809632237,0.29386425765464214
ec6fa772-da8e-4d6a-a6a0-9fed4d87a467,reestimation_v1,10,1,-0.23731174638876537,-0.17680168492214277,1.1145705062101514,-0.36414577254404296,-0.27586692202010943,1.9551778951622225,2.7244759785223795,2.4302693090232017,2.4883092002917895,1.1341262542619952,1.1273428384814212,0.28817725625143037
3e62a27d-14f7-47ae-84b5-5f304f379e72,reestimation_v1,10,1,1.463462140732225,1.4525728348723244,1.3385338817082508,-0.556772145127207,-0.3026862911731456,1.6113237165288303,-0.7493057380788077,-0.8117851008245247,1.8416648462893805,1.2093261945876128,1.2281480992239007,0.27454706852036204
c8fd7505-f644-4491-8b52-f0d5316fa9ea,reestimation_v1,10,1,0.30017871694675485,0.2347701724096013,1.1789176222193543,4.73910275577637,4.756630223752884,1.552468925220798,1.8693280973650137,1.678137097734154,2.1917495710743506,1.0518535310966526,1.040398692996328,0.2519547175993134
4774cb29-7466-4aef-8786-a97d1cabd306,reestimation_v1,10,1,1.3345163443824961,1.3168628170260073,1.3197679936597797,0.25159527265348225,0.36256576058824974,1.258975949082343,3.6406061772375717,3.4869698826633724,2.6027299129605392,1.1387795794325786,1.120506584367396,0.2747014249087832
1ce2c96a-9351-482e-a7c1-6a3d1702412f,reestimation_v1,10,1,2.634865570754799,2.725820078808016,1.356087925880723,5.097946711292771,5.012196627287884,1.2787269370872856,-3.7713115533060924,-3.511292677206099,2.711603364928396,1.162057368499794,1.1409740553385352,0.2887581638045635
05cf200c-79e7-47d8-8303-0d9b2784df16,reestimation_v1,10,1,1.0403225649713488,1.1420197427478342,1.30663104741412,12.774581080854137,12.701213937665743,1.545439225169748,-7.940586845897637,-7.869129478933032,2.41753608622022,1.0519771411150551,1.0069889904797447,0.258888310784901
b9336135-e4f5-42ad-85e9-bb0ff588f035,reestimation_v1,10,1,-1.699868072233705,-1.6018045142478963,1.301510485662444,0.048645452235691986,0.008646026285142439,1.772915373013519,0.47026006281506333,0.5726061680346715,1.786124821415953,1.0719805893782064,1.0699304028654504,0.26635357036142204
f7ee2809-0b7d-48cf-9edb-3ac50ba05efc,reestimation_v1,10,1,1.0353437614943592,0.9774772882235978,1.5243702888187975,3.6700591085446264,3.6856808132051952,1.9728702946035606,-1.6785033048159923,-2.0881681248839623,1.788755324481867,1.11058998842863,1.0906592809804838,0.31084546174827626
d6c97fbd-1e19-478b-abf6-913f7e5cf778,reestimation_v1,10,1,0.4244219260609485,0.29087231404979785,1.3638695122998918,2.7393336794072876,2.802913006608945,1.8040139187551023,0.3361498301252481,0.2308018874713904,1.734092693386509,1.1036190579318987,1.1075517720912615,0.28112123012997614
545f297a-d648-47bc-ac76-10d6533ad84e,reestimation_v1,10,1,1.6203666775195869,1.623422891679607,1.1870879019562248,5.732683477841149,5.546821450765094,1.65019674413587,2.7474662286372102,2.7014048306680882,1.6452703186837818,1.1405836791233652,1.1089461780910317,0.27678463325322417
70f2bdb6-9030-40a8-ac73-f9702e31bacd,reestimation_v1,11,1,0.558623330082457,0.6099252108752675,1.4592223289472044,-1.8930154212707246,-1.6332075178880316,1.9087428690035242,0.006567971235958069,0.07235997932350346,1.5393590803114654,1.0403191112856118,0.9715393404384769,0.2775377559480355
43f4a344-2f3d-4582-bf02-d93d8e764946,reestimation_v1,10,1,3.603259648176373,3.811628619845256,1.3441250916579575,6.620928795089797,6.293194431880706,1.7699500481995012,-3.9583309892976786,-4.192783250421017,1.9625597764261464,1.0480537856410694,0.9806191209222404,0.2736994244594445
61b99656-947e-44c8-a9a9-6604db3dacf7,reestimation_v1,10,1,-2.8891627027480578,-2.7899443623707287,1.353725206916541,2.809505140727742,2.690500564517869,1.43437154485301,3.6952167491344206,3.3843136698387926,3.203347200823718,1.107950344152285,1.056189924476119,0.28662146397217464
9e3e4b88-f2ed-44ae-a3d3-a492b8c61bf7,reestimation_v1,10,1,-1.01669270071594,-1.0332159119900215,1.0974104013676256,-1.501084957083642,-1.570633321280888,1.5984190490118528,-2.7315388178686457,-2.580802620542237,1.8303550952040049,1.1403122737745337,1.157779336344428,0.28184847334621715
7b8bb603-6cd0-4823-97c5-d3ef473e9355,reestimation_v1,10,1,-0.9235983592075623,-0.7903729037936115,1.373760084548226,-1.2524481387862594,-0.9903090732498017,2.120267221070092,2.5339821340843076,2.4746925800988713,2.412783629625526,1.131422704622064,1.1593164965225315,0.272531456957813
1c7ea2de-9ed0-4bc4-b4c3-d53976b60c5d,reestimation_v1,10,0,,,,,,,,,,,,
09898fad-b11a-48fc-a548-286fc0304f6e,reestimation_v1,10,1,-1.4183750080955952,-1.4747591485495404,1.3775749681984026,0.4429323786287774,0.5668640298214079,1.6201422968098922,-5.521255638618875,-5.217292510904766,3.199643180466042,1.1294087939434014,1.1139947926878002,0.27912255972507044
dbb0470b-6900-49b2-879a-cbfa9f7de5d5,reestimation_v1,10,1,0.7294453251480277,0.6670256955195173,1.1216898729476728,2.4727684796189795,2.5560955268027947,1.4868941582180726,0.23035290439081027,-0.10131477423234185,1.9780494997884797,0.9977469844732608,0.9642822600087991,0.26054813623733514
06740aff-642f-4107-ac8b-1f5d1497a889,reestimation_v1,10,1,-1.1260113770665698,-1.0144599409024593,1.210171909354489,4.522717684605682,4.622874072713216,1.5987419348660568,-6.192163364481979,-6.162720065210756,2.084419316813946,1.1399253866939838,1.1102368270361613,0.27161627958272494
260c7aff-6887-451b-8f91-1ed46339ea56,reestimation_v1,10,1,0.7804504563054379,0.7966481776915206,1.5360033642659776,12.253666347113708,12.258399967522708,1.7155814320310248,2.9906365328792908,2.949461558899187,1.8374062543707694,0.8941248195166112,0.8320062056734442,0.2195798249546205
663f8e59-81d4-456b-abe0-3c9b7cf56e40,reestimation_v1,11,1,0.474356259135046,0.7622134197090021,1.4964753440598442,4.787885108182083,4.4375160770849025,1.6661782554116984,-3.526518946675223,-3.405059465252801,2.408578674711952,0.9895812948042796,0.9431024536774792,0.2606720243994708
db9e12c8-e933-4df2-afe2-f033e8776c8f,reestimation_v1,10,1,0.2466984965475439,0.07150249884108506,1.3169853861986338,0.42915683778683794,0.671735404183497,1.9704694527383608,1.3881258165932984,1.1055296651221185,1.9068550715695904,0.848292170058169,0.7898115984403813,0.19192730292842394
a1430952-781b-484e-8697-a5ebe183954b,reestimation_v1,10,1,0.7770042613975187,0.6174085162578243,1.2965482123258594,17.927275159152074,17.636440710480958,2.28401521589401,-6.58139994111558,-6.2949756865566915,3.6130459805970747,1.024604287322973,0.9568989383628506,0.2682373170077974
2649839f-26bc-489c-8db0-70cb876ec38b,reestimation_v1,10,1,0.5157804690423659,0.5922807356412032,1.2078184130076006,-2.7752719476170418,-2.367738108864846,1.9614783925817878,-2.512384558364137,-2.1483173945313965,2.244709155908289,1.1515735281380242,1.1080000017691545,0.2854299715505949
22ff4328-e079-401c-8c8e-292a191aa484,reestimation_v1,10,1,-0.11420062736091455,0.011846509389574766,1.3287611074256989,2.979903950797008,3.2307418930960745,1.5484744508663404,-5.105755050157192,-5.272556787972706,2.486204776294346,1.132633963543918,1.1212276215124284,0.2904819792369751
9e6c9418-273a-46d1-bdd2-3041d5b7d4ff,reestimation_v1,10,1,1.904355095159768,1.8352759794538922,1.241477291888208,1.1549594717323421,0.9476557274245659,1.6049644151727298,-1.1465718855241673,-1.3038381731603614,1.81321938460415,1.2273428701003135,1.2823740695087236,0.29089092918142
0d8f3a38-69fd-4bfa-846c-dc9542341da6,reestimation_v1,10,1,-0.7026679757591959,-0.7921076226838202,1.1864891587823967,2.0762360371932314,2.018912159780315,1.4169358677191524,1.1856165455150196,0.9887363685005526,1.6032531062607436,1.2080291808108943,1.2422984751275212,0.28924091430848886
93e1ced0-8e0e-40e2-af69-bf258ad3e284,reestimation_v1,11,1,0.6296854415229902,0.7872956045122053,1.355969887296043,4.359481656491883,4.295879796080674,1.8185291096092593,5.881302294015154,6.073243992583793,2.464731015711273,1.062481573953253,1.0091212525305715,0.2947118963797624
ed4894e1-b0bf-49d0-9562-d2c1531b4bff,reestimation_v1,10,1,-1.2471413660292787,-1.0070599844130042,1.1155546606616902,-2.085381476450589,-1.9699758437992894,1.958722781364738,-3.8883658957741325,-3.716289931316595,2.2395473562019936,1.194131840481902,1.2126118384771107,0.2827231928613948
081e9a40-20c1-4519-9e74-d0dd500e5d67,reestimation_v1,10,1,-2.0692927477285163,-1.9689717181604096,1.2658722007475853,-2.299040964915863,-2.361336645306637,1.9804567924216938,-2.3841594276332674,-2.2651189569655727,2.453957310698359,1.1814129235832767,1.2014453069128268,0.30110329255763957
4272af3f-32c9-4af7-8ee5-2bba1bb1b6b6,reestimation_v1,10,1,-0.5031349091585348,-0.42003857114489884,1.0900088865211204,3.4261029426501497,3.436826134893169,1.8512985412816445,5.123433147123946,4.463061459908967,2.849266739311383,0.9766485108752322,0.8913393549752168,0.2580185800102788
978045fb-b954-467c-a4a7-b64e8b1a121b,reestimation_v1,11,1,0.5137012029313298,0.38780448381131305,1.2768863691634782,-1.385391916694902,-1.244528670369574,1.8573927313844778,-1.7322327908935549,-2.0173692686551155,2.674277317479419,0.9868693680036992,0.9349295779370937,0.2526986024757204
465259ca-a24d-4604-8734-15b9649a25c6,reestimation_v1,10,1,2.315167266494938,2.178431092888834,1.6471910480693583,16.759413092624214,16.63777778831986,2.5121081107610017,-3.3938286937343496,-3.4282818128425117,2.1626314612167308,1.1626854696814721,1.1497431968041902,0.27280151405231373
217b0531-cd85-4ec5-ae52-9cb59b25ee7b,reestimation_v1,12,1,1.4816372155814097,1.322261180236949,1.2032905074702478,-1.2185118529535723,-1.121318609333783,1.1444876115939,-4.050198446088444,-3.7973531254360364,2.1550924262131352,1.0850851997970818,1.0705271118281163,0.2769102260156326
7ccd0e60-8812-441b-a051-e409503b8a1c,reestimation_v1,10,1,-1.2674034964394123,-1.0655176818404062,1.4893494817172013,7.633373757124797,7.5933510689517645,1.8933575659042163,0.22905987502837952,0.1518243336790147,1.5372325024455669,1.1286596339551078,1.1345311745494862,0.2704574107604435
820a4a46-a2ce-4b94-a2ca-7632d4124256,reestimation_v1,2,0,,,,,,,,,,,,
b1d4277f-550d-4664-8e12-16b26749a302,reestimation_v1,15,1,1.3494468622644331,1.3682943716514706,1.2270566906098905,14.44798293827118,14.554554995851799,1.3556333554372542,11.979734661293058,11.922766108498056,2.1396730581506174,1.1899615218397426,1.2115255781182686,0.27258928668829674
9c7dc9ad-b18f-4ea6-b863-616bd12a9004,reestimation_v1,10,1,1.4977809622615035,1.4990087580095146,1.3684239495626385,0.7850920908418652,0.647840119926931,1.7007261850071895,-3.4445377497261465,-3.2418893230443917,2.3423389224559057,1.0868355904403202,1.122140166709817,0.2653112288430767
857b63cd-8108-423b-b7f1-5b4566ef012a,reestimation_v1,10,1,3.0133666081760078,2.809740504589938,1.804809406161798,21.80416103273564,21.738372810565505,2.5246035375176663,-7.40634774570429,-7.222479613054303,3.8598090729144396,1.1211615576033656,1.0814286689523551,0.2848952529047978
62bc7d3d-5585-424b-a714-a7b1b682fc58,reestimation_v1,10,1,0.2100558055984421,0.3341255468615607,1.259108397450694,4.020633235571521,3.9641286708436017,1.5797208323497811,-3.2778099147988744,-3.241380791325029,2.9004929868090055,1.033574794508614,1.0353260626101422,0.2603835521114004
a3afcbe9-883e-4e49-8d6f-be3a4cb5f155,reestimation_v1,4,1,1.0409548311730759,0.9377389541282667,1.615633437606418,7.628360361654413,7.2629045267274055,3.555412880800837,-4.595977740165452,-4.006685925215926,3.115989467477252,1.1652829759050125,1.1775190651764664,0.27608414815437854
202a2cae-81b6-47c4-8dcc-fe9c9ac514c1,reestimation_v1,10,1,-1.2966267377876237,-1.4066218249762672,1.4610149475929866,3.1963570516436333,3.194081230468572,1.7377906356069155,-3.994530354279808,-3.778500253270221,2.8485470789350726,0.953081670999688,0.9120804162664512,0.22418164709865213
91c0a49c-3d84-4179-972d-18ea66a9ac1b,reestimation_v1,11,1,5.200506619330423,5.193090872688357,1.138329351615451,2.7969731654927457,2.9751373084953197,2.0151519390401895,1.0418801013728347,0.893484092015373,2.08800951112595,1.090962809567235,1.1115599350899896,0.28175771138344746
414f0560-d714-41b0-b932-d4be5e31b3c2,reestimation_v1,10,1,-3.0474893809763324,-3.187176940749569,1.5009807920036011,2.9510445691808638,2.8111029495679407,1.5681485486348323,2.6831392775221556,2.3064595601903015,2.29719400100111,1.1591442035898216,1.1338383015731723,0.2953377403115007
831f2212-417e-403b-b35c-a3c696259e20,reestimation_v1,9,1,0.7971886145082518,0.6666000204246552,1.2856872309303873,2.0635274411752986,1.9047682736794984,1.4405753781239221,0.4656258942498307,0.4081466314238873,2.0192013153588015,1.0490843043898526,0.9690257365098934,0.2925577039523023
152e3612-a8dd-482b-85bc-bb9ea36dd527,reestimation_v1,10,1,-2.927419976751772,-2.9277859679122273,1.322842621511241,2.5984115091478066,2.784136529503976,1.4360406157126917,-1.5022117337383547,-1.075700127378581,1.5965650186937839,1.1149436542556894,1.0940874570337653,0.28236933478400894
3cf24cec-64da-4365-8a59-224204427c0b,reestimation_v1,10,1,-2.8594661010141693,-2.8000244642067784,1.3791174229667196,0.3890582081802207,0.4644102372648673,1.7908704569038472,1.7153992421770938,1.8552437329212927,1.8333345704721458,1.1819924157824153,1.1839459791235893,0.2814018938476719
b618ad62-3e20-4244-800c-81ce40604a92,reestimation_v1,10,1,-2.5172956678045555,-2.4165170005325676,1.368197130325608,-0.4434041179904496,-0.33178202475833596,1.708591240834966,4.077712988722017,4.199082461283819,2.5089673782367066,1.0449181367731002,1.036445471207274,0.26831829140600033
e54d8c09-e649-427f-9eaa-bf89c1b43605,reestimation_v1,10,1,-1.914476902108877,-1.840072233868164,1.5041806087749532,4.751638105079356,4.886123337636581,1.904254942394925,-2.55147685897249,-2.2244714908178103,2.4696269678056417,1.1234976909810273,1.093894778233359,0.2634818542457703
68d0b212-520f-4608-b309-02fe07e2c658,reestimation_v1,10,1,-2.4627330336169755,-2.4652224452034095,1.7166029821555635,3.5660185305615015,3.7452256505921904,1.894201473617737,1.4179241886363945,1.006535329990501,1.9315299185083412,1.1506980099207802,1.175611409661052,0.2974518249060467
2571e581-0db6-402f-a755-280cc3e4f95b,reestimation_v1,11,1,0.6945789126489548,0.8119992691303661,1.3738293601809402,-1.8138079150337363,-1.6677594394075876,1.8374944557270918,-3.238211489696691,-3.176975586217665,2.307877608451424,1.2117339531076552,1.2220890297643976,0.2951230499268367
242de205-9bcf-4f8d-a245-dfcc3fdbfea4,reestimation_v1,10,1,1.9336295959041119,1.83374176985005,1.220851165140642,1.3843099246842703,1.5550242258155151,1.3877428456178467,-2.5685923090456186,-2.0234490723332037,2.221688793525731,1.1755311064620315,1.2060258506055581,0.2860081443088861
69b87edf-3c01-46be-992e-fc6cae9b460a,reestimation_v1,10,1,0.30435697328759326,0.42614880409176487,1.5500013999950693,12.269209427328638,12.445219688577295,2.1069546057209836,-3.6638931529283574,-2.936743187085746,3.4898320087750587,0.8156742709243406,0.7900868067850988,0.15299693187883542
adc30e4d-c2c1-4206-bfed-5ef32d161d95,reestimation_v1,10,1,-0.2837676518100548,-0.3188545027808093,1.2219741046770054,-1.3006784503984374,-1.2151517246161658,1.5723233906722525,-3.6016467836451556,-3.4820789871516595,3.2222073035769445,1.0924759442710086,1.0238892894326432,0.28810253403219743
ef4349cc-9b35-42ed-a851-a3816fa1aa46,reestimation_v1,10,1,3.572790933076602,3.577798443102698,1.4626499086079738,15.257822477680351,15.205023245982805,1.502811658839259,-4.064721692028671,-3.8783612443199855,3.1492254871364294,1.0744182092784085,1.0447484411422343,0.27476491167755046
41e299d8-c5eb-4c3c-929f-713aa1accf3d,reestimation_v1,10,1,1.789867223824497,1.6694188004044395,1.520321060847117,19.859535046438452,19.63414827100049,1.9894079477855804,-4.785745386960012,-4.520931083415338,3.4358511301818258,1.0962255649966381,1.0679869568507203,0.299058722898494
b9a51d48-7b56-427d-8fa7-cf3ec58dfe84,reestimation_v1,10,1,2.3776790489052435,2.5483637221655124,1.6708537915139514,16.31199688453811,16.213943869873344,2.5564130815476624,2.2187925659120817,1.8695303529433962,2.435440363582582,1.1563171497617923,1.163531103021762,0.2777783099261409
fe4fcd45-6640-459e-9b9b-7402b0ac5179,reestimation_v1,10,1,1.7023151989112368,1.7398949585786316,1.5554349992610408,11.487523874363594,11.720002857844012,2.248610832435744,-0.7552138023560105,-0.45321165395045115,2.0034155164738943,1.0305673786511989,0.9650980347882938,0.2985583122656109
e7cc945c-70b6-4372-ab96-dbecbb6a5c3b,reestimation_v1,10,1,-1.422666694025495,-1.5279957656323462,1.2744700548508912,3.387165071429768,3.5146943257869903,1.24123337129288,1.8027445735105452,1.7914974609772507,2.186580874785248,1.1601742488083364,1.1595038319809285,0.2872269524148451
81069f84-a0e8-4bde-af18-1b14cb84444e,reestimation_v1,10,1,-2.651102914300587,-2.571188673190073,1.5587777486791041,10.90116771391397,11.118939547343349,1.7881916577679489,-3.920496285982245,-3.898713606015814,2.72667759385282,1.1562373240349144,1.1542393500496277,0.2993473556812265
bfa701e6-4177-413e-aea8-ba8501cd706e,reestimation_v1,10,1,0.3854253381971307,0.33486258355700826,1.402260498049608,0.9628057113085335,1.1922565890959176,1.5068171400715973,-3.106782456555606,-2.8357619666981075,2.9904570309421437,0.9884374512150939,0.9332983250876195,0.26906386090344264
98435dcd-7fea-4868-aa16-0741dcfcb26b,reestimation_v1,10,1,0.86020161115011,0.8443166275294258,1.6394952796443687,4.100844860821769,4.112286613013046,2.1805418322769174,-0.2897471051051186,-0.19409993336145426,2.0647177065920914,1.0184125531143737,0.9670272174622039,0.27487538032987474
c83a66a1-0983-4839-b5be-d1a75697bec8,reestimation_v1,10,1,0.8508875261828991,1.0394811932167578,1.3071279771233735,-0.13458760146805304,-0.129645686464821,1.5675874993417853,-1.9599070660420723,-2.0264041184210213,1.4344546175828872,1.1520987557779723,1.1259669687515852,0.3109356854304169
27e9ae52-2e12-4f20-9dfd-7e81fde68442,reestimation_v1,10,1,-1.5204826675271885,-1.3820790401875174,1.1680681907568478,5.116763725580694,5.263823736932156,1.661233023970288,-2.1976354878814752,-1.8190547519949938,2.569087965752282,0.9876288169314059,0.9228663835253761,0.24512266934973784
6421efb4-d17b-426f-9df7-87c0f4abcc68,reestimation_v1,10,1,2.2643314655791875,2.2926560343461166,1.4044998447682686,11.865314777943865,11.832717694046835,1.7717422038286565,-5.793854346376432,-5.569482040710363,3.3227315319201174,1.2087386511299156,1.2329955373882175,0.2904703555615011
d5c9a325-31d2-40c3-a8f9-679a617249d0,reestimation_v1,10,1,3.0127507137142997,3.0355783027250096,1.092256321481622,0.21402125208632541,0.4424542469596635,2.191070254809118,-2.626149632601618,-2.65355779033893,2.107859822025193,1.2138653389119125,1.2462748833563877,0.2478994263041025
0b8bb5da-1f24-4e96-801c-ae564bdbf259,reestimation_v1,10,1,0.43822438076701054,0.29172545840807707,1.3057156808682622,-1.3335662433193634,-1.1561615661599758,1.7388017157866864,-2.057138889812889,-1.9110107989301455,2.1814508163067448,1.0984719808437744,1.0649629748294351,0.27417872096344487
cc320382-d5be-4758-85ca-b79a44c1d8c7,reestimation_v1,11,1,-3.268660947866295,-3.240855068279442,1.561601673990822,2.951744295250542,3.06044463059242,1.7868027538893503,0.41231929934633144,0.5203569578958849,1.7205236047118866,1.129726190165758,1.153513834332876,0.28181387236339994
233326d3-635a-4db8-a690-31bb5816adae,reestimation_v1,10,1,1.0597423526213605,0.8785633316789031,1.2422035538467544,-0.04379817467940071,0.09528239203392141,2.2112176424301144,-0.48753799602598885,-0.42851478663045306,1.8315853877925785,1.151349627598901,1.1295075071174008,0.3106927591315868
dd5af2cb-58e2-4995-81b7-cbd2ac3f3b0f,reestimation_v1,10,1,2.4888445472230036,2.4358348041168454,1.372591840074105,2.2547615267608614,2.19666338585577,1.4821914114539207,-3.138012868940556,-2.9446948201132854,2.2866776623057468,1.1302925649180129,1.147820169905209,0.2868662206865246
84b505d4-6590-4d1e-89f1-a2a6d6f1a182,reestimation_v1,10,1,3.035043396767075,2.883062705847245,1.8152547437051758,23.833991045218326,23.78052320057792,2.4923484951877675,-3.9197116767731126,-3.6981739980716775,3.4349197667974245,1.151261326523545,1.13879848764416,0.3005924431411508
06c00455-8f0d-49a9-ac39-e9f72e5ff62c,reestimation_v1,10,1,-0.6121385511720318,-0.47685546571935145,1.3560338531161917,2.685369081322476,2.6245834487286417,1.4656683879374672,2.514281442584298,2.4735261530786428,2.221970411294191,1.072020920889946,1.053032507338246,0.2794009051462851
285dcd48-864c-4894-88c8-113b0f321b9a,reestimation_v1,10,1,-1.707019519343082,-1.5571902209062762,1.4155045223079996,-1.3372845950065808,-1.282902178205729,1.741116470344278,-2.9816208336368537,-2.706030842707582,1.9804932797161245,1.131131473396978,1.127549824765463,0.2801748803485501
94db4242-1ddc-413d-b088-758fa087fc9e,reestimation_v1,10,1,-2.3630021953290923,-2.325543813867845,1.2819879540990646,3.547664869513869,3.710311380835801,1.3991596665590214,-4.180127496656462,-3.8193443442722974,3.221565655100322,1.1398584084438943,1.1385573365933086,0.2837945613363826
bfc135d1-616d-483d-a98a-a7539f1c7690,reestimation_v1,11,1,-0.7322769947710787,-0.7947008050115165,1.3954365390866212,1.8897219278895645,1.9390749833972778,1.6480624081016033,-1.9008484460716453,-1.8110477907680813,2.100737507389439,1.0222131010257438,0.9614672989143287,0.271198615689691
90e85449-bccc-4d2c-b0ef-804bcc0f1ceb,reestimation_v1,6,0,,,,,,,,,,,,
664b5397-9601-4282-89e4-85a93250a9a2,reestimation_v1,10,1,3.1891665285001625,3.34312901095069,1.649530135405852,4.545373979707679,4.292408137794028,1.84150950700807,-8.541991091109178,-8.670641847170046,1.621300955254519,1.0005244145397922,0.936151785245153,0.28552984764639117
396184db-ba72-4c95-9dd5-484eef127077,reestimation_v1,10,1,-0.04212197928023079,0.04229480627288357,1.3686504911667516,3.27822532242936,3.4193408764679956,1.6025406538493958,-4.758269329370951,-4.625868660797023,2.9025291672663007,0.8517372062170409,0.7995561936737297,0.18714521686866012
7663a38c-8a54-4ba2-b99c-154249cacb84,reestimation_v1,10,1,2.4208001042978875,2.367923085838916,1.6827870220070111,19.01214839115255,18.961673393929857,2.415650375593944,-4.502318397115431,-3.8604014263342066,3.1165752729275424,1.1378565074897609,1.1387331887053735,0.2903249703982221
39877dc9-15de-41af-94ed-a726876406d7,reestimation_v1,8,1,0.6973298265875666,0.7361422361981294,1.436504693953,-1.3648201587666478,-1.3117365742328642,1.9910874100690497,-0.9724237068531849,-0.9118015994548396,2.147777817350401,1.1027430882652818,1.0888996123481705,0.26552500187949546
e81f90c5-e464-4d55-928b-38ae3d2b2358,reestimation_v1,10,1,-0.9273096862829083,-1.1065747135440267,1.282314944831956,1.5745466958585876,1.7257114276991814,1.741199021814832,-0.11105205254167451,0.013582289529775693,1.9400150424721894,0.9900077726744985,0.9015170683567815,0.2597454611242603
0364da2f-e904-4180-aa07-d5d99a0d597a,reestimation_v1,10,1,-2.9131446103401193,-2.974488970911772,1.2135539713993055,3.4605126713663754,3.4485252262877704,1.2817884606892433,-1.6174878319698507,-1.4005941555508898,1.9267760876752724,1.162108009544706,1.1851803711535482,0.26399221752550744
5f837190-a90f-460b-b276-616bdc9437fb,reestimation_v1,10,1,1.536181623828605,1.3073792051411657,1.4257642306179752,1.6873204468100547,1.5958811450251114,1.6287181347773716,-0.997441296582488,-1.1564710391098991,1.6745221995093427,1.1521254256393543,1.152185925926501,0.30061827376248057
fd0e4428-ca03-4e40-9bf8-9440095099c6,reestimation_v1,10,1,4.202756452284018,4.338997063063097,1.4740225665736206,5.979372265064804,5.881755095185162,2.181620480319775,-9.210246577774845,-9.203326653717902,3.2261256095907602,1.04404880605957,0.9711613593310866,0.28701630494832425
c79177b9-0e01-4a0c-9e68-baa08effbec2,reestimation_v1,10,1,-1.0609287355628225,-1.2970669803099297,1.4601854940734007,14.178213250899205,14.292887277918528,1.7294028414365754,-1.3311598752532972,-1.0438042128609792,1.6596497004482587,1.0023165677419448,0.9078793683436769,0.25110678138245085
3c094031-4894-4015-a015-f38bfa5213de,reestimation_v1,10,1,3.119809574051787,2.948047861448569,1.760182096647104,7.402875701576892,7.023402035672097,2.1519950782821726,-4.5789105038117555,-4.596577168041756,2.9897340349575305,0.804106254253945,0.7434294158118051,0.15740879186232093
751230ef-7323-4fd8-a505-977644e0467c,reestimation_v1,10,1,-2.70327852710662,-2.6794478371016845,1.4302986857321633,3.8859418783421047,3.918332862503924,1.6683156518112259,-1.2486557114603962,-0.9610062358012463,1.780490525139359,1.2045787042751812,1.2467891088931682,0.2885196418520103
7397a6ef-c14f-48f7-8b8c-b2146fa5839f,reestimation_v1,3,0,,,,,,,,,,,,
9f2d0696-d375-4ffd-b256-e84e20636ff1,reestimation_v1,10,1,0.388682657602555,0.40152170479445126,1.3217587285728871,0.15905684440404083,0.253108833425568,1.858361335319274,-10.980814720306812,-11.053184233258333,2.4732713773101116,0.9432940045809303,0.8892863575039867,0.22484741253903562
ca6948b6-5813-4b3c-a972-c4e7cfbaf9f2,reestimation_v1,10,1,-0.03807612576579987,0.14242617631249344,1.5000629778234216,-2.6223444238852864,-2.6886874025169734,1.9635723585403115,0.327028469698779,0.5869407975729299,1.9666450256956245,1.118240159544789,1.05920231779704,0.2756055473589857
ec780045-5934-4ba2-a6a9-02ae9272257c,reestimation_v1,10,1,0.4651381917180033,0.3672806922348848,1.4509001926044147,11.41253564594318,11.585607072158092,1.7927594542996073,-5.555332164551196,-5.687563281308872,2.2336790291368875,0.8854213919023978,0.820612199195821,0.21278093574734291
37f490e9-af5b-4c53-ba7c-1c9289ca3049,reestimation_v1,10,1,4.682586571578878,4.6358594766612145,1.754912099309044,7.447004356289588,7.074936374155335,2.247200716041501,-6.550584330050157,-6.309623625181642,3.362870239541079,0.9294187429099015,0.8719146007274372,0.22980258632220382
84e63b95-711a-4445-a4e5-e52d0ba1b8fc,reestimation_v1,11,1,0.6485272204137881,0.6621943414446871,1.0653402054583543,8.340927348493276,8.447945210179338,1.7050810001162986,-1.9725303812455757,-2.001090718720621,2.025587485349045,1.0609577906743712,1.0225815583465185,0.25112765298704764
006e069e-f71f-471f-9d42-1b73b4c4c450,reestimation_v1,2,1,-1.3863093970131863,-1.3410088237126527,1.635763654044022,0.01708313349303114,0.5479950612990199,3.0480413088623797,0.04341252312468223,0.054861458295633714,4.998517816110759,1.1434423067817945,1.135268731824711,0.28404825676262796
45b3f010-8c17-484b-a34f-25d852ed9cc8,reestimation_v1,5,1,-0.47561050775083025,-0.49267369384326387,1.3541895905416013,2.6821962981082246,2.9535817362403343,1.8895385330998993,-5.553978488693813,-5.311345868078233,3.569689364266472,1.122034072093297,1.10193540368041,0.2940048091867092
d7430f15-d38c-45e9-8dab-df08bb0810ec,reestimation_v1,10,1,-0.7642965937623115,-0.6156420579875227,1.1613375662164243,-0.6115067242322398,-0.60970039713545,1.88544322524133,-0.43772749435978686,-0.2936664867148713,2.1766873500921995,1.0431841579150052,1.003985419330995,0.25673606258734255
4f388131-4f3e-4bbc-9745-4891b13e594d,reestimation_v1,10,1,-2.8211341093047975,-2.860854212054345,1.4724532456105843,13.8225577990952,13.556368179025114,2.514189296199061,-3.6633233989743967,-3.063669935269818,2.8726219271461235,1.0659578975042014,1.0195892072875283,0.2930541921679757
91896b5f-2ae3-49bc-a973-7aafbbe3ff80,reestimation_v1,10,1,-0.749526533588203,-0.6971262931579383,1.2647865977215713,-6.0204637123694775,-6.328836840141219,2.4475901551770303,-2.341808650179105,-2.2221731758461107,2.500945322955837,1.1311475405406084,1.1207073750928187,0.2869548433934196
fa8b3f04-8d2a-4178-8284-a81a89dd7547,reestimation_v1,10,1,2.427548010754212,2.3825877626438148,1.456469104119911,4.193089479423246,4.2533419290493395,1.8497900437230965,1.3312762233022108,1.6299662447549668,2.011356331214505,1.0837381402967694,1.0566447130576175,0.2714627002804916
8d72fc97-4f8d-4a1d-a115-689936d2515a,reestimation_v1,10,1,-0.12228227528181805,0.035748851609921806,1.1411405609660261,2.731751038371992,2.656617362794541,1.1879379651292539,5.869462846726015,5.655341678945048,2.7798634662972375,1.107568411197936,1.0666347295966476,0.28744270031495783
8486a30a-4a8c-4a4a-bc6d-b7ac5a477d84,reestimation_v1,10,1,-1.5929939482988478,-1.3887359249771833,1.4497763252935763,-0.26193893525492856,-0.015551183755846326,2.192087728539657,-3.388424199990721,-3.187556554999487,2.344077209546363,1.2153078250433824,1.2470082787564556,0.27935607786987204
3d3aebc0-d27a-474d-a7ee-88e9cdbbd94c,reestimation_v1,10,1,1.1205072263339757,1.0335005468839973,1.3867792091097235,8.77646873334695,8.670109432513208,1.8563238133060054,-9.092742769445602,-8.912309032571269,2.7325903648306595,1.1732882309930615,1.1657983061381618,0.2993975525650128
864ae016-fed7-422d-a71a-369317516890,reestimation_v1,10,1,-0.8132479153035918,-0.6466401900055172,1.2793052869827948,3.9863460200355463,4.094726557672712,1.9793388800591905,-0.9075104424684867,-0.9042385921979805,1.9736256629535143,1.0583761316093168,1.0627928910258313,0.2782251508035989
3b2f7325-1313-4cf1-9370-65c154395177,reestimation_v1,10,1,0.14201371045011682,0.2043274841774294,1.2968968437360475,4.124288312943387,4.180955008143793,1.5147859534609989,-1.9087172164892374,-1.6026598833794496,2.2431135302315153,1.1592403393281543,1.140334550582123,0.2680720972453138
5e2bea01-6d55-41d0-9e89-1f2ac4fd8c2c,reestimation_v1,10,1,-3.6021051452409245,-3.668215505618287,1.7650747389647552,5.933808913592744,5.574904584943865,2.2297323464059557,-3.3309678027560423,-2.9255840802840063,2.417977730430568,0.8036306727074096,0.7649679576763936,0.1443281922427079
7e1390dc-5045-4907-b16b-fb0e52adf54e,reestimation_v1,10,1,2.2168487914831223,2.070507454823033,1.5212762072401569,11.453559989036954,11.667148812842544,2.060977956949575,-2.279720830217174,-2.2532063720023654,2.3565213160778113,1.0998829518545508,1.0788731683341577,0.27197208118376315
6b4bfdc6-e8ae-49cf-8097-cb6a85507c9c,reestimation_v1,10,1,0.7982361268132938,0.7852751960510456,1.3239465207577976,4.760969221159272,4.816278023927186,1.4805023759263436,2.2982742798440094,2.056322224240085,2.088365829724674,1.154441143855095,1.1626555654955872,0.25696530841611526
e6240eb9-0250-4548-85f2-d64a6b4544df,reestimation_v1,16,0,,,,,,,,,,,,
afdcc8ac-5728-409f-916c-067a4d133d62,reestimation_v1,10,1,0.9497246930312987,0.9521340740130669,1.2876025571143341,0.7925331846588649,0.8055032304958374,1.7320132895899365,-3.2122849981175907,-3.131426506258993,2.7056472665701996,1.121215488626347,1.0954062732629488,0.2836825561508438
e2f3febc-0c4c-4879-9a55-b31f23522677,reestimation_v1,14,1,-2.9019206964695967,-3.0965357029592893,1.2629943836925306,8.946446483936937,9.153572503155496,1.3838601441665177,-5.61301659367316,-5.249972814300067,2.106979977726726,1.0467071229117983,0.9647656401583484,0.2581330634585477
d5429792-ebd8-492f-bc2c-78e9a1254424,reestimation_v1,11,1,0.9859766925008242,0.8960515952001511,1.3337094079963365,0.7506666838006918,0.9741414810771385,2.027953667349557,3.622825832378771,3.5161664257430796,2.387726624970296,1.198262369094959,1.2293055668712993,0.27503039326399054
89f097c7-6da2-4a89-8067-b9dab82f27b9,reestimation_v1,10,1,0.9442026013981114,0.9046016694821102,1.36777015474526,5.6724143563796945,5.568724962066426,1.7077758556241223,3.197797776898459,2.959082863750984,2.0266070049928815,1.2318309301112027,1.2529280325543697,0.2614622577070171
58d029d5-95be-42f3-b28c-8e400a429011,reestimation_v1,10,1,2.8666963779469574,2.8065817895590435,1.4548814738545104,7.449817267038469,7.544960089394831,1.6113692445960985,-7.035801351502339,-6.599509619641982,2.627019864019297,1.1336698792845663,1.0976377611227712,0.2789465444871418
67a312bd-7e61-4267-8c51-9676fab141f5,reestimation_v1,10,1,-2.984558742167171,-3.0201396334220405,1.5709283538992973,2.853459014200757,2.819893652241757,1.783894075460346,0.8981738992299874,0.8224041859188371,1.5322960856673304,1.154165325436522,1.1031930801006373,0.3107673071081369
59881edf-7cca-4b17-a9b3-bfe8625cfba8,reestimation_v1,10,1,0.7459115750482788,0.9175050388523497,1.2865024655065924,5.685727046501583,5.712654681939383,1.4873131211214692,-2.7841101682854243,-2.7215358184095524,2.1710649058879548,1.0884520350393607,1.072271638650952,0.29283369525275516
541776bf-7801-4ed6-a3d8-f441bcf94b18,reestimation_v1,10,1,-1.671566440439148,-1.7968055280422526,1.406951218891362,5.102713974742536,4.936350860811855,1.7741526604155617,2.83594301733517,2.8049442217744254,2.377519102246288,1.2358673820550625,1.2588976837158317,0.27177060371640266
a7c47d27-0854-4f91-beaf-2355aa38945a,reestimation_v1,10,1,-0.4306064520854658,-0.48581087258189437,1.1869810888524424,7.473271291940455,7.3219369009709,1.58605474751783,-2.8340105655661105,-2.5788245745072147,2.65868366459083,1.0747508656244553,1.0971975304460566,0.26769575973347126
431376f3-281e-4b97-87ad-f86c286e399b,reestimation_v1,10,1,0.7645735841713125,0.591602150134501,1.414287003663698,-0.04937564043771619,0.09017679599445305,1.6224394764318533,-1.588357424098061,-1.3934582285271184,1.8207903246924089,1.1179642700950778,1.123275340458405,0.27909647531950516
7b7f450e-2e10-4798-b8de-340a0fcb16b0,reestimation_v1,10,1,-5.242295155117757,-5.208351799639789,1.6360034102324712,-11.896594078755895,-11.618743758307701,2.462299255961317,-1.0609523296093524,-1.1339194939239228,2.4343946017921785,1.0173226163813194,0.9529764999636872,0.2818646031069532
2672b205-2c45-4262-bd22-b6478209201a,reestimation_v1,10,1,-2.053329142785436,-2.110353276077551,1.5489614322535747,2.29975382966984,2.255335076137066,1.4303169985092756,-1.3506272225682412,-1.5784457468855355,1.6750249059718647,1.0983311100436175,1.052262604616686,0.29609553248833825
b5edbc58-80f1-4324-bd18-ab62aa89bb15,reestimation_v1,10,1,3.831419763808365,3.6084681762190725,1.7102346442762755,6.9936027922633,7.033933915529285,2.2179316805936615,-3.858238937274575,-3.7302527042484153,3.4076161508666205,0.9380859597622617,0.8455891353120132,0.2514568604182279
ce36ab5e-2019-48c2-b3f7-e9be2f1ae2bd,reestimation_v1,10,1,3.557038078620968,3.4508232040839264,1.4558940707815275,10.26340684891665,10.181939124314699,2.169749109739476,-0.358377379937976,-0.5720707898624409,2.5004070735061497,0.8578598026294718,0.792177355898186,0.21852608067577978
21eef651-dac3-4bb9-af5a-b8d065a2c4f7,reestimation_v1,10,1,0.5179327030618215,0.6677538355729107,1.313534126165443,1.1382429597589785,1.0395653140693162,1.497934755238408,1.2398198293637854,1.0460548286223919,1.7922027802447213,1.0524269541710707,0.9721476162343125,0.2772454260970685
b8cd258b-3102-4390-8469-86ee29a9100d,reestimation_v1,10,1,-0.4738745529810707,-0.2920741006424339,1.297682345607119,4.810248322781993,4.434497939348828,1.6012956570833214,-1.3800032844944976,-1.540057596864593,1.8241807214320225,1.0373054306847795,0.9495212477094842,0.27655068764477114
6d8366c1-8671-4afe-890d-214245da6035,reestimation_v1,10,1,1.9348229290738927,1.7819329111963687,1.2700529933110145,-2.046112733220094,-2.1115361203177185,2.248567300377225,-4.112851129440894,-4.034978662482387,2.6006046979354047,1.0687663326369252,0.9979651437300273,0.29496614225412043
eba95da1-353e-4c5d-be70-73a61b07bc8f,reestimation_v1,11,0,,,,,,,,,,,,
3c30c05b-8be0-4a21-98dd-b4f6db24d84e,reestimation_v1,2,1,-0.8167483903784097,-0.7664024724125481,1.8390039363308057,1.7954817141314903,1.7507981191786735,3.397142392428807,2.3242751901892356,2.456541674474738,4.476881301138145,1.1503626951695,1.1490302583848315,0.28211455487982884
bd0c8d08-ab42-4d66-8a7a-ada689130795,reestimation_v1,10,1,-1.7381688555617423,-1.8461374347360042,1.384856093906215,10.46427764148117,10.457100889264348,1.870661114591856,-0.8395351427333487,-0.9776005207624703,1.6241386358637415,1.1080256622633624,1.088950702148208,0.2772924946240619
ad937851-0c82-4a2b-a2cb-d8eac4548003,reestimation_v1,11,1,-2.5123163463767773,-2.606777700747319,1.4387711762596225,3.888189271608015,3.951839627364202,1.726748191446479,-5.933028891503908,-5.437961032735979,2.057153930131558,0.7935199875561251,0.7408796153280492,0.1538067479495262
b3388af3-bee2-41a4-8625-627bc2cc6e5e,reestimation_v1,10,1,-3.64214523825887,-3.5287130376097866,1.694077855891012,7.104316349698763,7.550416427199203,2.5338394245432396,-0.2430933966415658,-0.15073925946042932,1.9565868780858284,0.804946811279017,0.775956324554518,0.1442406628743072
c6309adf-91dd-4cb5-a36f-d2700d7926cd,reestimation_v1,3,1,1.1664773123719376,1.1080595592244284,1.5694037445709947,8.011413951976534,7.58653112137429,3.6512344458385226,-3.75626619308806,-3.131274637372123,3.3532305821469985,1.166575916362601,1.1834096406894665,0.2836691550877551
3a4fc586-5430-4ddc-8683-4f5d684607e0,reestimation_v1,10,1,-1.4724188806324423,-1.2821904281725829,1.127898557385637,1.0310314994399166,1.1709758636502197,1.7166406083351418,-3.8906795366111875,-3.886035706192965,1.9813578280092001,1.2471299424627993,1.3059804822788037,0.2995812866233257
1f96c52e-b49d-4f09-80e2-e631b36ee5d9,reestimation_v1,10,1,-1.4732891106472252,-1.3431065493911678,1.4574431181490028,1.8860268730786725,1.9247282745532566,1.7119963808656682,-4.9111295674256255,-4.8552867948656235,2.5268629647777763,0.8269261599419336,0.7976908997991352,0.1626243735143824
0100ac17-1da5-4fc9-a9a1-83c1bf64b4b1,reestimation_v1,10,1,1.3099510955343097,1.177807624167478,1.6519003813904525,7.779911839437744,8.240920638429785,1.97664169324492,-1.9762206483102385,-1.8902507668352926,1.6164858218372387,1.0827968995249637,1.0392704357517937,0.27088870044823654
5d3567d3-0c8f-44fb-b73f-ec3d29190451,reestimation_v1,10,1,-1.3310002966602492,-1.473826112925145,1.3683131734304135,6.171858502268474,5.932785140609607,2.158682175921993,7.583765508756463,7.371368984572273,2.0659719831280716,1.1094488800920252,1.0749734645348359,0.2858465938410196
bf070060-ed4d-41b7-8151-bcb26e336bac,reestimation_v1,11,1,0.46866950847507416,0.40459770699572073,1.41436159398084,-1.404146246982426,-1.421969185112912,1.6434341588910424,-5.372599022811803,-5.472807302209758,1.9743071865662662,1.012912505942192,0.9781226750725969,0.26100426719742864
9491781b-1057-467c-895b-b4fc17c00ff6,reestimation_v1,2,1,-1.0412204652492527,-1.02798708978172,1.9459537340767294,0.14176269938028763,0.4954102442709747,3.3713711317744552,0.5257341729485075,0.48390477844101554,4.76748691894091,1.1292798593549664,1.1146262480854787,0.28941811831937686
f87217da-ab8c-4a64-8e60-b9087c154b66,reestimation_v1,4,1,0.2304274410859467,0.13796345833178425,1.4951707938486583,-4.917777187438978,-5.066180137014951,2.7645320185993785,4.943773539427657,4.553247274842892,3.5240045498921946,1.1406567574939788,1.1312978560266944,0.29629846997653486
f52bd912-5374-45ea-8eda-cd3a903cf924,reestimation_v1,10,1,-2.500280600182721,-2.2540501886944693,1.4908500511350424,3.639323869071139,3.619244571217612,1.7709478645289636,-3.9524853315337385,-3.9556721194638076,2.083818428210179,1.1636348998437562,1.1564067702370415,0.26467565097242807
f047a84c-dec3-47b6-a550-2c6dffbdaa98,reestimation_v1,10,1,0.9243833070015908,0.959522407357116,1.3957198890280007,-0.8881956825037649,-0.866865564085282,1.673450857738681,-1.4027809400007805,-1.6091329596847306,2.09345432682288,1.176373864432407,1.1867300989633316,0.27141517969002443
54a8dc15-c260-45a0-b25b-96e63ca711ae,reestimation_v1,10,1,-0.20260346551110361,-0.1700530520096044,1.1474497475527705,-0.4824105577849752,-0.23290341660026037,2.1210744074182166,-4.790864776011919,-4.775318716902146,2.291785905671723,1.0396219402543763,0.9839698130712765,0.260039291229152
14bb343b-0421-41d0-a47a-478638592b16,reestimation_v1,10,1,2.7471144567414236,2.745065629352807,1.5327136627477338,7.889262844787869,7.926910243274552,1.83368739403567,3.0231267722022412,2.34103130855197,2.9409349833530656,0.8544214601491803,0.7938590981108243,0.18830064439340788
9593973a-a282-4c51-b450-f422ef1c30d7,reestimation_v1,10,1,-2.2771466535473754,-2.318605247372628,1.3620730694084338,2.8236596052054694,2.9999164219898127,1.320171218381804,-3.5045562964322516,-3.1867569910853026,2.970501954072849,1.1810842473684915,1.2206673270080948,0.29148758862620355
f4177a5b-e96e-48ee-92bb-e08e16c78093,reestimation_v1,10,1,-1.522982517814482,-1.4754072383342383,1.290333577786836,1.1663032832145985,1.2334141343481828,1.601795372044599,-0.4581974008893342,-0.3895822479790017,1.676598948667094,1.1054127363161874,1.0345710895651037,0.2857871896302227
f98b5b1c-0054-4d2e-a139-24bd73dd0d34,reestimation_v1,10,1,-1.498198762098228,-1.4352961502612154,1.158471699775565,-2.148909029490536,-2.124440959616176,1.8884917028917787,-2.8284908473757038,-2.730067820789796,2.3501488612989814,1.184115240556217,1.1903719185926358,0.2854149468720749
8bbb7c2c-b02b-4fe8-b8ea-f7afd9668325,reestimation_v1,10,1,3.36872456743878,3.483461194100863,1.638984377022209,24.905699358720497,24.633035746543644,2.6277361951969,-4.402151409292596,-4.159239115615277,3.0210564393493766,1.048235022901205,0.9559751913862888,0.30658111587741826
e635511c-147c-4d86-ad16-8950f4c96508,reestimation_v1,10,1,-1.1429477125232002,-0.9793809528282631,1.491352363925316,5.1632502167435845,5.048243260236481,2.000137476957518,-1.3497154841631702,-1.2678929412122493,1.5887880800445453,1.0531279548808732,1.0691548133848017,0.2571158411954172
2f0cadd9-cfdd-46b6-b25e-e3d49c073d77,reestimation_v1,10,1,-1.401173912132036,-1.3354852444610414,1.369432854792334,0.09605520449519481,0.004089347927767051,1.801947012088834,-0.048855589743927556,0.05995761155699905,1.6621224680887816,1.0250125000868693,0.969284324324962,0.28616919762482973
35adc8f9-9fd5-466b-bbca-0b7af46922d8,reestimation_v1,10,1,-0.8202583929997854,-0.985050598552774,1.3653838230210331,2.021223501000302,2.255675127958249,1.5852071163302999,0.30176562179374566,0.3791667745481937,1.4443903056868779,1.0993529621380909,1.0301871246390697,0.30019662401794045
971959fa-4bb5-41c3-86a8-9cc449698752,reestimation_v1,10,1,0.5378216940812137,0.5257654839584838,1.466184893308279,-2.321102738056785,-2.308583986719608,2.3481016967960606,-3.3136111910144272,-2.7812113870806727,2.7707573944358455,1.1700900336126614,1.1697561897797808,0.2714003614457424
ae919acd-c5da-4263-a784-e77c884a2876,reestimation_v1,10,1,2.3368829069357155,2.3146758638785836,1.6690809663266681,15.638303975289935,15.62492401499793,2.4712277902372857,-3.8761746367366663,-3.5908871061457575,3.2754276287480066,1.2296329389428384,1.271518641443734,0.28119495558547897
792633ca-3c93-4b60-9eda-a1ad0f713c2f,reestimation_v1,10,1,0.013396750033252965,0.22866365454358872,1.298991668323765,3.3715159645838613,3.4638639177117088,1.6635499585241096,-0.2535792591486243,-0.33250984957819574,1.6940413517520998,1.071097169212917,1.0299074654144755,0.2809909594040862
5e72b17f-e477-419d-9aa5-9abaed4aee38,reestimation_v1,10,1,0.9070837130579752,0.959460011115373,1.314088485534222,-3.3096937254792866,-3.301709866400792,1.7353838276034592,-6.398313064019543,-6.17385334452377,2.8461778667426474,1.1399857401919196,1.1257259354358877,0.28414327611881013
d36591a9-11e7-4927-aa2e-66ba29a4ed3d,reestimation_v1,6,0,,,,,,,,,,,,
a019510b-6a0b-4008-a4c3-65cc10b9df47,reestimation_v1,10,1,0.7761740628441361,0.7722577466244638,1.5991270076572752,-0.3331621413423864,-0.5083960611912346,2.3206386245578763,-5.486950358020711,-5.28290583471102,2.993137366410788,0.8276679110486505,0.7792968275950791,0.16355125993039332
fd9a14f2-6bf4-4d70-bc4c-ec26af974f49,reestimation_v1,10,1,-0.3964948997506189,-0.4934835642967076,1.2407985462944826,3.566002114491695,3.7280942614657526,1.3254643719475259,-3.1119072063780484,-2.976109511955978,2.05790431969591,1.100674648568254,1.0695358402271697,0.2786903238828429
5c796d04-e262-4881-bd20-a33c10432e92,reestimation_v1,10,1,0.9081205235038228,0.7754250459473153,1.4861709017593205,5.75439962427779,5.934408778752344,1.9658988629401177,0.8848776601622956,0.8193802634211633,2.1178080438568205,0.8354926974885497,0.7867129121911004,0.16878541728502966
96fb75aa-dd40-4985-9008-10809f00cde9,reestimation_v1,10,1,0.5725467373981725,0.46922152981606,1.421457571959635,-1.4618290506063354,-1.3001110425644207,1.823855241280253,-0.9856341929932343,-1.0399260516425515,1.8959255244322255,1.1924854981765767,1.2326520189865966,0.27872816757357116
a9d17cd4-2b5e-444f-befe-6b6a36a16f3d,reestimation_v1,10,0,,,,,,,,,,,,
80fa11cf-8e8d-4c98-81fd-b70599d782d0,reestimation_v1,10,1,0.675119864817838,0.6783780279453477,1.4574800552343776,6.3748459539765685,6.631317605965894,2.0432601983483947,-4.035013502795076,-4.150341784992125,1.86147973879818,0.8101498858109191,0.7761732946924977,0.1582819832537108
f5cfa35f-8d45-4bbf-8ef1-f9cb71cfa55a,reestimation_v1,10,1,-0.17526725764191226,-0.07079865086254822,1.3121112386561977,2.462888672916442,2.6578434387230336,1.9975689298171755,-7.1741341234149845,-7.159535706892115,3.31035777058122,1.1404125341580769,1.1236173990650422,0.29230636598325865
a814854a-5955-4f9d-9d10-c54374f37831,reestimation_v1,10,1,0.32777671097435024,0.2565353353085105,1.0769402056139572,1.844958774569868,1.7418796723041974,1.6637634145906481,-0.3061291296797629,-0.4122572940577667,2.059304608589084,0.9857278888409544,0.9170338817841908,0.26426335267818296
baa3c0ef-e354-4270-8c9d-6b2a551e3ccf,reestimation_v1,10,1,0.15955636766280623,0.043712174242598545,1.3221897287705642,7.478128317980485,7.689641180191664,1.6391443460885045,-1.938789737640154,-1.7160554736984892,1.7649589382741122,1.0103839053501598,0.9641493559621215,0.2645645696694341
aa1bb50a-e6e6-4ca9-aa0c-9bf426da0aba,reestimation_v1,10,1,0.16541594174131877,0.19873257420079016,1.299527601271988,9.69112487826867,9.786191685045479,1.5408765634237904,-4.442468881842134,-4.17467215869642,2.851750742859852,1.1471107147279418,1.1371196685530798,0.28377803587328354
b34fbf72-940f-4826-8899-364d884bd056,reestimation_v1,10,1,-0.7901072741703783,-0.8199389136064796,1.2136389521698268,2.299623109156594,2.143919882075551,1.435484716521632,1.538630862999826,1.4396988239721509,2.003113169696629,1.1328690686143137,1.1139255792171456,0.29114613567844033
733059e7-304d-4dcb-8802-8095bb7f412a,reestimation_v1,1,0,,,,,,,,,,,,
7c2964c3-c7a6-4f71-b26e-a79c852d63ff,reestimation_v1,5,1,-1.4573720652750122,-1.472258573851402,1.5857584727737544,-0.0649410988724814,0.02999879526262106,3.3033852117340485,2.727330737655385,2.6329310678662,4.741528756124258,0.8512555003528854,0.7861761975176391,0.19317614919383091
3cd6ee44-f8b9-406a-b014-eab812bade78,reestimation_v1,10,1,-0.3471958925004989,-0.3221974117523416,1.3508724110188481,5.073809122479937,4.875173070173579,1.770218458289923,-7.104330958148709,-7.120232469179799,2.9247028731522797,0.992649265768524,0.933788949007189,0.26243515924179556
df05c58b-85ad-49ac-8ec9-2bc71bc909a6,reestimation_v1,10,1,0.45943305780900373,0.3249526569645105,1.426361845480469,3.127027063142925,3.2651459163144674,1.8020838185057635,-1.4696116590975006,-1.251168066619716,1.8577227820845807,0.9416757875533638,0.8562200566659866,0.2556789916023675
808560ea-1bde-4158-8214-aa5481daf7c0,reestimation_v1,10,1,3.548926316021297,3.7180128190680315,1.6861142332223094,5.798066829040462,5.3550108106873955,2.473968734593881,-9.278462080214137,-9.889915674970055,3.312640256667247,0.9678946561271636,0.8624842924621207,0.2693897818771924
01128555-829a-430f-af62-238aa8f89958,reestimation_v1,10,1,1.712797110874976,1.5656224452693723,1.303990049038249,7.1625400716923044,7.387158086485873,1.6932860676185402,-4.6902699683598765,-4.693446059696251,2.886906784184382,1.126821083731125,1.1156132366431004,0.2720209395613473
ec882ba6-b959-4606-b6cd-c2033a9ba515,reestimation_v1,10,1,-1.3037052414532984,-1.2498521147575223,1.6410688854764008,0.4710471905815691,0.49903935085953444,2.1194305976639973,-4.321352526358711,-4.280341450985416,3.0371062589558835,0.9370791794541375,0.8860668266899122,0.22446175664011286
b94bdf55-0d11-4af5-9b8a-99257d43691e,reestimation_v1,11,1,4.631158064970048,4.524902993333423,1.4859230576193654,4.4944353503705425,4.561428098814498,1.7832444715944746,-5.05747518905222,-4.424504332856092,3.1296111923298273,1.054463007737911,1.0185831980456015,0.2789699822486
baef0664-efba-4879-b40a-ddb109951ae7,reestimation_v1,10,1,-0.003724954333318388,0.04937089412445367,1.4361287829874658,10.057836890567978,10.343210461286171,2.041342123859197,-3.517480623693349,-3.1216929408776686,2.6848552078247603,1.021278028475078,0.9710642311921669,0.2801840954071136
29583f3b-28af-4e65-883c-acfd3f0e6fbc,reestimation_v1,7,0,,,,,,,,,,,,
5d1f8f43-67d5-4d05-8ee4-76fd4c359a81,reestimation_v1,10,1,1.574832192908021,1.3367084597274441,1.2505534608913618,-0.5566606552078732,-0.3377192636823718,1.5539605736094002,-2.2391993086123487,-2.086487804977173,2.2277850256919245,1.1579206401280273,1.1539026455127328,0.2838724748564255
03f93e99-497c-4469-9ee0-e350d221a690,reestimation_v1,10,1,1.6735838079647751,1.6347511924947438,1.8512786257356832,18.552316245741544,18.624497923590297,2.608289322107807,-3.8240394366138832,-3.697420312879259,3.3216463097241498,1.1305043835738973,1.1279737726439374,0.27948921472860533
0420b09f-9c61-4d77-84b1-2c8345b9b10e,reestimation_v1,10,1,-2.2470943045962035,-2.156499092600083,1.2964938057267064,4.315012207342914,4.377907476101135,1.3050225410804772,-4.19616136955165,-3.9672674713709304,2.7265580699787275,1.0702185752206008,1.0127882092429126,0.2873250576466164
d61af889-1c78-4c2b-8a36-03576ca6631b,reestimation_v1,10,1,-0.2506081976106639,-0.1663017287795407,1.1536099059361147,1.0019684572791248,1.1449611723707847,2.3085670429258007,-3.9228594995039328,-3.6051260932534386,2.5677263103478998,1.133553580968783,1.1255834756349372,0.2697586662164926
3405d062-79e9-4331-abc5-994a168b995d,reestimation_v1,10,1,-2.8539855656181605,-2.9168210046766765,1.4224168970303452,3.132451539085842,3.071836168734432,1.6269631559168225,3.0033542266732773,2.7660687389458287,2.3566476521654502,1.117233317394392,1.0882608448534552,0.29106025786500334
71dbe888-3009-4661-ba27-006399ac40fb,reestimation_v1,10,1,0.8607084868310889,0.8384564802417709,1.3809448319476214,-0.5746867668602216,-0.5555792412652151,1.8593425250796154,0.5253931967333103,0.4301893011570319,1.9345352342545739,1.0969835355452497,1.126648257464307,0.2892863965488848
d1a27453-e606-4c23-9459-dea597e0ed01,reestimation_v1,10,1,2.731484617725258,2.5449481562938097,1.517690544697765,3.440302884618079,3.7753209869552924,2.0820930532654667,-0.7231570314828275,-0.640430723286852,2.1727610468840313,0.8125935328706073,0.7460715158701987,0.170096508001952
ba0448c2-d4a5-4181-8da2-5c5152491563,reestimation_v1,10,1,2.3940956779491587,2.375724215480164,1.4828115941415525,3.343000767017955,3.2554331544597677,1.683549944785587,-0.3866004976240952,-0.0950677333150407,1.6550385248742603,1.1411584747049872,1.1166347542111477,0.29418959507113873
61b16358-92f3-4886-b087-54bb154b911a,reestimation_v1,10,1,0.36767604181117286,0.338286185261235,1.299447940989367,-0.21350435329943057,-0.26012914032758255,1.563444351437513,-2.655810678908286,-2.676121249749183,2.1548799023793634,1.2022257459800478,1.2209093195020124,0.28707107740667914
2b812028-0777-4755-81b9-285070fe3d2e,reestimation_v1,10,1,0.1643188345695191,0.11977447144356873,1.2970910798846846,-2.1946327983317038,-2.1903365386611933,1.4412774760439233,-2.1726356738029513,-2.4248910791528218,2.014386403291936,1.138537558748624,1.1653780238185907,0.2524079061431769
1fd88d2d-bd84-4ceb-8b37-b64139589edf,reestimation_v1,10,1,-1.2594405192778397,-1.2804998674465682,1.2436885096211565,-4.631366610242441,-4.519049310515995,1.6029443615834316,-0.6846526991809387,-0.6112037855593402,1.6748319093509954,1.0724979535816006,0.9940673613710135,0.2817673858593484
5493baa5-350f-4497-8356-18313a2fd6ff,reestimation_v1,10,1,-1.8975065108344413,-1.8557501772448242,1.235345925807108,0.05407679593584861,0.4072770051098491,2.065471255485026,-3.1578445769634103,-3.019476001501147,2.5649527962944707,1.1695991615197163,1.169084688448496,0.2774010418281109
792bd508-a535-4cf5-8ded-1769dcd677b9,reestimation_v1,10,1,-0.9947244908278914,-1.0926542981271552,1.3139329775494495,0.6160230851561941,0.8118047948712981,1.821054988217503,1.8235132507792062,1.4023944655659157,2.0720267401954082,1.1971805148901289,1.237790361430387,0.2934595983746332
1a550239-bcbf-4df8-b857-0536ade2f749,reestimation_v1,10,1,0.6123818473327816,0.6605221815981006,1.310514462870328,-1.6994197654639276,-1.4443390115835528,2.075142325879536,-2.090430435868236,-2.4082193777570007,1.940183005596323,1.1988365741030862,1.2344258087381967,0.29708339106470183
d6bd72ae-909e-4aed-a622-003ab4da7e0b,reestimation_v1,10,1,-2.1780509129595447,-2.068042428448589,1.1968054430351267,3.2696493289474677,3.1666279114463936,1.2726337140941362,-2.851014246415299,-2.580021306776578,2.5328619702809743,1.1851603646896893,1.2235721682647691,0.27197390323221915
0d3980cf-5b5f-498d-9c7f-deb98e1a81ef,reestimation_v1,10,1,-2.0931540859560664,-2.105126356111236,1.258042597462172,4.4230952082862265,4.344901369366811,1.4449018114286114,1.7232693353404833,1.4194345925619647,2.1584882814673634,1.2042271709526675,1.2573074519920013,0.27029624294968824
afcad5dc-af06-4446-acd6-8c6f4bcadd08,reestimation_v1,10,1,0.47375288608991234,0.4163906152015846,1.3304452358040693,-1.4243967744134018,-1.0477392101261729,2.2745872818761113,-3.101480643458473,-2.7890695913785075,2.1632005215548507,1.1654029261060277,1.1688257764103593,0.27896359001996196
37efdb7e-7e85-48f4-832a-2fc122c47cec,reestimation_v1,10,1,-0.64593040544765,-0.684471830227991,1.2277734032478838,1.7746584119067352,1.777911516113357,1.3469085063972395,-1.9203027736172902,-2.122539491854599,2.043977965243141,1.013546072925608,0.979067859975211,0.25851767968377837
35519bc8-9782-4eac-9ff6-c98fef48549a,reestimation_v1,10,1,4.929294647588444,5.094278546053226,1.549253226133312,5.988121139528966,5.724114578702917,1.6407152105452956,1.1888688405159076,0.9421580103287042,2.4044663574629404,0.8696443488294799,0.8023073850591543,0.21124402699761224
32963f9c-4ac8-49dc-a270-29f9e048534e,reestimation_v1,10,1,1.101715571721895,1.0196074909770303,1.3841322123704398,6.404015924533101,6.3125716714703115,1.7241753524045071,-5.160290116114489,-4.780826531697546,3.443511484153756,1.1923934526458484,1.2121601980312462,0.28145358430033873
4f246acc-8e94-4022-bce4-72008a639138,reestimation_v1,11,0,,,,,,,,,,,,
4663f83e-4e2f-4566-a524-35302e584960,reestimation_v1,10,1,-1.1277559646625164,-1.0191935877125262,1.3639056441514747,4.368752521859942,4.377818278864204,1.4404954050168093,-0.640587395041538,-0.7073936818611803,2.1373001308953103,0.9738370607495839,0.9223150015634298,0.2712833260361249
d2d70533-49f8-496b-a218-856f9c40894d,reestimation_v1,10,1,-0.8331003735552797,-0.9532220868262719,1.4087982488646926,2.284493878854809,2.3027550205260487,1.744668316442616,3.648812627777308,3.528630832391964,2.4330287756408278,1.151216775374938,1.1611270365018256,0.3031591258569451
26d76366-d140-487c-bc73-40a5dba4d612,reestimation_v1,10,1,0.6782160776023898,0.6983087876683474,1.2264921698298263,4.467356246481766,4.316624167444709,1.4543708838825422,-2.437712450997554,-2.470795662586713,2.4597443460160138,1.172635969017076,1.1475630510100663,0.28436956664533436
2a32a4a5-f78a-4693-ae04-657c340776d3,reestimation_v1,7,1,-0.2641960025658988,-0.3373059830466416,1.3661562767003648,4.715833232888776,4.528382246188806,2.050006020726808,-0.7140785270622714,-0.5891828456084909,1.6839126108854334,0.9988379549941423,0.9720522459523145,0.27028970395154095
663d8488-c929-472d-a42a-09995eb5bda9,reestimation_v1,10,1,-0.037274283204710254,-0.10605122445749338,1.1915085256423263,1.3374912204405307,1.4177688660182879,1.7098147068633716,2.1174422359952465,2.0164032078433776,1.938612207357858,1.1648337590699507,1.1752902291715446,0.29309094591792817
7861cd0a-7b88-4336-bb31-6bf55c9792eb,reestimation_v1,10,1,-1.3572702910221384,-1.3621461958283902,1.3372621587975102,0.6562262094614428,0.5080442060003469,1.556892532279633,-2.8176046891937236,-2.454572520068112,2.3023384395075044,1.1873246582145165,1.211391740025543,0.2757284535219171
0740588f-0480-48a9-b417-9bd0d0790da2,reestimation_v1,10,1,-0.33378420448905854,-0.238432871256806,1.3105332328541681,2.632406990329625,2.569920265384427,1.6408959861830235,0.9768748782303132,1.0182956927346902,1.7532645002669245,0.9679259497612213,0.8943044415637479,0.26162285619310377
caa18a57-73e0-4619-9ae6-404bafae5ed7,reestimation_v1,10,1,1.9358400508260645,1.8454788898866512,1.3577843144822848,1.1166619573023375,1.2094321583143974,1.6546040184840798,-3.248131832433584,-2.8039022152276942,2.4959095515048455,1.1127356018449133,1.115381975644192,0.26778910248070525
9a71c556-0453-4dc0-84fd-dccabb317bc4,reestimation_v1,3,1,1.2163065777680064,1.1926154507514295,1.5561583205526528,7.645174125072179,7.328188529580032,3.5022972883267784,-3.7958383155052835,-3.33155749648491,3.193123956050642,1.1719783031491458,1.1868566833899732,0.2880839661934178
da0608ba-9236-48e8-8226-a9c6d4ea09d3,reestimation_v1,10,1,-3.269904107362884,-3.3989729024113604,1.5408836464975906,2.9114209424988857,2.9059027445756325,1.6735072724899196,-3.0587745317002457,-2.6698685021195177,2.9250629284549667,1.1365661994719192,1.13397778283836,0.28745631869736304
bf40fc72-aa44-4a53-b97c-128d9f83e395,reestimation_v1,2,1,-0.600313767396243,-0.6053372153804757,1.8914864093468073,2.184684019772413,2.276776938967261,4.223783113801056,2.3918397344482996,2.5914535571663553,3.866507483890419,1.1762050704620397,1.1800890014773626,0.28362709415583415
f4ea4b87-176d-4eb5-9d29-934bbea5df0a,reestimation_v1,9,1,-0.4105595376361758,-0.5041487874187601,1.2831726098337564,2.7457032126148397,2.5456991355942713,1.5681205795714905,-2.425768031445985,-2.5575399897179256,2.285609173483059,1.0381965097574077,1.0120588941568271,0.2662237427641232
3ca2e22e-3031-462f-b63e-0c25661baa31,reestimation_v1,10,1,-2.277720719970197,-2.2228476608473584,1.3182414598097782,-0.8428950671644854,-0.7401193255560496,2.243270702204069,-2.233596737571539,-2.017873498198635,1.9901189193854139,1.2017345102634538,1.2234611800340685,0.29922908087780964
a37dabc9-54c0-4b3e-8cb2-3d9be39f59ad,reestimation_v1,10,1,3.5400796821185927,3.636952803366353,1.2932340971086804,-0.5990902189029935,-0.3657532499134071,1.7157392010137105,-1.8255181296766037,-1.7929587506708493,1.989185576951446,1.078143093530605,1.070059503887846,0.2735708899262241
f7d2b7fb-dd1a-4d6b-a725-f5d61085e000,reestimation_v1,10,1,-0.7957799079787998,-0.6952361438976364,1.2595526945195765,1.8571363834145078,2.0150853997130467,1.7278695237501187,-3.1194429317532775,-3.1948683025747515,2.238144604800526,1.194123783600733,1.1774236574100296,0.27788562637493125
e3b4aafc-2989-4812-b55a-0ac363d68c00,reestimation_v1,10,1,1.0188727641296687,0.9767138210263581,1.0674195794001151,1.6194371892350623,1.652555858522284,1.3869707212286015,3.8071276380400305,3.777775182152868,1.981778926087665,1.016556948585837,0.9566664571444056,0.25795859566989715
e9877db3-d246-402b-b0dc-877a4b13f5e1,reestimation_v1,10,1,2.254903864308505,2.206941171339552,1.2363607346640582,11.20233498871865,11.046721586278322,1.513246800665531,5.711929842970677,5.373510422361553,2.096494000210923,0.9252117129455001,0.8096461349997134,0.2651631814593787
ea3628f3-0fbe-4e9b-9a14-573637d58797,reestimation_v1,10,1,5.585913692424948,5.366136447326324,1.5348513585595873,6.120990943110957,6.066806222423498,1.9225822451101506,-4.38123391997047,-3.807948395588291,3.0220238004687494,0.8681691803477893,0.8308261660094489,0.1889415716661597
7eae02f0-9a91-4683-a248-5aef092e60df,reestimation_v1,10,1,2.380179955677819,2.4143857165725993,1.4203576789534302,3.557439215424526,3.573976855215012,1.628268574131975,0.9072561820808335,0.7653201214567577,1.6068642061389906,1.0008208233979556,0.9467146824916157,0.24559423590617668
d2edbac8-7452-4231-8cc1-3cb30544ac29,reestimation_v1,10,1,0.2864249010067667,0.2904383888170118,1.4426400510027506,-2.9863879151346744,-3.0759127230359216,1.7151416959384345,-3.689204692313078,-3.394069857456492,2.1935990851579517,1.1089719998519318,1.078629430558411,0.2855443304578542
678ec4c3-c885-426b-9712-9e640c72573b,reestimation_v1,10,1,1.8256946553034388,1.7884011391399688,1.4565507149421082,2.569173728358083,2.5391828416344113,1.5889010771566034,-7.405891306533289,-7.047259148963624,2.918827583705147,1.0781852022145038,1.0485482675458293,0.26427087906259233
4b1c1c1f-d6ee-4665-8914-000b572c2b8b,reestimation_v1,12,1,-1.5088659935963677,-1.3616358766187369,1.430862898302812,5.223744028976741,4.735870119555455,1.9881822488580976,4.348221528013953,4.295464344826016,2.3337551044649523,1.2283295575918265,1.249078258595081,0.2610952449515294
57abf038-8927-475c-bd53-adb43e2ec9d8,reestimation_v1,10,1,0.20931913790042916,0.17747524803196912,1.1060073369554186,-1.040025515136139,-1.2948196750951926,1.6345527862681708,-1.3145846616066548,-1.1971497501143071,1.7472758303962568,1.2155706798635144,1.2723721585110628,0.28779294331215577
b5fb9869-fcbc-49da-aee3-05bc1e451da9,reestimation_v1,10,1,4.195140067555885,4.129600769515185,1.2422563094095298,5.842056858742328,5.676629776342157,2.079463505745824,-5.645233356635872,-5.656214301259573,3.1822924133017407,0.9349321907041179,0.8766175163307973,0.23910432311087196
3b3f05b9-f119-46a7-8110-85943c44665a,reestimation_v1,11,1,-1.4837779975759116,-1.5305839310268752,1.0758865452816104,2.666605035297007,2.680277542169824,1.3119379356368166,2.962814958974032,3.140497809574884,2.2758946323613847,1.1854843222157445,1.1999115993255054,0.27718243466692044
fca399e9-2096-49ac-b998-0a93123841f3,reestimation_v1,10,1,0.9768894101671814,1.048467214576556,1.398787110821793,0.6688936127944276,0.7158125394079426,1.5825824605297507,-7.185490486408824,-6.954431864995032,3.6256997236661603,1.0827895049624645,1.068671750999395,0.2670284372476314
5b84308c-ced6-43da-b171-bd96a25a972b,reestimation_v1,10,1,-3.691779827354001,-3.834672252270976,2.009314506575954,0.3547627166736681,0.5691483569996505,2.5160742301293153,0.42507361775693614,0.4315034961191844,1.9362306640920504,0.814018934760424,0.7561856700621874,0.16144466146676087
4fa0176a-924b-41a1-a23d-fefa123d4c27,reestimation_v1,6,0,,,,,,,,,,,,
9c28099d-9b48-4f75-b5fc-3174f0082bbe,reestimation_v1,10,1,1.0808661617772848,1.1071508047747018,1.378782521960902,2.338259699841313,2.13194071055426,1.6404226877570052,-11.206844527034796,-10.925052685666,2.523082675827723,1.038892611077093,0.9851221061819213,0.2616415147793577
f10da58a-d73a-4f85-9acb-c9a96c6ff3f9,reestimation_v1,6,1,0.3337007488028341,0.11093077712675625,1.4673076910256464,-2.5703920420567252,-2.2975319668542458,2.7672179474957255,2.834366426823732,2.7290514455959185,2.4862141089212773,1.1237020026627549,1.1242653578095814,0.28561632591529956
0775663b-402c-44cb-8120-706e636ded47,reestimation_v1,1,0,,,,,,,,,,,,
4eed181f-3825-4d0a-aed7-d80126b04887,reestimation_v1,10,1,-3.7022579798402875,-3.804475246037626,1.6302360546868266,2.1964422114291215,2.597746065598045,1.7674743151047676,-0.3407442996519426,-0.3968906365311678,1.7899669315077125,1.1022621393423955,1.0541028596930353,0.2999710730181475
a6a9ec8f-2b4a-4987-98e5-6e775cbc02a4,reestimation_v1,10,1,2.2273808532492563,2.2859176628047786,1.4968257565487577,-2.3444702494286607,-1.714812306597548,1.90528685981548,-2.009329540566152,-1.213451909288127,2.561986303973489,1.1299932113481879,1.1414628834770595,0.2890985279963043
6f4291d9-233e-472e-927e-394ebbd6c19c,reestimation_v1,10,1,-0.525369609895981,-0.507547424528477,1.2737893966392781,1.8716507601315548,2.0034180886970643,1.6270997405650403,0.7940133703838371,0.7768335484064044,1.2928333093257636,1.1581296811404915,1.1871020760623279,0.28485108202588993
529585e5-8f2b-49bb-b14a-ba3130b99ec3,reestimation_v1,10,1,-3.5311772256413794,-3.4262817290476724,1.6811076611413984,2.2777405684427796,2.4414878486135927,1.7997807741141068,-1.8664820658307617,-1.715528103308901,2.406778668968608,1.0953662365118761,1.0710331919685845,0.273098853990839
159ce3a7-75f9-4255-b914-dd6b0f1f076e,reestimation_v1,10,1,0.28219739479977696,0.13056035647195463,1.3822531484720935,3.172660540258594,3.402038774370271,1.6810076808114967,0.5305919320859757,0.1578099778527271,1.9008009908836943,0.9774896701525783,0.8843484041981904,0.2721650630006589
19aea8e1-23b7-4ba4-bba0-b127591b0f2f,reestimation_v1,10,1,1.130232124559663,1.1184212240302402,1.1808646116770898,11.072156599520122,11.117116652448722,1.982145571193146,-6.966588833348351,-7.158773711683851,2.802667005634923,1.0089075514676247,0.9576349620199794,0.25732044070849686
5272e301-dd26-4b1d-b2c1-6ce27f77f947,reestimation_v1,10,1,0.2716178894617441,0.16813257483243893,1.2647038435721092,12.230889313454204,12.342174095475897,1.4208010925253067,2.1436250486402644,2.1445628283386524,2.104478415729298,0.9901470872185381,0.8961977069186587,0.283554376362098
c7041c02-1885-46d3-98fe-ad58ba51bfdb,reestimation_v1,10,1,1.659538514087016,1.6243852889349983,1.0841626324177898,-1.3064065193532715,-0.9322041889913388,1.6309757094827786,-3.7602262075866966,-3.2791852065898137,3.282576940241317,1.1933879388161377,1.1823473643881648,0.29141155496077414
25c012cc-e684-4ffe-aab0-66cca2685a42,reestimation_v1,10,1,4.347591448567557,4.339649986663365,1.5684430864726573,3.6526369176701032,3.513794356416712,1.6242346090391657,-4.495797945500369,-4.092120262397327,2.4940892021409944,1.0796016228955272,1.0423341515688207,0.28599345753667643
73eef755-fdf4-4a13-9eb4-a779621ea1c5,reestimation_v1,10,1,-0.5001442441052365,-0.5919222696427768,1.3294857129129218,6.40348343325854,6.40256185266939,1.4294090576392515,-1.5043868750009737,-1.5413381221722164,1.8837427466651973,1.1501834066716023,1.1018202941389172,0.3256279873334941
6596ff41-d559-4709-ae2a-3b3c3c7b6ac9,reestimation_v1,10,1,-0.6297639052929405,-0.5758322867113552,1.1285418220829244,0.20464370060927295,-0.028684252208392325,1.553090329981553,0.20018520610798132,0.18252328641779925,1.7292658431308205,1.0727572280849111,1.0287898722528501,0.29181442577702177
dac1ba7f-2139-4f04-90e1-083ed4052283,reestimation_v1,11,1,1.65811374939052,1.676072190277012,1.3903721837706737,9.60613746568014,9.387742567590418,2.056217870577548,2.5801637725059385,2.523942519190406,2.623644815178545,0.8533907673772597,0.7969029145845967,0.1855026863943881
75c9f81d-4a10-4769-a503-f3163874bd0c,reestimation_v1,2,1,1.190574140198582,1.1309612495878318,1.5761953381887501,0.17226393832384576,0.6615062140675754,2.989418880778935,-0.1309636356663356,-0.2182123940500431,4.7786185773976975,1.1288187660120867,1.1151789880371301,0.27920958236083837
68851eeb-90d1-4bc7-87e4-b0629281c3a7,reestimation_v1,10,1,-1.054687062588603,-1.0222586955322521,1.3000491485601524,2.7927022296709296,2.9628959059413473,1.6604749291929628,3.106688278730862,3.1569044536146422,2.236749840891292,0.9726557369039037,0.9175928212234018,0.25675714672438693
0a534636-c81f-48d5-971b-757eed8040b6,reestimation_v1,10,1,2.3928753891789127,2.324277919246401,1.3457646686746987,21.455336742046843,21.168804718152856,2.018865052315058,-5.539861901399018,-4.815444463875062,3.5930702831920076,1.221043290357438,1.2325646383547297,0.28414240476711977
67fa8ed5-9d18-41da-918c-76109e57e597,reestimation_v1,10,1,-0.5907012592763745,-0.6572422027981977,1.3134209332188,1.6508069711275464,1.7564654929109542,1.5163349072532963,-2.204194910105204,-2.0180832701735922,1.5296990879288979,1.213009425655916,1.2877664010215655,0.2896831454596369
e5f5edca-0345-428f-b2bc-b4ef6654ef62,reestimation_v1,10,1,1.8786815077617702,2.012138930234956,1.2944174661825918,13.493963833796995,13.50909720805323,1.6741649365257223,-4.787264471664278,-4.51388573501208,3.417831079934612,1.1312318106670696,1.1043922156987342,0.27084045766074116
793921db-d494-4829-8a05-864b34ad1833,reestimation_v1,10,1,0.3913705792198627,0.35122688270555136,1.164029596953777,2.0161517929830572,2.102126468911112,1.4128109976227208,-2.8082802247750056,-2.55456972108747,2.4603284450158,1.116509163799588,1.0786910683981161,0.2993607787816078
36e7648f-1222-45d0-a85b-03dea8f7d74f,reestimation_v1,10,1,1.431659059927143,1.3434096937702578,1.3694352893939687,-0.7322326547530078,-0.5399145659316769,2.2635703671631617,-3.433420544679416,-3.140884631051329,2.3436601512059054,1.1713706923813865,1.1930888790279168,0.26018314434772233
5b937953-7388-4ecd-a090-1c08f9d71ef2,reestimation_v1,10,1,-2.3069285738139094,-2.264160068599432,1.4432560526717768,4.745629981485085,4.935659360869607,1.7815050863714945,3.2194816926167893,3.024926089431358,2.1151418827701423,1.213384939786548,1.240698638723651,0.28299310212422507
23011540-3fd6-4842-870a-20103b672db7,reestimation_v1,10,1,-0.8787315911131227,-0.8606376336703514,1.3382614679290012,1.9547149893970477,1.9324470437821426,1.6261483392479221,-2.871453122522455,-2.928418254632923,2.2058687041496334,1.2295324222978707,1.2719462378241095,0.27048817699626826
fd0e4f53-b000-4cc5-a752-23684f970c3b,reestimation_v1,10,1,-1.9786004517627087,-2.0478577253468617,1.2610613699462887,3.1591743917843202,3.0357053302387893,1.5646306798576541,-2.368446286670449,-2.2470043862752043,2.2388606752977096,1.1934010602223764,1.2347223240209018,0.28779577083123536
14f75b33-0f81-4952-9b77-50240fcfc221,reestimation_v1,10,1,-0.10894381121614342,-0.07379253700774613,1.1469047424284102,0.41273369039208735,0.3260628693903054,1.8044570488520728,-1.1214520012333131,-0.6108829506573858,2.0503052248418387,1.0870723649558243,1.0560467059800083,0.2683544575806516
1afe823a-88bd-43b4-8ba1-e46de6430d23,reestimation_v1,10,1,2.2359341280081733,2.2814228356702166,1.3424164121272926,10.022623312240711,9.866424147639208,1.381742904815404,-0.0603599305697717,-0.06027296491657541,1.764803270345474,0.9602800024703145,0.8436643998702962,0.26529576078250994
48e9a8a8-9871-4c5d-bef6-2802239eb34f,reestimation_v1,10,1,2.168115829298798,2.1301494821072646,1.4877060555056927,5.183921275416338,5.07924532585504,1.6682995670371326,-6.012249625794613,-5.756988006066812,3.1639161910231106,1.0451020318702389,0.991197955489401,0.282119507184886
8339dfe6-c727-4768-96a3-662754ae6d84,reestimation_v1,10,1,0.17388964188478848,0.3358775320186082,1.2507139461521546,9.007218595823538,9.322365758649308,2.1586284776811935,0.4355947638949565,0.2555041777431863,2.072865923889074,0.816569368311022,0.77711308389106,0.18314435466107687
156fb9f8-6a7e-4eb6-aa8a-1b3936a713a6,reestimation_v1,10,1,0.6118572285212521,0.46613220792496357,1.6586403392748263,0.8512262535727697,0.7312334347401763,2.147030176294529,0.4381700457877841,0.29961800544174655,1.7428705657931298,1.13862760813317,1.1220421687184807,0.29410675063880404
d4b62c62-bfc8-4af1-90e2-d4a4bb273f01,reestimation_v1,10,1,1.017456970963589,0.9097965274385253,1.395002844318461,0.8912851996974689,1.0419943389318167,2.090170397476018,-3.825394221383601,-3.709659182736226,2.7699367243564046,0.8304125142899397,0.7660175550705819,0.19287222461694134
58fd5e49-ea97-4fbe-80b9-067c87b14783,reestimation_v1,10,1,1.747692070527265,1.747516651572508,1.121847812776215,-1.298150327831175,-0.727941313841729,2.8663785213484663,-0.2734497734467421,-0.14479511034849923,1.8675447788491106,1.1787377326772126,1.2046286211727175,0.2871667082882059
5155c9cf-308f-4b83-aaa7-ccede87aa64f,reestimation_v1,10,1,-0.9987840656582532,-0.8715866594559121,1.467678596961931,8.803846875160417,9.056469390690504,1.917344396390346,-3.0658593430502084,-2.572456855767335,2.478720116661106,0.8723456648618511,0.8038824375792119,0.22414277035775207
98db63f0-e9ea-4c6b-b4d2-02840b0f3891,reestimation_v1,10,1,0.33978668370345955,0.4455928450633968,1.28157865132884,3.9491672167988523,3.9043794107983896,1.5161364303479057,4.073822066923317,4.056258780911552,2.0206300030680064,1.1970619396504691,1.2083770641777467,0.29924741069551897
441920de-8988-441a-8136-c8150679a8a1,reestimation_v1,10,1,1.4105567030518966,1.2947262984547585,1.414990770617226,-0.0099075593337516,0.08905564765259744,1.8520879878790975,-2.1241820549106665,-2.396196151928974,1.8212619174405673,0.9229325433166184,0.8550142100429579,0.20922253267024277
c521a95c-82b6-433e-bff3-ccc580541640,reestimation_v1,10,1,0.8897814252968401,0.7756931829091065,1.5125908298812807,4.286867695092124,4.420294211381874,1.6069865393581584,-1.2825632687087918,-1.2244352155265787,2.0173688174058517,0.8569299615961221,0.8022618506725655,0.17507896459566574
dd4693bd-35b7-4693-8889-428d68a105ac,reestimation_v1,10,1,2.3990075477398367,2.4049325618601256,1.5696031021462002,20.433775007059047,20.616756196256596,2.1368033063065224,-8.138236239127032,-8.00787239697934,3.1081372363809248,0.9938944144625853,0.9464098087841362,0.26525514122449306
4702049c-6fc2-4f69-bebb-996adbfeae1d,reestimation_v1,10,1,-1.5794382660380746,-1.5619293066294697,1.2640310297869528,4.99329667342487,4.7691036245569,1.6862694622206942,-3.334004855486346,-2.9802410346986767,2.5747964604941425,1.1633612992489402,1.1846449850944416,0.283649513823237
addc3912-fa91-43cf-9d85-825ddd68ae3e,reestimation_v1,10,1,-1.0336184899764596,-0.6185207690767274,1.5676720067475767,6.89888319673815,6.812626136510541,1.7685812778317713,-2.2608336186095768,-2.1933816787046077,2.2198339980023722,0.8020076280489213,0.7503835407028078,0.15590089141972555
0e4a0746-9146-4d51-85f0-7d87d584cafc,reestimation_v1,10,1,0.3509083004423484,0.3566212925967852,1.3213120598921362,-2.2085452132944257,-2.2339740147589637,1.9751252536311052,-1.6452854067947893,-1.5781065147410227,1.8681828665070699,1.1682817602251228,1.1717532515419624,0.2725037497615147
9b852243-c8bb-4663-b0f9-8bab0ddf87a3,reestimation_v1,10,1,-3.2669291257979314,-3.337553597034564,1.5390810861351054,0.3091627760924197,0.4723118347981563,1.9659165914756704,0.20898009381828397,0.14235810214589772,1.815522941435034,0.9176358960309048,0.8692736816019085,0.20642154780330046
154e360e-5155-4c1c-babf-908a424a10f3,reestimation_v1,1,1,1.2242042431464553,1.1272959573985228,1.5992245313582953,5.343373704228261,5.360196891092732,5.073737582424405,-0.24020488931716477,-0.14356407204679122,4.997533448244933,1.1637001853548703,1.168534980326973,0.28800365881656426
ceffb565-b1c6-4dd6-bbfa-3ad2df0feca3,reestimation_v1,10,1,3.7210911578401538,3.666329001232654,1.2730022157966878,16.37935175262045,16.31422890350113,1.3438352418271189,-4.160137852000477,-3.55826445483696,2.8746148271441876,1.2046536555867406,1.23660182583132,0.31040163125190345
a2463938-1ee1-41ca-8ae4-616a40947a75,reestimation_v1,10,1,1.1366280566819675,1.1664853243327133,1.382217561087952,6.846935342045174,7.032131339167297,1.7271668182809485,3.491258319296942,3.6891522758131083,1.6194516534030963,1.1219340419573358,1.0977587703505145,0.2675126100679001
d753006a-0c1d-4408-8a9b-0f18de6f9a1c,reestimation_v1,10,1,2.8687379584514363,2.8680563539560575,1.6963501346968934,20.337714521533893,20.309913257882616,2.2865799035686414,-5.145034303209295,-4.915089526368346,3.094212315178551,1.1555503646571776,1.1647247041019284,0.27215969335610446
4241e48d-26a2-470e-8ccc-857157d04a7f,reestimation_v1,10,1,-1.4127250566341532,-1.4084700593529884,1.4141107242856723,0.341293611085193,0.4978227714778569,1.8297158878428084,2.1010778757113755,1.8038251223923787,2.1796160718410196,1.2025351165383038,1.2257799939365501,0.2983397075687503
75a3c4b3-18ad-440c-87c9-8c586ec9e59f,reestimation_v1,10,1,1.0694988998514152,0.8761730556197922,1.339114784595921,5.856232472974824,5.878523563708793,1.5948633957347604,-1.3802335636690422,-1.3124297198005634,1.830856449428845,1.1602977036966586,1.1550560409066637,0.2720591844699597
cc7e43b1-0658-443c-a27a-9cd2994d497f,reestimation_v1,11,1,-1.2677209396257754,-1.1279382532822797,1.5307198671416125,0.6551515057656105,0.6046667642633499,2.155075307529995,-14.05962482919296,-14.569631369068203,2.7189336071082253,1.1239209880406629,1.1010960010608841,0.28110618990592895
efe84427-5ea8-4757-bd6f-7b9a08bf6d99,reestimation_v1,3,0,,,,,,,,,,,,
4482c4d3-32f8-4e27-b7c5-0ae762751010,reestimation_v1,10,1,-1.2220530271480585,-1.1163807280109799,1.2567755742102324,1.4893544948522077,1.7011478493518186,1.4620570929502954,-0.6734791291724544,-0.7203619743409231,1.6798889138153121,1.1263553743255,1.0940569854069846,0.27073147150748217
0c22f7f3-b7a4-491b-8b7a-bfc6991c8308,reestimation_v1,10,1,3.555644961817804,3.488629944897027,1.68173319667804,5.903664628817854,5.8874354105853035,2.0178739194094577,-2.84315217965918,-2.7054623983811874,2.843085598501746,0.9849181888235257,0.9145460117591098,0.24923344368372508
bb9cc6b0-cc9e-4de0-8595-04748bcb8cff,reestimation_v1,10,1,-2.5650023640526887,-2.415373380858409,1.5325801786951603,7.630057378484856,7.856286238987297,1.6625779735920574,-2.8645612809401495,-2.6327010132418502,1.7250966640573804,1.0926661557799118,1.056692522802604,0.29571549312254003
ebc8ade8-7484-4728-a409-a0642dfbb8fd,reestimation_v1,10,1,0.3436290928415844,0.3150100648297725,1.1015222030924958,1.9698650446949735,2.0710864377128613,1.576818784451341,-1.0635642031199184,-1.2306776664538868,2.075069441259068,1.0214801808956504,0.9642245413122127,0.2833580962836583
64f05bb7-1698-4e9b-bcf1-343ba29de44f,reestimation_v1,10,1,3.407543241614689,3.4858785269048678,1.6145314462049103,5.103573892177849,4.975598651010773,1.9524983129207523,-5.134079325575485,-5.1331839762873095,2.6115053226808302,1.0252126037931915,0.9424028873075793,0.28650127108211215
0ae6f1c9-dac7-4366-9080-3eefc89f469a,reestimation_v1,10,1,0.5854781772509963,0.5732231656479481,1.3875820003288626,4.975531140238696,4.930265660750273,1.8061937191469268,-1.53836486099229,-1.319858977996173,2.7308598975521456,0.820332508238281,0.7618941193319932,0.16407995243773418
02f20d29-919f-4124-97fc-b2ae3825dfcf,reestimation_v1,10,1,0.42261173970633154,0.27091947621846957,1.4795450816962115,-3.1068274966693927,-3.326246771952574,1.879967266837113,-2.504315583854041,-2.355635299709621,2.377059420895979,1.1288513620225213,1.116904898040457,0.28936647842900637
71dee7fb-6544-4f75-ad86-288db9b987a5,reestimation_v1,10,1,0.2724206978866942,0.16237368875776184,1.2601371625067765,2.384180487121336,2.5009332495706382,1.4746975603643113,-3.544005136314802,-2.8005888554582152,3.340973899589712,0.9953418256787869,0.9375128509434432,0.2597035756602335
aebe298b-b85d-4cfa-8d46-99165e2b40ff,reestimation_v1,1,0,,,,,,,,,,,,
72f72048-a644-4110-b279-8f921b76f885,reestimation_v1,10,1,6.7435508574987395,6.863860048443264,1.7497024883753638,3.8531990431611614,3.65416504781563,1.571606169076624,-4.894738391651585,-5.01417300302531,2.9474126026926686,0.8989357304659649,0.8190019471536466,0.22091982159790963
dee01901-607f-40c6-9f4a-81ba2c579e2e,reestimation_v1,10,1,-1.8137373371404333,-1.684057860853638,1.2943697221853008,4.13542967683725,4.093161204783964,1.6995516752384614,-1.2143547814554339,-1.1566440365863773,1.5370870064236475,1.2135238933364934,1.2805914914872625,0.2826620217008337
488d5f06-0fc3-4497-9640-9ab77ba403c8,reestimation_v1,10,1,2.003084134840732,1.9362223394433382,1.2112783149618411,-0.709822832917955,-0.44800344174716,1.6878437778640818,-2.7325777754696894,-2.794086124522088,1.9352798682938581,1.2352316900313154,1.2762585849040293,0.26475664959556905
d49cd31d-3b57-43da-a26c-cc93dce04cbd,reestimation_v1,10,1,3.4820840563846285,3.5097541299207453,1.6830511227082994,7.067029374203394,6.83676263538889,2.5632275719078144,-12.439285554169704,-12.52644529165514,3.2737676521190284,0.9257678875906152,0.8672007818650307,0.23616096552740523
9b3c4d1c-a372-461b-97fe-cd570b5c2f63,reestimation_v1,10,1,-0.41217271417295226,-0.45345704817911087,1.1993726162316694,2.709376743832893,2.6148099241190232,1.3936847588324113,-1.5650891238766726,-1.4086596975872037,1.8931266819388943,1.034139993964304,0.9888205308443976,0.26432364425123556
f31c781c-4c20-4844-8a93-adab79b2ebc1,reestimation_v1,10,1,-0.5220146558541372,-0.275953677811446,1.2566535664697887,-4.569465721334074,-4.341636382940523,2.369824742238881,-1.4664540420330623,-1.2372881017119535,2.2258090679333593,1.0547549258171816,1.0168262461627733,0.2794074986957773
6fd142f3-7314-44b2-a209-b7cd5898bbb9,reestimation_v1,10,1,1.1790064710746977,1.1547130872165172,1.035569894227065,3.474542762264096,3.3579954105459455,1.4487660722693658,-2.120450705292623,-1.9747125456851564,2.339546879084631,1.1664547882304992,1.165377746539243,0.2720739230998423
1eb5d2d2-e7ff-4cc2-aa0b-619639e7b460,reestimation_v1,10,1,-2.912827926794075,-2.867528632697749,1.4959542687364116,-4.519242081465479,-4.657500998817292,2.218573114080452,-3.425115937940175,-3.1293700903826625,2.818378393795942,1.1585399714006503,1.1958300204771621,0.28231923764067657
7e9ff2e4-5802-4172-8009-cfbb5e1a936c,reestimation_v1,10,1,-0.3456086954749299,-0.3782424290793655,1.3057624045299308,2.115063728982096,2.0505433727057096,1.5424996670876665,-0.7236205241648639,-0.5610947943891347,2.0093571070725873,1.0052200219150662,0.9479452091822183,0.264908839694951
23947a6d-e1b8-4271-aaa6-04eebd6e4842,reestimation_v1,10,1,0.28636896374160925,0.21873724097870406,1.4065222512633977,3.9231842032639483,3.759849170409588,1.7164601524931493,0.951599482708656,0.6903876093765859,1.9244425801726384,0.8643178630080107,0.8148574632124986,0.18068455223081292
db462982-79d0-4841-b267-ecb9f4e2f351,reestimation_v1,10,1,1.391150684255382,1.298192182278746,1.255108132521506,-0.8131919561046698,-0.7786192648325273,2.508828854083594,-3.359047063108714,-3.084107339469504,2.623837553810726,1.174481962982606,1.1774122048161222,0.2774855269057619
d8d09e96-358e-4e21-bde7-3a14aa54a795,reestimation_v1,10,1,-3.08905918009988,-3.227211346187982,1.4404310931283337,2.0500303514845264,2.005465707595471,1.3243188955355425,2.0379545776897707,1.949357804464764,2.373134141914951,1.0323461430069476,0.9458405485156705,0.2776779183519287
d6a76ef5-00e1-4808-855f-688ee1f1bc7a,reestimation_v1,10,0,,,,,,,,,,,,
3d6c8959-9212-4895-ab97-9a7c8baeefaa,reestimation_v1,10,1,3.0682284860131084,3.131386337530088,1.3679453711482692,3.626701220459378,3.3328519358696673,1.8563083115433305,-2.5179251132882956,-2.3005401978087328,1.8596768719522465,1.1142825723705683,1.118906506358193,0.29838267820815645
77303ed5-a121-44f6-aca9-d38c39e358af,reestimation_v1,10,1,-0.14011107788056634,-0.4837237848885456,1.439780725410548,5.809210537307621,5.655300590326176,1.9189343553050557,3.921612207069491,3.6002843302632233,2.3395376360074542,0.9270927493224117,0.8708727902699368,0.21960867966036055
e68926d7-b3db-4d5c-a1c4-cec29b453373,reestimation_v1,10,1,0.900477422200829,0.8589499947860813,1.6141922294547524,2.775069585778941,2.833535265093098,2.1869818634715044,0.879857740699314,0.7316633708326034,1.754996054200441,1.0653652116603822,1.0029770774387468,0.3011357800824387
b2753883-9b8e-42b7-8bed-58083fc2b720,reestimation_v1,10,1,-0.1924184112662783,-0.10754494043087925,1.3052280867609203,3.02910075600255,2.930825828556819,1.5084112090260273,2.489979324111461,2.555129251026949,1.932291188941996,1.1146540984540185,1.1118276445966921,0.26251386890403516
a3a3fc52-7181-4425-89f7-5900e8073645,reestimation_v1,10,1,0.46524236479251574,0.4670709239819585,1.3215778911222902,0.22869960402870587,0.12648029309009434,2.2629828206581917,-1.8223392621293921,-1.7465286946040814,1.8118251319731455,1.20020799560796,1.2376813982055404,0.2918509047723389
6c4c6a59-3b52-4648-bb35-b4091c83d4c2,reestimation_v1,11,1,-1.3491869766299989,-1.1235299232892788,1.3805840611428208,12.716968683849405,12.564977669114512,1.5731604247630178,6.895536092982252,6.782554150686165,1.9622023251012233,1.1676092338425634,1.2040430456180908,0.31008832954202614
95b8eec0-6ad0-4355-9b2d-fedca84ffa42,reestimation_v1,10,1,0.8625793229836103,0.923721294301407,1.4979308771680087,1.0423874286257873,1.3977720119869117,2.9042982054154205,0.7805442322440809,0.6903499165483487,1.8005139392997385,1.1073657722320547,1.085042033003535,0.2809884584843254
a30adab2-f110-4ed0-81a2-af529824fda7,reestimation_v1,10,1,0.6978346486982099,0.4971008246945938,1.160736331911237,2.15710578641089,2.2540976925881058,1.537831877305948,-5.433091322638322,-4.7051559478831635,3.107550138027812,1.051697545964749,1.0132525726435353,0.283642112629342
684c9bf2-89ad-4ba2-b979-a542b06dc223,reestimation_v1,10,1,0.8894185208824358,0.7932964125201715,1.2929164462150515,13.373800642159605,13.606060910318044,1.6931709920835507,-1.8336904133153864,-2.1441272890171237,2.0806038828819067,1.0728782705148059,1.0892332089038717,0.2532533307769381
956bfa97-08c1-4389-b8f6-f6ccea3514a9,reestimation_v1,11,1,-0.9384981413326373,-1.0238372605265416,1.594848990592935,11.112758156027478,11.141089994777115,2.3912605476887725,-2.8407715688539623,-2.9311011023686184,3.1545560981410663,0.7614377446159504,0.7282932180503252,0.10560775352157456
73d120d7-ffe8-4e88-ae38-8bad72b27b11,reestimation_v1,11,1,2.9249043379899557,3.0113846998005736,1.2980766431651183,4.892292895188089,4.934470645571668,1.6616756410284694,-2.574358708817172,-2.172857128086166,2.7014279737584257,0.7551303842225301,0.7313015661140874,0.09578379281902935
7dc0ded6-8991-4c80-b028-c5c15a6f4aad,reestimation_v1,10,1,0.5797338231228795,0.4987403814444432,1.5051784204902336,4.796425352144454,4.588597715745527,2.0541880288082615,-9.245741964290803,-9.312366417308505,2.860506299206162,0.8602942985108061,0.8230515418058412,0.19099854469478747
d103f352-7be7-4829-a542-f55db6bbe26f,reestimation_v1,10,1,1.497249188966647,1.4659843934422154,1.2874959453376673,2.602461156545884,2.785360403169581,1.9090137177722568,13.27292483715833,13.091958769549002,2.7646914425742404,0.8696863924611589,0.8143047738253653,0.20174734928609428
c124e562-257a-4bd4-8ed4-6dd70ffe06c5,reestimation_v1,2,1,-0.09160613157406149,-0.07690327425559751,1.8633800793948863,5.790041234354538,5.729537731735934,2.9619847941299806,-5.072994718926214,-4.8104823874832565,3.5774986365043757,1.1486669649329502,1.143234372651023,0.2895042426198919
be129775-c770-40a7-af87-124a667d61d8,reestimation_v1,10,1,-0.7217629543968311,-0.7489234109738674,1.1410419720547305,3.835202063162974,3.7312411429458363,1.6147813897336312,-1.1763632086616174,-1.1418981398707873,1.9500757642223228,1.087089026747111,1.0681445682220403,0.2861595344247727
37dee9dc-19cd-4d86-9c23-8a4fc8eee913,reestimation_v1,10,1,-0.6206889446525509,-0.6423158513950553,1.3020539990872788,2.3643698260529153,2.4184455299850303,1.6143848425699434,2.976546477186671,2.81820716681221,2.4152675076550656,1.2072777446632672,1.2264506953398755,0.3022852483655178
477c6e9d-cd58-470a-81f7-a4d733abd7fe,reestimation_v1,10,1,-1.7591198688023677,-1.8288493016961347,1.5644304757323721,-1.239871986364919,-1.0067069570618994,2.5253114225085933,-2.7013532523316193,-2.6049571936341875,2.1775993091759895,1.1748063336257455,1.1979124847037972,0.27244277068838413
9d8b7419-d154-469f-b0ee-6cbdef5db7f7,reestimation_v1,10,1,0.1798276712717608,0.15882559481621616,1.1138898373583794,1.6646766676334552,1.7463246346965948,1.7420231148342187,-4.084706727004191,-3.6959379803042935,3.3319859425702916,1.1588311032167824,1.1763098655290019,0.2813128590389619
22897105-967c-425f-8cd4-57829edd7a42,reestimation_v1,10,1,2.9927166826824143,2.8376963614137356,1.7332092150158083,22.056400345891483,22.086284217643485,2.7337687580338965,-12.59369146857087,-12.961123768063556,3.3390389505929767,0.990985719678382,0.9480959111837512,0.26450643189248363
7293a454-6a98-4385-bafa-53ad20dd65ca,reestimation_v1,10,1,3.5433404309612166,3.4222585176562363,1.389844687478432,2.075509776409994,2.0182207154873195,1.2047342783426385,-3.6310945077979033,-2.885246303578475,3.4208796756246724,1.1452477068601008,1.113717530156609,0.28278302767813707
b019d828-c09e-43e6-8202-2ac7f1d2dfd9,reestimation_v1,10,1,0.07265158202851009,-0.038765979304267284,1.28829120735179,0.4907212989867629,0.511487979103567,1.3605168546124764,1.4903763225579478,1.4764582546436626,1.6565597236882132,1.119221156053232,1.1492488661440712,0.23879466183097045
82770534-5827-4ed6-a771-9d9dfb6e497d,reestimation_v1,10,1,4.128262293812529,4.3111014802359175,1.6047341337138583,2.9533285694739106,2.7244282423006685,1.6146397398880712,-5.42217556123236,-5.2771368660921425,3.501057838239279,1.0689129874293897,1.0853708447128616,0.25885367706573736
b32d94a5-6f80-453d-b765-d7ba81f0e215,reestimation_v1,11,1,0.5523183664233932,0.531204738681934,1.451609468160191,-2.1736317976930604,-1.8906565290653674,2.176869261093144,-3.942539664723596,-3.5068092041000174,2.800266693362788,1.1511387321688598,1.16762021741711,0.2701542708375417
12517b71-7fec-49ba-9baf-96617e807edb,reestimation_v1,10,1,-4.559776750790159,-4.577564684777112,1.3892940799021734,-4.895232599676302,-4.445601497056384,2.5792312418380234,-1.3844543532962428,-1.4012391215219342,2.28376780880977,1.1300686054032014,1.0648273530343613,0.3005529598266615
de920f04-a1ca-444c-92c8-cc3edd4eb03b,reestimation_v1,2,1,0.06080619872194609,0.04024724852697553,1.9334219884939363,6.9352433433439,6.597673133367383,4.0303959585146965,-1.56808118048912,-1.5034934331889773,4.556615352267613,1.1479336307912733,1.1536688813514826,0.2900757671043509
133ee09f-974c-4e71-93a6-fa327911347b,reestimation_v1,10,1,1.089712262558642,1.1017119954314514,1.2358436882434698,2.369098798771883,2.562894867481156,1.380722893871047,-2.272283565550584,-1.971620524502082,1.7638554138340403,1.1337410235263337,1.0788764983173558,0.3134799203407931
25ceabfb-a514-4ac8-8f0c-0d225ae1745f,reestimation_v1,1,1,1.1247540275202907,1.0868420255351752,1.5534755654352639,5.042861757325166,5.174169217730336,5.076126978302823,-0.2522461592147717,-0.33409509161505824,4.91428416452803,1.1382070802127526,1.1426982686828424,0.2932474906156534
9928f489-5959-4b26-ad50-71c15332d98e,reestimation_v1,10,1,-1.6399421878490859,-1.866469098675678,1.5070927425700948,12.596421867283565,12.892770502809011,1.719667965571696,1.4869041329280965,1.5100958240068012,1.9282994169362369,0.9770674026038472,0.9294417043241497,0.24360837606236246
ca2cd527-a841-4a9e-8a2a-192f53968b12,reestimation_v1,10,1,-0.2956105042942034,-0.06353714281261791,1.366514753170084,2.653964641682833,2.7219927264502184,1.7689838728977116,-2.263287490188222,-2.052153460631849,2.3429427841860004,1.056000876802918,1.0094627633114612,0.2697147465358565
58a7bff3-d175-479c-8ff1-f6ba95e5248e,reestimation_v1,11,0,,,,,,,,,,,,
c9a858bd-2fb6-4d3a-ab0a-cf608e6d5a7f,reestimation_v1,10,1,0.8214258936877639,0.8891337561718956,1.2850205533860528,-1.0564071750215052,-1.0227737238894035,2.302836528780168,-2.7106165346648265,-2.316125899507688,2.385908844072001,1.1527047796114014,1.1454228038206218,0.2993379537643612
279703e0-6151-43ec-b539-413a6a633fb6,reestimation_v1,10,1,-0.4755145910236884,-0.3877216293904735,1.2454247110540375,3.976910743615961,3.759856794719618,1.4522541687121333,-0.4778302653517549,-0.34656754869561657,1.691359001454526,0.9653387027382879,0.9185467339814131,0.24162865150165133
60873f5a-e832-48e9-8a42-a18b0cd0dc52,reestimation_v1,10,1,0.6358466797734504,0.6315833094003496,1.507362551338329,-0.23604658702999323,-0.25838770911283615,2.2243473798885556,-1.9332663653684417,-1.9058133021692703,2.193843564892056,0.9441636893910461,0.8746649053891282,0.24428261484101632
b79be6c5-40b0-4de8-8bc7-40f4cca15c83,reestimation_v1,10,1,-0.03506652182793544,-0.014799577420370413,1.167407161864094,1.6486597994806895,1.7734415834904005,1.3708999448936303,2.2105138265464963,1.883434425695545,2.5631611509211503,1.0812011326239863,1.0266414089671199,0.28167727431321166
3e8feb58-2f59-4b7d-abc7-cb03ca3f912d,reestimation_v1,10,1,0.9671797695213048,0.791899610178064,1.0469608223570916,-1.8767585535678863,-1.89043150855057,1.5851591409838806,1.4625392408684863,1.1846128463838455,2.048294091506305,1.1693918636186627,1.1699308401710005,0.2803803132190718
68b700b7-f3c1-4813-8410-c82c281fce21,reestimation_v1,10,1,3.3513597947840905,3.473512766999467,1.6660636623824583,5.313327111561284,5.201327743992446,1.9349492793093914,-7.551967637997074,-7.509814464093705,2.8535537413693066,1.0227857228027941,0.9819238771070715,0.2717926825795993
695eb992-7fca-4122-94a2-1e98b4b2768a,reestimation_v1,10,1,-0.8669145981740763,-0.8949432742604311,1.3204589374468836,-0.081478664951186,0.147477990961848,1.6652497521233751,8.643873954737172,9.001652365073182,2.7023451949967296,1.035531849798717,0.9969841283130523,0.2821467459240981
f7ca90ef-7de9-45e0-a20f-1f117c2ed1aa,reestimation_v1,6,0,,,,,,,,,,,,
c635bfdb-659d-424e-8f1c-b7bd8743d875,reestimation_v1,10,1,0.8220160037364227,0.7095347560204793,1.0111111922153642,1.775521601530657,1.894334116924509,1.6097963263953055,1.2699298750347154,1.1341071161678187,1.830084156140506,1.1536099376679043,1.1427765051827148,0.27810389049804257
de843471-7c6c-4049-9cf5-de1cbc4640c6,reestimation_v1,11,1,0.9717181260466831,0.9529240337190478,1.4598072199841805,1.1221890873719402,1.1542718508969596,1.7544090798558967,1.3890012750929397,1.2417169786877889,1.8371383317555297,1.1178529201588225,1.0731071632020976,0.2901260246333256
bddff5ad-bb95-4271-b5f2-f80e9ffa3974,reestimation_v1,10,1,0.9455882558764126,1.0706417571362703,1.3339927525818538,6.441563187059022,6.440506974511695,1.757128046646161,-1.83377353634545,-1.9234760993992541,2.3446499077985132,0.9216921360252731,0.857161986287412,0.2241997443022153
6d969b64-d155-46d6-bb39-3898573437af,reestimation_v1,3,0,,,,,,,,,,,,
754a20b4-a814-4112-aba9-0c17321c165e,reestimation_v1,10,1,-0.1909600353862763,-0.3005328654533641,1.194354061254387,0.32167246061486005,0.16068687176765906,1.5488127329475192,0.5072283197609768,0.5442445189251981,1.5429624050674142,1.144091673915762,1.1395270784676474,0.2897205674818291
db281e5a-3a69-4d57-825f-8e1513018ae2,reestimation_v1,10,1,0.3436233220818495,0.4008874703347573,1.2600544088783447,-1.7984477939876176,-1.723002369013217,1.4997165580212324,-1.8759047156250876,-1.5609312425261481,1.8869295881879806,1.1311875914646485,1.1606754165978963,0.2628734251164626
4a2d8f41-1b5d-496d-85d2-ab20847e4a50,reestimation_v1,10,1,2.109545518255005,2.1095000186595065,1.432803931773398,2.441922481960143,2.307476691886416,1.6174895500491995,-4.765638134761398,-4.7391143588502445,2.5878051825928585,1.131179703233829,1.1214598660070902,0.2655816227523447
48283d43-e8c4-45db-9283-1703f5c41c68,reestimation_v1,10,1,-1.7413644073775403,-1.680772262074885,1.4314509424688853,0.08911349626543863,0.15887480681788912,1.6292894060129646,2.0368256524577495,1.8182430590391405,2.0561128579802745,1.2306284381349417,1.2573914211545072,0.2769756244500768
8aa93645-278b-49a2-b70a-d7df59ea51d5,reestimation_v1,10,1,1.0268651545096552,1.049075175427462,0.9582546453312486,-4.476729588115524,-4.259770041571862,2.3220692520880974,-2.886613954158754,-2.646344066401601,2.045090531778868,1.1559542280979282,1.1739199394726114,0.2577595758825968
e21921b6-c2f3-48a9-978a-95b523facdbe,reestimation_v1,10,1,-1.749930532868114,-1.9424140611630807,1.325133498319365,3.3034912106062504,3.272082338204279,1.58843692240983,1.4139539225878048,1.117612497563261,2.0577579792229113,0.8791540377194109,0.8254515943300562,0.20560193314933756
5598507a-9b5e-4c5c-95fd-aefda135fb85,reestimation_v1,10,1,-1.7759089950596156,-1.6684593117139976,1.4139670545240888,1.8812364920375877,2.2996551465675306,1.5891975932426439,0.756238051584559,0.8517442775964931,1.7719808478840198,1.0606587648364596,1.0258077619329802,0.277958840551552
6d5db3aa-a966-4242-90e9-af8196986149,reestimation_v1,10,0,,,,,,,,,,,,
17da130b-d2f0-4a83-a83d-10b7a9bf8915,reestimation_v1,10,1,-2.1355579598469623,-2.185948311181956,1.6438516809950767,6.530052467117243,6.460841184479447,2.2490787052140555,-0.7944139186741228,-0.5873225136641989,2.1186786368287707,0.8701528226306504,0.8170456414381323,0.18091087397809905
1fc62751-1a08-4e32-a77e-7adc311a1970,reestimation_v1,10,1,1.8704138073074834,1.9349775233927682,1.292122847265397,3.244657709573701,3.1730257763960834,1.4522058237249964,-2.7300651131469595,-2.4184274189685784,2.0214408623767426,1.1331098926032104,1.1205844738591957,0.2717763272746963
79ab2a14-9c26-47d1-9813-6c8865e77282,reestimation_v1,10,0,,,,,,,,,,,,
cfe68ba4-78a1-4602-ac85-d0648411763e,reestimation_v1,10,1,2.8009808554044424,2.7301591455345,1.7494417513010758,19.177461175746696,18.934213074895315,2.3957516158345817,-5.091805485298089,-4.461435518411754,3.3176112485891402,1.1860032334319255,1.2097009585983174,0.29050632236859353
09b2ba6f-4e81-4d48-a159-fa0ade654451,reestimation_v1,10,1,-3.124655610222435,-3.2224652751724427,1.4191728232932002,2.5619134666227734,2.623631843666323,1.8393173246618992,0.9363601050446964,1.0234397759656177,1.9301956265601263,0.9339676370995469,0.8704262915479277,0.23807318336813085
8fe51c2f-b65e-4e4c-afb9-6d82ede615cf,reestimation_v1,10,1,0.7194932247921176,0.7905569126525454,1.4518829890575098,-1.4030578436940293,-1.3191404827550204,2.0256303942423886,-7.164125751947293,-7.147812722012341,2.745377701590994,1.1085466879664954,1.0906379167141664,0.2736253048481658
afa8e7e0-fcb5-4c00-9c7f-2ecbdecff417,reestimation_v1,10,1,0.5764508146427623,0.5973482693826513,0.9854298644497771,-0.14530951455582367,-0.1791490940448653,1.3393240766239347,-1.7114226751521056,-1.6328179759502452,2.064790952039491,1.1604134075204346,1.1797423557659361,0.2981044290057842
c08cbc43-5ee1-42fa-bd23-cabc241782bc,reestimation_v1,10,1,-0.23176458709389508,-0.20472393473362427,1.331549716827411,5.981591424848474,5.851520702572835,1.274430686793019,-4.956164945286341,-4.720078967828277,3.274361959210997,1.070207906443572,1.035512361113565,0.26666779067925545
2c55a073-4703-410d-8f43-89935278e654,reestimation_v1,1,0,,,,,,,,,,,,
f1c0f57d-208f-4c15-ad96-85b300db96d9,reestimation_v1,11,1,-0.17807344924434,-0.27160032606626505,1.1216536033830369,1.496453756523923,1.5080432772169057,1.515908442174028,-9.170745074082845,-9.180795445922934,2.292304849020797,1.1807144979221986,1.1933655056277612,0.3148010069586742
2976d8f2-f444-4c03-ad8e-9573f3fcc280,reestimation_v1,10,1,3.9248585655694757,3.9324477559364466,1.704391996127127,10.15793448259582,10.61426178435808,3.146201118533118,2.115307872110943,2.0930943891548095,2.7184756179995344,0.7426718804949145,0.7060579780739933,0.10012781284013497
c259fb96-4be5-43eb-bbb4-f34bd31f9ff1,reestimation_v1,10,1,-0.741712615342798,-0.8072449578503975,1.5688154094170546,8.27082433025724,8.435653610211478,2.2564089705259978,-2.7367506318180683,-2.8910894106074125,2.321219689723679,0.9107267493172337,0.8476478550865258,0.21872576098292448
497fa3d1-87f7-47de-8dbb-0e58be2b22f8,reestimation_v1,10,1,1.3348359850940512,1.2548531516025263,1.336107263642726,10.770000142477837,10.882779460177721,1.1909877108590117,-2.7272984128033384,-2.247587658367168,2.9956283860477018,1.169277855353355,1.1504044537412839,0.2871236427947776
baa63ba9-2875-4bd1-b507-5fecdb803afa,reestimation_v1,10,1,1.1625936912634072,1.1223750587786054,1.3286075284784917,1.0774580971138443,1.2768529300719527,1.7223869499160007,1.2091983469426544,1.2846994012186426,1.7971370222934735,1.1879069207803776,1.1661500697195404,0.2711968019219405
894857eb-068c-4803-ba6e-7c86e6bc9014,reestimation_v1,10,1,0.431071868479027,0.5298439937492421,1.0804494459784293,-1.9319939232429286,-1.804089484317403,1.7760418078457108,-3.3097894504289886,-3.134515361293981,2.626601161570354,1.0747051080993457,1.0684722632644328,0.2811704420792877
7efa8a55-a73f-41a7-9be3-96af71b1a437,reestimation_v1,10,1,-0.5360016621615784,-0.5452027402443187,1.3438202123694234,1.8567582814326764,1.9369105543754388,1.6622223256963629,-3.190223637175559,-2.855473982283108,2.430870773964568,1.0157293581299351,0.954129303159394,0.26454940525955706
1b11c922-608f-4b61-8fbd-7008c38ee194,reestimation_v1,11,1,0.9117082756802036,0.6166659910101778,1.2834012860591355,3.7477852060685013,4.006228769013404,1.945387916103014,-0.4324148836334184,-0.27439130770232456,2.656585062885859,0.7671301404117571,0.7322043039814526,0.1148647661461257
7c235021-9cc1-4447-a8ac-7489257fd562,reestimation_v1,10,1,0.2913265643151367,0.10462730096445241,1.2028729594292331,2.569075684512603,2.538748998999961,1.3773479473609753,-5.886673519633263,-5.516587603462694,2.953505428180238,1.049524015265243,1.0017738729196342,0.2712407114923563
93c25356-7871-4ba0-b85b-961697dd45e5,reestimation_v1,10,1,1.5080053248456764,1.3989897635241877,1.29140147665779,0.19645190765646653,0.30791161130004374,1.666410737697331,-2.8769689499793105,-2.5430801173254043,2.6944064750004286,1.1795521171809302,1.1881050388022465,0.2613056241139163
ac7957f1-7b1f-44f9-a7d6-7ed5fc45a574,reestimation_v1,10,1,-0.8327332118748844,-0.9117937323579377,1.1102825178665336,1.3022075640570283,1.3134748107908139,1.652192903569521,-4.927798333553504,-4.280001444535431,3.321058559759429,1.1425546009807876,1.1396518153851085,0.2842426043831779
cd6e8cea-64b1-4636-8fea-d57fa5b55b80,reestimation_v1,10,1,0.011448350874672308,0.08285717184385621,1.1984209827925818,4.334017947673786,4.048786875914417,2.0791682226210493,-8.808117121929863,-8.369668198717026,2.7589491919775946,1.1423868868350169,1.1024776100438254,0.3089136826836156
f2214a82-6a46-4029-aa8c-e13116412cb5,reestimation_v1,10,1,0.8773824524102718,0.8616099870627123,1.4092384549976178,6.70864407292839,6.457668859666513,1.4663125297978092,-1.8399406733233823,-1.7299632090759935,2.3513477259689526,0.8885138687865576,0.8274698412611974,0.21594984504779755
fedb18b2-c596-4b1a-99cf-a53eb9aec7a8,reestimation_v1,10,1,0.39962725168077207,0.04930997073498633,1.2171270281511877,2.6910561610903407,3.0539000444686977,1.3440264131320396,-0.8699002939274915,-0.6976796363532968,2.0702988240860027,1.0425752886009108,0.9640991516734317,0.277108822193893
ac49a930-3608-4909-a30e-2e3a456cae9d,reestimation_v1,10,1,0.2963609575667211,0.23551788740351443,1.4613936411614277,-1.1779674634060655,-1.0716944786250744,2.073679252156831,-5.0115828795272686,-4.748289650185718,3.150478674604151,0.80129014894256,0.7681132139302747,0.14091203785674886
b6b07cad-5144-49bd-8d4b-daff82568464,reestimation_v1,10,1,0.7492372604682288,0.6619198291717566,1.2796518263202499,13.025062388339506,13.011425984556823,1.831606997300888,-12.554534166842249,-12.802666080830502,2.73535304424717,1.0723428722731925,0.9846846501075552,0.28949905148771543
4a66beb7-b3a8-4e36-8cd4-8bf98299f606,reestimation_v1,10,1,0.5871863162299096,0.6389380691110067,1.1270367787216242,2.8784494205557816,2.9491107708944817,1.3544480484471921,-1.19851205302174,-1.2415477659260834,1.870650736597142,0.9342340776438276,0.8425801828033143,0.2566363044884218
0b54147e-d457-4055-b0ea-4c6962e44fbb,reestimation_v1,10,1,-1.3921839178487283,-1.5623647070712703,1.2141718361503855,-0.46912511138458957,-0.25072951351413975,1.4050054114588202,-4.839648817902137,-4.82937445781289,3.204902345139312,1.21371685832541,1.256925601110236,0.2667570862014671
bc2f520f-76b4-41dc-8c43-7e9ee77db82b,reestimation_v1,10,1,-2.2448893606643563,-2.0269778741651954,1.3798971205233304,4.103707897770773,3.9788043557147876,1.6676386949486879,-2.759268475479506,-2.685685935853704,2.176252158227129,1.0797700288346836,1.0348592001019485,0.28128427563524017
e7fddfce-f85d-456f-977f-07952d0a4317,reestimation_v1,10,1,2.7376783443605297,2.8779593384367006,1.3190103961187842,19.51049354900645,19.2553139122736,1.9392373293156158,-5.141757353972965,-4.721478884880083,3.291227064285884,1.218847711640083,1.2600206963492226,0.28030647440463385
fe1f57fb-97b8-43f9-81f3-509bffc33928,reestimation_v1,10,1,0.03789776201127617,0.013537573504800227,1.4261489236791176,-6.880279457678911,-6.997380782094288,2.224311430958814,-3.7589108620742087,-3.6489931658258126,2.8785590414985482,1.0993759389934132,1.0782792129971606,0.2884800300086901
3dc1c2ab-2a68-4f2f-8de2-c7f208a74995,reestimation_v1,10,1,-2.4750763959757824,-2.3268710875471954,1.5322471054109643,4.04396517587837,4.198831511128246,1.6748793775462398,-3.192844420031853,-2.7512044462261676,2.9370503717329908,1.2034026907169235,1.2274987607333283,0.2784919293649583
e52c8eb4-e423-4e72-904d-8bbab94232dd,reestimation_v1,10,1,2.5673476221755642,2.4419932284862726,1.5038740417199181,12.523587787711168,12.426169588815686,2.0846408342560143,2.687503495216064,2.4097342179376713,2.554413087468181,0.9825667921104243,0.9104009685363236,0.2607851182811862
e1dd8920-9fa9-4b1e-9782-d8fa2ab47db8,reestimation_v1,11,1,-3.3559206878036414,-3.602204120907235,1.5400999359446508,12.0054456239644,12.173431880632764,1.8982927142703674,4.087984431711616,3.7369288216600327,2.345515625785739,0.8456671495023933,0.8130023184900359,0.17403270299849688
b60a4fb9-1f94-4035-b16f-5325d129aa34,reestimation_v1,1,1,1.1063366479303545,1.093859995422724,1.580189639053743,4.812823542971649,4.995454475636062,5.234951131267499,0.09748673538206709,0.12246349607998641,5.1129881867602816,1.1488376422004143,1.1438769330748777,0.2853031601485682
84d4e907-bf64-4e55-b191-1a5da5e6baf7,reestimation_v1,10,1,-3.262777384164585,-3.2923446027047887,1.4517767718097028,3.0711789370682805,2.9764588865337402,1.5776962337547318,0.40509782866494504,0.3598014480068792,1.644594681452522,1.0990549280907973,1.0798432116619625,0.2617955316884063
d35427a9-de93-48f1-9bb9-b1d56b16a0e8,reestimation_v1,10,1,1.8156341899279276,1.7217760213362887,1.4806659199157568,15.467670662458382,15.050535205006216,2.5427717730092985,-9.368529579128662,-9.165477323097564,2.9151965868318466,1.2249576835846416,1.2666905790621932,0.27259620780351124
434af993-247a-499a-82d6-6342f9b3b53a,reestimation_v1,10,1,0.29042802616460733,0.17982803817705606,1.6617611954857652,5.2652968414221455,5.15172283443202,2.3469332472266955,-1.121461964544475,-0.5933875757392175,2.444642078826379,0.7194970243790003,0.6934362588775159,0.05940306369260932
37c6b6f2-d784-4af1-b054-6a9bec22e74b,reestimation_v1,10,1,-0.8585834319136664,-0.741125201868335,1.2419220433786657,1.4254316223098238,1.394040105232363,1.509407760277251,-1.2055180437958755,-0.9428785404323712,1.7947595828110037,1.1286365959400737,1.0881239525327175,0.2594334849773533
219f1f5c-b66b-4078-b317-a1b0149b063c,reestimation_v1,10,1,-3.0427035734770644,-3.1063495217103183,1.640862034805956,3.251117214906122,3.009066945956988,1.5474304731990867,-1.2197801123841492,-1.4146953294558071,1.688463035842345,1.1071769333432389,1.1094282220004907,0.27720021321827537
d3908df2-247a-4b7c-a0c9-9d188708faa2,reestimation_v1,10,1,0.9678590438316577,0.9795397040728802,1.3565572947260516,-0.39238926131318047,-0.1168147759945044,1.7935386916489648,-0.9751313822963422,-0.910579759084243,1.546216704050973,1.2174265162885225,1.261416223443694,0.27519288833791417
ac62e174-c431-4610-b643-014c76a433d3,reestimation_v1,1,1,-1.4043003353543615,-1.3666548660907287,1.57970542804349,5.234436649510591,4.984169208489453,4.992541783884271,-0.23834227728395,-0.39754950449040827,4.975622869184453,1.152672731940214,1.1606369109959869,0.2875020746439487
8b702bbe-cba4-4ba1-bd32-0003c285482b,reestimation_v1,10,1,2.4803820251421724,2.4367757785963295,1.3643164593060408,2.491513372943015,2.492985118331416,1.4251473713324387,0.394613223775576,0.6053230713920059,1.8757534276451613,1.160243362896491,1.186230994474434,0.2791087031190283
4825f900-c717-4d79-b432-49495a45b539,reestimation_v1,10,1,1.583664256962255,1.389106353489272,1.3152838000967464,-0.28690466076163945,-0.16833459362147857,1.2888611255679558,1.7886927155638914,1.8332397269484395,2.06027227615709,1.2108091582285565,1.286125964226015,0.2834954530623471
3fa0c5c1-5b52-4f53-97ed-71e56ab20f45,reestimation_v1,10,1,-0.23576102225390033,-0.1912745914465629,1.3935154126188696,13.904578226710987,13.915284655412025,1.9549281488623964,1.7882847063821712,1.4432598187028869,2.128444168788109,1.187699727261598,1.2198333940097308,0.3005445191571369
ecb36bdd-19c7-4545-973d-bd8289710df9,reestimation_v1,12,1,0.2620608458447513,0.2764720452813411,1.1803696301356439,6.7586156401991335,6.695155593887932,2.1057115202641485,-2.8441645379433256,-2.6602812510707317,1.9820701212135194,1.0627713402953538,1.0772227253183186,0.23795014738505676
1e20a035-328a-49f9-8e01-e52b6815944a,reestimation_v1,10,1,4.3891843076442285,4.520644770821553,1.4328591193395448,17.56892766994431,17.527839380137866,2.246195936652635,-3.967823757337525,-3.834970595531722,3.368420411593253,1.103044517884155,1.0993221392737529,0.299049283138806
a4530fb6-4c0a-45a0-b959-4deb4aa6f446,reestimation_v1,4,1,1.150149389861662,1.0813152492183007,1.5018289772648985,13.583778759715855,13.471193974645999,2.634861946423689,-4.648380718914315,-4.2460340377443675,3.197244691884419,1.135755747557251,1.1251991198992666,0.28342933893013106
87448d8a-3c7a-4cf7-8958-67c656aa4035,reestimation_v1,10,1,2.4665719339452514,2.3008713688673983,1.5183118220850653,20.931928633902718,20.831902771535823,2.155800567110489,-3.5696429068155755,-3.0164767350606785,3.1906163433663686,1.1507131308300498,1.149136671554349,0.2772566371455196
566e8f1e-4de6-4ace-9738-2d85fc080701,reestimation_v1,10,1,1.0365689459103384,1.0741059519539233,1.3540705597846978,0.8979947050110015,0.9975967692956291,1.7255613187196503,1.0883955306965731,0.9520201466990337,1.9227191807619541,1.1423148808884,1.1070887460046006,0.2681578348227514
189e5a6f-63a1-4c9b-b881-74d51400d588,reestimation_v1,10,1,2.292324498855245,2.083149677464454,1.4162356246535392,9.978646533131105,10.091719218347306,1.5121385871794386,-3.668432158918459,-3.7122624766342907,2.691278836680467,1.2080536075408084,1.2162773468670218,0.3058268370064335
51cc9f85-f9df-4d1e-8d7b-530fba58fbe9,reestimation_v1,11,1,-0.6633315412077078,-0.31568460976177704,1.5373454986725257,9.027420114799959,8.525823426810517,1.8093450079145095,-0.29362621068200995,-0.32925398271327233,2.0526899052138243,0.6815194087909524,0.6690175415666835,0.02511840459311744
223f51ec-3725-4cc7-9cd3-3eef91efa9fe,reestimation_v1,10,1,-3.680744384745885,-3.6295283856473954,1.6547201009700743,-5.765662264195293,-6.1318712794218095,1.8410225692750404,-1.0233590806100206,-1.045519367202763,1.9823633916680083,1.1731940184520246,1.236460108722408,0.27445212950713227
f5a28721-bc25-4a82-90ee-fc54f1c7a1cd,reestimation_v1,1,1,-1.2903570562756466,-1.233312734686113,1.557189218562395,5.10617170398345,5.167830953187996,4.858962859501787,-0.35607313925898837,-0.41679967738527024,5.099735433773591,1.1545620677054396,1.158674455045322,0.2866964868921513
960e74ac-0c32-4900-a42f-6f4e8c6a2832,reestimation_v1,10,1,-2.7034025334866723,-2.5681816434894844,1.303760373605615,2.2391282323848114,2.3123807137770633,1.3809340620855366,-1.0352916044516363,-1.1252942850030725,1.9046466024891662,1.1328037193044986,1.1494976577108371,0.2656333487091789
267ed9ad-7879-41a9-b86d-f0a3f20d0c57,reestimation_v1,10,1,1.5115009912295783,1.434130953456968,1.6351157625863808,14.783628485847252,14.63579847693578,1.9204724955880603,-0.20932890901871515,-0.4527380562683805,1.9786088195800775,0.9141834741217656,0.8669407417114816,0.20952255153551402
bca8c807-79f7-4d52-ba84-f29f9b0222c2,reestimation_v1,10,1,-3.1291732162209147,-3.0360391855409414,1.5544219163130624,2.843467077980626,3.001910238241213,1.6127749994741243,-1.0421966703982275,-0.922404095146798,1.9125434032706274,1.0992421909900292,1.0717585743233466,0.27440650626247604
